dataset,chars,words,sentences,emojis,emoticons,urls,emails,mentions,repeated_chars,teencode,english_tokens,phrase_hits
processed,321,56,2,0,0,0,0,0,0,1,2,0
processed,870,172,10,0,0,0,0,0,0,2,14,0
processed,691,144,6,0,0,0,0,0,0,1,10,0
processed,66,14,1,0,0,0,0,0,0,0,2,0
processed,306,63,8,0,0,0,0,0,0,2,4,1
processed,492,107,3,0,0,0,0,0,0,3,17,0
processed,347,59,4,0,0,0,0,0,0,1,3,0
processed,484,88,1,0,0,0,0,0,0,1,8,0
processed,1320,258,6,0,0,0,0,0,0,4,15,0
processed,504,115,7,0,0,0,0,0,0,4,6,0
processed,68,13,1,0,0,0,0,0,0,0,1,0
processed,358,78,8,0,0,0,0,0,0,1,6,1
processed,84,18,1,0,0,0,0,0,0,0,1,0
processed,523,92,1,0,0,0,0,0,0,1,11,0
processed,92,24,3,0,0,0,0,0,0,2,1,0
processed,48,7,1,0,0,0,0,0,0,0,0,0
processed,365,70,5,0,0,0,0,0,0,0,5,0
processed,98,22,1,0,0,0,0,0,0,0,2,0
processed,119,22,2,0,0,0,0,0,0,0,2,0
processed,226,47,2,0,0,0,0,0,0,1,7,0
processed,188,41,6,0,0,0,0,0,0,0,5,0
processed,404,81,6,0,0,0,0,0,0,0,4,1
processed,198,35,4,0,0,0,0,0,0,0,7,2
processed,323,70,8,0,0,0,0,0,0,2,9,0
processed,14,3,1,0,0,0,0,0,0,0,0,0
processed,180,42,1,0,0,0,0,0,0,2,6,0
processed,62,16,1,0,0,0,0,0,0,0,4,0
processed,59,11,1,0,0,0,0,0,0,0,2,0
processed,1189,248,21,0,0,0,0,0,0,1,20,1
processed,370,73,3,0,0,0,0,0,0,0,6,0
processed,536,112,2,0,0,0,0,0,0,0,6,0
processed,793,141,4,0,0,0,0,0,0,2,8,0
processed,34,7,1,0,0,0,0,0,0,0,1,0
processed,256,59,3,0,0,0,0,0,0,1,4,0
processed,360,68,6,0,0,0,0,0,0,1,9,0
processed,57,12,1,0,0,0,0,0,0,0,2,0
processed,151,35,2,1,0,0,0,0,0,0,4,0
processed,399,78,4,0,0,0,0,0,0,0,6,0
processed,547,102,6,0,0,0,0,0,0,0,5,0
processed,189,35,1,0,0,0,0,0,0,0,5,0
processed,102,20,1,0,0,0,0,0,0,0,4,0
processed,247,54,7,0,0,0,0,0,0,0,4,1
processed,430,82,3,0,0,0,0,0,0,0,3,0
processed,203,49,3,0,0,0,0,0,0,0,1,0
processed,257,46,3,0,0,0,0,0,0,0,2,0
processed,554,128,13,0,0,0,0,0,0,3,13,0
processed,148,23,1,0,0,0,0,0,0,0,1,0
processed,442,78,6,0,0,0,0,0,0,0,5,1
processed,426,94,4,0,0,0,0,0,0,3,9,0
processed,112,21,1,0,0,0,0,0,0,1,0,0
processed,487,106,8,0,0,0,0,0,0,3,9,0
processed,962,189,16,4,0,0,0,0,0,2,13,1
processed,208,46,2,0,0,0,0,0,0,0,1,0
processed,883,182,9,0,0,0,0,0,0,1,15,1
processed,87,17,2,0,0,0,0,0,0,0,1,0
processed,123,29,1,0,0,0,0,0,0,0,0,0
processed,188,39,6,0,0,0,0,0,0,0,2,0
processed,79,15,2,0,0,0,0,0,0,0,3,0
processed,7,2,1,0,0,0,0,0,0,0,0,0
processed,54,11,1,0,0,0,0,0,0,0,1,0
processed,129,28,1,0,0,0,0,0,0,0,4,0
processed,224,37,1,0,0,0,0,0,0,0,4,0
processed,514,105,5,0,0,0,0,0,0,1,6,0
processed,277,56,7,0,0,0,0,0,0,1,4,0
processed,45,9,2,0,0,0,0,0,0,0,0,0
processed,647,136,8,0,0,0,0,0,0,0,10,0
processed,603,120,5,0,0,0,0,0,0,3,7,0
processed,269,50,4,0,0,0,0,0,0,0,2,0
processed,1507,299,20,0,0,0,0,0,1,0,21,0
processed,901,190,13,0,0,0,0,0,0,2,20,0
processed,223,49,4,0,0,0,0,0,0,1,4,0
processed,514,100,11,0,0,0,0,0,0,1,6,0
processed,123,25,2,0,0,0,0,0,0,0,1,0
processed,163,34,3,0,0,0,0,0,0,1,4,0
processed,1622,333,13,0,0,0,0,0,0,2,19,0
processed,99,22,3,0,0,0,0,0,0,0,0,0
processed,154,31,1,0,0,0,0,0,0,0,2,0
processed,251,52,3,0,0,0,0,0,0,0,3,0
processed,956,216,15,0,0,0,0,0,0,3,22,0
processed,1324,262,17,0,0,0,0,0,0,1,21,0
processed,97,19,1,0,0,0,0,0,0,0,2,0
processed,414,74,4,0,0,0,0,0,0,3,5,0
processed,764,131,2,0,0,0,0,0,1,1,14,0
processed,60,13,1,0,0,0,0,0,0,0,1,0
processed,625,132,7,1,0,0,0,0,0,0,12,0
processed,188,36,1,0,0,0,0,0,0,0,5,0
processed,732,151,11,0,0,0,0,0,0,2,10,0
processed,447,94,1,0,0,0,0,0,0,2,5,0
processed,180,42,1,0,0,0,0,0,0,0,4,0
processed,330,62,4,0,0,0,0,0,0,1,4,0
processed,532,110,8,0,0,0,0,0,0,0,5,0
processed,193,39,2,0,0,0,0,0,0,0,3,0
processed,305,54,5,0,0,0,0,0,0,0,1,0
processed,452,88,6,0,0,0,0,0,0,1,3,0
processed,4,1,1,0,0,0,0,0,0,0,1,0
processed,1427,313,21,0,0,0,0,0,0,2,17,0
processed,1660,346,11,2,0,0,0,0,0,1,26,0
processed,293,52,1,0,0,0,0,0,0,0,6,0
processed,229,44,3,0,0,0,0,0,0,0,1,0
processed,499,102,3,0,0,0,0,0,0,0,8,0
processed,317,60,6,0,0,0,0,0,0,0,2,0
processed,159,30,1,0,0,0,0,0,0,2,4,0
processed,83,12,1,0,0,0,0,0,0,0,0,0
processed,75,13,1,0,0,0,0,0,0,0,0,0
processed,249,49,1,0,0,0,0,0,0,0,9,1
processed,962,197,8,0,0,0,0,0,0,4,20,1
processed,467,107,5,0,0,0,0,0,0,2,8,0
processed,478,98,7,0,0,0,0,0,0,2,6,0
processed,502,102,5,0,0,0,0,0,0,3,14,0
processed,406,84,6,0,0,0,0,0,0,0,4,0
processed,530,113,5,0,0,0,0,0,0,2,5,0
processed,716,158,8,0,0,0,0,0,0,1,14,0
processed,371,67,6,0,0,0,0,0,0,0,2,0
processed,519,115,7,0,0,0,0,0,0,2,14,0
processed,473,87,3,0,0,0,0,0,0,0,10,0
processed,516,105,4,3,0,0,0,0,0,0,6,0
processed,493,106,11,0,0,0,0,0,0,0,8,0
processed,607,123,10,0,0,0,0,0,0,0,10,0
processed,161,31,1,0,0,0,0,0,0,0,5,0
processed,73,15,2,0,0,0,0,0,0,0,0,0
processed,55,12,1,0,0,0,0,0,0,0,3,0
processed,305,57,5,0,0,0,0,0,0,1,6,0
processed,428,88,5,0,0,0,0,0,0,4,6,0
processed,655,122,5,0,0,0,0,0,0,0,5,0
processed,295,62,7,0,0,0,0,0,0,1,6,0
processed,192,46,2,0,0,0,0,0,0,0,3,0
processed,485,89,6,0,0,0,0,0,0,2,4,0
processed,2040,439,20,0,0,0,0,0,0,0,29,0
processed,443,77,8,0,0,0,0,0,0,0,3,0
processed,204,49,3,0,0,0,0,0,0,4,6,0
processed,466,98,14,0,0,0,0,0,0,1,12,0
processed,230,47,3,0,0,0,0,0,0,0,2,0
processed,373,76,9,0,0,0,0,0,0,0,8,1
processed,786,174,8,0,0,0,0,0,0,1,11,0
processed,488,102,12,0,0,0,0,0,0,4,19,0
processed,826,157,4,6,0,0,0,0,0,1,4,0
processed,506,98,1,0,0,0,0,0,0,1,8,0
processed,117,24,3,0,0,0,0,0,0,1,0,0
processed,271,52,3,0,0,0,0,0,0,1,3,0
processed,649,117,3,0,0,0,0,0,0,1,10,0
processed,260,50,3,0,0,0,0,0,0,1,8,0
processed,189,41,3,0,0,0,0,0,0,2,2,0
processed,8,2,1,0,0,0,0,0,0,0,1,0
processed,503,99,7,0,0,0,0,0,0,0,7,0
processed,190,38,1,0,0,0,0,0,0,0,2,0
processed,521,103,14,0,0,0,0,0,0,1,6,0
processed,319,57,3,0,0,0,0,0,0,0,4,0
processed,253,46,3,0,0,0,0,0,0,0,3,0
processed,268,56,7,0,0,0,0,0,0,2,1,0
processed,210,41,4,0,0,0,0,0,0,1,4,0
processed,901,168,11,0,0,0,0,0,0,0,9,0
processed,282,51,5,0,0,0,0,0,0,0,3,0
processed,194,30,1,0,0,0,0,0,0,1,4,0
processed,63,12,1,0,0,0,0,0,0,0,1,0
processed,193,40,1,0,0,0,0,0,0,0,3,0
processed,38,8,1,0,0,0,0,0,0,0,3,0
processed,566,113,3,0,0,0,0,0,0,0,11,0
processed,233,35,1,0,0,0,0,0,0,0,3,0
processed,100,19,1,0,0,0,0,0,0,0,3,0
processed,1227,256,9,0,0,0,0,0,0,1,9,0
processed,352,65,3,0,0,0,0,0,0,0,4,0
processed,281,58,4,0,0,0,0,0,0,2,3,0
processed,149,30,3,0,0,0,0,0,0,0,2,0
processed,319,70,3,0,0,0,0,0,0,1,4,0
processed,302,65,5,0,0,0,0,0,0,0,5,0
processed,35,9,1,0,0,0,0,0,0,0,1,0
processed,422,82,10,0,0,0,0,0,0,0,8,0
processed,160,32,2,0,0,0,0,0,0,0,2,0
processed,104,20,1,0,0,0,0,0,0,0,1,0
processed,566,124,9,0,0,0,0,0,0,0,5,0
processed,88,19,1,0,0,0,0,0,0,0,2,0
processed,346,64,1,0,0,0,0,0,1,0,4,0
processed,276,54,6,0,0,0,0,0,0,1,5,0
processed,1945,389,17,0,0,0,0,0,0,0,27,0
processed,642,136,5,0,0,0,0,0,0,0,12,0
processed,494,101,4,0,0,0,0,0,0,3,5,0
processed,276,60,9,0,0,0,0,0,0,0,8,0
processed,352,68,2,1,0,0,0,0,0,2,3,0
processed,147,28,2,0,0,0,0,0,0,0,2,0
processed,90,21,3,0,0,0,0,0,0,0,2,0
processed,1207,254,15,0,0,0,0,0,0,4,24,0
processed,458,95,5,0,0,0,0,0,0,1,7,0
processed,144,28,3,0,0,0,0,0,0,0,2,0
processed,282,52,4,0,0,0,0,0,0,0,4,0
processed,205,45,3,0,0,0,0,0,0,0,5,0
processed,368,75,6,0,0,0,0,0,0,0,8,0
processed,168,31,2,0,0,0,0,0,0,0,6,0
processed,574,120,6,0,0,0,0,0,0,0,9,0
processed,265,58,4,0,0,0,0,0,0,1,3,0
processed,101,18,1,0,0,0,0,0,0,0,1,0
processed,487,102,6,0,0,0,0,0,0,2,8,0
processed,233,43,5,0,0,0,0,0,0,0,5,0
processed,756,147,7,0,0,0,0,0,0,1,11,0
processed,683,148,11,0,0,0,0,0,0,1,11,0
processed,303,52,3,0,0,0,0,0,0,1,3,0
processed,524,104,7,0,0,0,0,0,0,1,2,0
processed,296,57,5,0,0,0,0,0,0,0,3,0
processed,645,132,7,0,0,0,0,0,0,3,12,0
processed,134,21,2,0,0,0,0,0,0,0,0,0
processed,47,12,1,0,0,0,0,0,0,0,0,0
processed,199,43,4,0,0,0,0,0,0,0,4,0
processed,819,168,7,0,0,0,0,0,0,1,8,0
processed,222,39,4,0,0,0,0,0,0,0,2,0
processed,185,40,1,0,0,0,0,0,0,1,4,0
processed,33,4,1,0,0,0,0,0,0,0,0,1
processed,987,205,8,0,0,0,0,0,0,1,24,0
processed,573,121,12,0,0,0,0,0,0,0,12,0
processed,1420,224,18,0,0,0,0,0,2,1,19,0
processed,149,34,1,0,0,0,0,0,0,0,2,0
processed,262,44,3,0,0,0,0,0,0,0,3,0
processed,516,108,7,0,0,0,0,0,0,0,12,0
processed,391,81,6,0,0,0,0,0,0,0,7,0
processed,664,138,5,0,0,0,0,0,0,3,9,2
processed,174,40,4,0,0,0,0,0,0,0,9,0
processed,157,32,3,0,0,0,0,0,0,1,6,0
processed,34,9,2,0,0,0,0,0,0,0,1,0
processed,1222,238,11,0,0,0,0,0,0,2,14,0
processed,804,137,6,0,0,0,0,0,0,0,12,1
processed,484,106,5,0,0,0,0,0,0,1,6,0
processed,148,33,1,0,0,0,0,0,0,1,1,0
processed,298,55,1,0,0,0,0,0,0,0,7,0
processed,520,99,6,0,0,0,0,0,0,0,6,0
processed,106,21,1,0,0,0,0,0,0,0,0,0
processed,1765,366,13,0,0,0,0,0,0,0,30,0
processed,502,98,4,0,0,0,0,0,0,0,9,0
processed,818,164,15,0,0,0,0,0,0,1,7,0
processed,428,73,3,0,0,0,0,0,0,0,6,0
processed,574,113,12,0,0,0,0,0,0,0,9,0
processed,407,80,6,1,0,0,0,0,0,0,7,0
processed,515,108,4,0,0,0,0,0,0,1,9,0
processed,461,98,4,0,0,0,0,0,0,1,9,0
processed,1378,284,11,0,0,0,0,0,0,7,20,0
processed,132,31,1,0,0,0,0,0,0,1,3,0
processed,4,1,1,0,0,0,0,0,0,0,0,0
processed,207,47,3,0,0,0,0,0,0,1,2,0
processed,193,42,4,0,0,0,0,0,0,1,2,0
processed,275,54,4,0,0,0,0,0,0,1,2,0
processed,76,19,2,0,0,0,0,0,0,0,3,0
processed,290,63,5,0,0,0,0,0,0,0,3,0
processed,407,65,1,0,0,0,0,0,0,0,6,0
processed,610,121,16,0,0,0,0,0,0,0,17,0
processed,210,42,2,0,0,0,0,0,0,0,2,0
processed,425,83,5,0,0,0,0,0,0,1,4,1
processed,274,49,3,0,0,0,0,0,0,0,5,0
processed,442,98,9,0,0,0,0,0,0,0,6,0
processed,81,13,2,0,0,0,0,0,0,0,0,0
processed,437,84,9,0,0,0,0,0,0,0,7,0
processed,79,13,2,0,0,0,0,0,0,0,0,0
processed,748,160,6,1,0,0,0,0,0,5,14,0
processed,490,99,5,0,0,0,0,0,0,0,6,0
processed,1936,392,30,0,0,0,0,0,0,0,33,0
processed,28,6,1,0,0,0,0,0,0,0,1,0
processed,539,128,5,0,0,0,0,0,0,7,12,0
processed,29,5,1,0,0,0,0,0,0,0,0,0
processed,104,17,1,0,0,0,0,0,0,0,2,1
processed,112,23,3,0,0,0,0,0,0,0,2,0
processed,259,47,3,0,0,0,0,0,0,0,3,0
processed,180,36,2,1,0,0,0,0,0,0,6,0
processed,117,27,3,0,0,0,0,0,0,0,1,0
processed,177,34,1,0,0,0,0,0,0,0,3,0
processed,831,162,7,0,0,0,0,0,0,2,11,0
processed,162,18,1,3,0,0,0,0,0,0,2,0
processed,157,25,3,0,0,0,0,0,0,0,1,0
processed,292,54,2,0,0,0,0,0,0,0,4,0
processed,141,28,5,0,0,0,0,0,0,1,2,0
processed,1202,241,23,0,0,0,0,0,0,4,10,1
processed,560,117,1,0,0,0,0,0,0,0,13,0
processed,490,92,7,0,0,0,0,0,0,1,8,3
processed,543,125,10,0,0,0,0,0,0,0,9,0
processed,923,189,9,0,0,0,0,0,0,1,14,0
processed,572,112,6,2,0,0,0,0,0,1,8,1
processed,90,12,1,0,0,0,0,0,0,0,0,0
processed,311,66,3,0,0,0,0,0,0,0,5,0
processed,132,26,2,0,0,0,0,0,0,1,1,0
processed,779,167,6,0,0,0,0,0,0,4,11,0
processed,617,126,12,0,0,0,0,0,0,1,8,0
processed,220,46,4,0,0,0,0,0,0,0,0,0
processed,450,89,10,0,0,0,0,0,0,0,11,0
processed,196,41,4,0,0,0,0,0,0,0,4,0
processed,3215,614,4,1,0,0,0,0,0,5,51,1
processed,371,72,2,0,0,0,0,0,0,0,5,0
processed,330,61,1,0,0,0,0,0,0,1,7,0
processed,517,101,8,0,0,0,0,0,0,0,14,0
processed,24,6,1,0,0,0,0,0,0,1,0,0
processed,518,101,3,0,0,0,0,0,0,0,8,0
processed,145,24,2,0,0,0,0,0,0,0,0,0
processed,1175,195,7,0,0,0,0,0,0,3,11,0
processed,177,31,3,0,0,0,0,0,0,1,1,0
processed,110,22,2,0,0,0,0,0,0,0,4,0
processed,334,57,4,0,0,0,0,0,0,0,5,0
processed,237,43,1,0,0,0,0,0,0,0,3,0
processed,791,177,9,0,0,0,0,0,0,1,9,0
processed,146,24,1,0,0,0,0,0,0,0,0,2
processed,34,6,2,0,0,0,0,0,0,0,0,0
processed,128,26,1,0,0,0,0,0,0,0,2,0
processed,285,56,7,0,0,0,0,0,0,0,3,0
processed,185,37,1,0,0,0,0,0,0,0,6,0
processed,471,104,4,0,0,0,0,0,0,4,10,0
processed,58,11,2,0,0,0,0,0,0,0,0,0
processed,389,86,6,0,0,0,0,0,0,1,4,0
processed,320,71,9,0,0,0,0,0,0,1,4,0
processed,327,73,7,0,0,0,0,0,0,2,1,0
processed,83,15,1,0,0,0,0,0,0,0,0,0
processed,916,175,6,0,0,0,0,0,0,0,15,1
processed,451,88,5,0,0,0,0,0,0,0,7,0
processed,1883,388,16,0,0,0,0,0,0,4,24,0
processed,327,73,6,0,0,0,0,0,0,1,7,0
processed,24,8,2,0,0,0,0,0,0,1,2,0
processed,724,134,1,1,0,0,0,0,0,0,15,0
processed,150,32,6,0,0,0,0,0,0,1,2,0
processed,135,22,1,0,0,0,0,0,0,0,1,2
processed,1305,276,16,0,0,0,0,0,0,0,27,0
processed,252,53,7,0,0,0,0,0,0,0,5,0
processed,1425,291,6,0,0,0,0,0,0,3,24,0
processed,545,105,4,0,0,0,0,0,0,1,10,0
processed,499,99,7,0,0,0,0,0,0,1,8,0
processed,868,170,10,4,0,0,0,0,0,1,18,0
processed,803,203,6,0,0,0,0,0,0,3,23,0
processed,93,22,2,0,0,0,0,0,0,1,1,0
processed,143,30,1,0,0,0,0,0,0,0,5,0
processed,101,23,2,0,0,0,0,0,0,1,0,0
processed,998,205,10,0,0,0,0,0,0,0,21,0
processed,758,147,6,0,0,0,0,0,0,1,6,0
processed,313,61,8,0,0,0,0,0,0,0,9,0
processed,572,108,9,0,0,0,0,0,0,0,4,0
processed,202,35,1,0,0,0,0,0,1,0,2,0
processed,151,34,2,0,0,0,0,0,0,0,1,0
processed,548,116,7,0,0,0,0,0,0,2,4,0
processed,225,43,3,0,0,0,0,0,0,1,6,0
processed,125,25,2,0,0,0,0,0,0,0,1,0
processed,361,67,4,0,0,0,0,0,0,0,5,0
processed,83,10,1,0,0,0,0,0,0,0,0,0
processed,81,16,1,1,0,0,0,0,0,1,1,0
processed,658,146,4,0,0,0,0,0,0,0,7,0
processed,217,44,5,0,0,0,0,0,0,1,3,0
processed,589,114,3,0,0,0,0,0,0,0,11,0
processed,143,23,3,0,0,0,0,0,0,0,0,0
processed,766,152,16,0,0,0,0,0,0,1,7,0
processed,749,151,8,0,0,0,0,0,0,1,12,0
processed,234,44,6,0,0,0,0,0,0,0,3,0
processed,103,21,1,0,0,0,0,0,0,0,4,0
processed,206,43,3,0,0,0,0,0,0,0,4,1
processed,15,3,1,0,0,0,0,0,0,0,0,0
processed,527,106,4,0,0,0,0,0,0,0,7,0
processed,265,48,4,0,0,0,0,0,0,0,4,0
processed,544,111,13,0,0,0,0,0,0,0,8,0
processed,102,23,1,0,0,0,0,0,0,0,6,0
processed,429,81,5,0,0,0,0,0,0,0,6,0
processed,14,3,1,0,0,0,0,0,0,0,0,0
processed,929,172,7,0,0,0,0,0,0,0,13,0
processed,122,20,1,0,0,0,0,0,0,0,0,0
processed,2255,457,13,0,0,0,0,0,0,6,17,0
processed,92,20,1,0,0,0,0,0,0,0,0,0
processed,364,74,1,1,0,0,0,0,0,1,6,0
processed,206,36,3,0,0,0,0,0,0,0,2,0
processed,65,10,1,0,0,0,0,0,0,0,1,0
processed,122,31,3,0,0,0,0,0,0,1,2,0
processed,7,2,1,0,0,0,0,0,0,0,1,0
processed,36,6,1,0,0,0,0,0,0,0,1,0
processed,447,100,8,0,0,0,0,0,0,0,12,0
processed,182,35,2,0,0,0,0,0,0,1,2,0
processed,718,138,7,0,0,0,0,0,0,0,10,0
processed,155,26,3,0,0,0,0,0,0,0,3,0
processed,271,48,3,0,0,0,0,0,0,0,3,0
processed,4460,914,40,0,0,0,0,0,0,1,85,1
processed,59,14,3,1,0,0,0,0,0,0,0,0
processed,337,75,7,0,0,0,0,0,0,1,9,0
processed,51,12,1,0,0,0,0,0,0,0,0,0
processed,439,98,5,0,0,0,0,0,0,3,5,1
processed,647,137,7,0,0,0,0,0,0,2,11,0
processed,45,8,2,0,0,0,0,0,0,0,0,0
processed,140,32,2,0,0,0,0,0,0,0,3,0
processed,463,82,6,0,0,0,0,0,0,3,9,1
processed,2077,413,26,0,0,0,0,0,0,3,30,0
processed,97,17,3,0,0,0,0,0,0,0,1,0
processed,110,19,3,0,0,0,0,0,0,0,0,0
processed,101,23,2,0,0,0,0,0,0,0,2,0
processed,66,14,2,0,0,0,0,0,0,0,4,0
processed,401,80,1,0,0,0,0,0,0,0,7,0
processed,183,43,1,0,0,0,0,0,0,1,4,0
processed,344,76,5,0,0,0,0,0,0,1,6,0
processed,617,128,9,4,0,0,0,0,0,2,8,0
processed,284,52,1,0,0,0,0,0,0,0,3,0
processed,106,23,3,0,0,0,0,0,0,0,1,0
processed,398,74,1,0,0,0,0,0,0,0,5,0
processed,438,86,2,0,0,0,0,0,0,2,9,0
processed,296,57,4,0,0,0,0,0,0,0,6,0
processed,1139,234,15,0,0,0,0,0,0,1,15,0
processed,284,54,4,0,0,0,0,0,0,0,4,0
processed,714,152,7,0,0,0,0,0,0,3,16,0
processed,1532,284,13,1,0,0,0,0,0,2,10,0
processed,686,153,8,0,0,0,0,0,0,1,15,0
processed,329,64,6,0,0,0,0,0,0,0,3,0
processed,182,32,2,0,0,0,0,0,0,0,2,0
processed,462,97,8,0,0,0,0,0,0,0,5,0
processed,333,62,6,0,0,0,0,0,0,0,0,0
processed,187,34,3,0,0,0,0,0,0,0,4,0
processed,151,39,9,0,0,0,0,0,2,0,2,0
processed,82,16,6,0,0,0,0,0,0,0,3,0
processed,242,45,3,0,0,0,0,0,0,0,4,0
processed,137,23,5,0,0,0,0,0,0,0,4,0
processed,258,55,2,0,0,0,0,0,0,0,9,0
processed,311,51,6,0,0,0,0,0,0,0,5,0
processed,195,39,2,0,0,0,0,0,0,0,5,0
processed,254,61,2,0,0,0,0,0,0,0,0,0
processed,729,141,7,0,0,0,0,0,0,0,8,0
processed,438,97,11,0,0,0,0,0,0,2,11,0
processed,552,100,9,4,0,0,0,0,0,0,6,0
processed,392,82,3,0,0,0,0,0,0,1,3,0
processed,573,122,6,0,0,0,0,0,0,0,8,0
processed,244,49,5,0,0,0,0,0,0,1,4,0
processed,96,18,4,0,0,0,0,0,0,1,1,0
processed,500,102,7,0,0,0,0,0,0,0,4,0
processed,343,62,7,0,0,0,0,0,0,0,10,0
processed,430,75,6,0,0,0,0,0,0,1,4,0
processed,619,135,12,0,0,0,0,0,0,1,8,0
processed,126,25,3,0,0,0,0,0,0,0,4,0
processed,731,137,7,0,0,0,0,0,0,0,11,0
processed,366,70,4,0,0,0,0,0,0,0,7,0
processed,612,128,8,0,0,0,0,0,0,3,10,1
processed,185,41,3,0,0,0,0,0,0,1,4,0
processed,282,54,2,0,0,0,0,0,0,0,6,0
processed,237,49,3,0,0,0,0,0,0,0,5,0
processed,142,25,2,0,0,0,0,0,0,0,1,0
processed,340,66,5,0,0,0,0,0,0,0,11,0
processed,119,24,1,0,0,0,0,0,0,0,0,0
processed,304,65,5,0,0,0,0,0,0,1,8,0
processed,869,159,3,0,0,0,0,0,0,0,15,0
processed,826,153,15,0,0,0,0,0,0,0,9,0
processed,117,19,3,0,0,0,0,0,0,0,2,0
processed,539,108,8,0,0,0,0,0,0,0,7,0
processed,495,110,8,3,0,0,0,0,0,0,8,0
processed,581,119,7,0,0,0,0,0,0,2,12,0
processed,411,87,4,0,0,0,0,0,0,0,7,0
processed,560,109,6,0,0,0,0,0,0,1,4,0
processed,882,158,2,1,0,0,0,0,0,1,10,0
processed,516,118,11,0,0,0,0,0,0,0,9,0
processed,336,55,1,0,0,0,0,0,0,0,8,1
processed,502,94,4,0,0,0,0,0,0,3,8,0
processed,611,119,5,0,0,0,0,0,0,1,7,0
processed,197,42,2,0,0,0,0,0,0,1,1,0
processed,943,190,13,0,0,0,0,0,0,4,18,0
processed,46,9,1,0,0,0,0,0,0,0,1,0
processed,1306,291,16,0,0,0,0,0,0,0,31,0
processed,22,4,1,0,0,0,0,0,0,0,0,0
processed,333,76,1,0,0,0,0,0,0,2,6,0
processed,349,74,1,0,0,0,0,0,0,0,9,0
processed,472,88,8,0,0,0,0,0,0,0,6,0
processed,42,8,1,0,0,0,0,0,0,0,1,0
processed,97,20,1,0,0,0,0,0,0,0,1,0
processed,399,90,7,0,0,0,0,0,0,1,6,0
processed,819,156,2,0,0,0,0,0,0,1,17,0
processed,507,106,11,0,0,0,0,0,0,1,10,0
processed,246,55,3,0,0,0,0,0,0,0,3,0
processed,132,24,2,0,0,0,0,0,0,0,0,0
processed,935,183,14,0,0,0,0,0,0,1,89,0
processed,11,3,1,0,0,0,0,0,0,0,1,0
processed,248,53,4,0,0,0,0,0,0,0,3,0
processed,245,44,4,0,0,0,0,0,0,1,6,0
processed,451,90,3,0,0,0,0,0,0,1,7,0
processed,959,194,10,0,0,0,0,0,0,1,14,0
processed,755,129,2,0,0,0,0,0,0,1,9,0
processed,183,40,1,0,0,0,0,0,0,0,6,0
processed,330,63,1,0,0,0,0,0,0,0,5,0
processed,227,60,2,0,0,0,0,0,0,0,4,0
processed,528,101,6,0,0,0,0,0,0,0,8,0
processed,384,81,8,0,0,0,0,0,0,0,4,0
processed,219,47,4,0,0,0,0,0,0,2,1,0
processed,154,36,5,0,0,0,0,0,0,0,3,0
processed,296,52,3,0,0,0,0,0,0,0,3,0
processed,5,1,1,0,0,0,0,0,0,0,0,0
processed,235,48,5,0,0,0,0,0,0,0,3,2
processed,148,28,4,0,0,0,0,0,0,0,4,0
processed,501,96,5,0,0,0,0,0,0,0,13,0
processed,186,33,4,0,0,0,0,0,0,0,3,0
processed,40,7,1,0,0,0,0,0,0,0,0,0
processed,9,2,1,0,0,0,0,0,0,0,1,0
processed,851,161,2,0,0,0,0,0,0,0,14,0
processed,317,61,2,0,0,0,0,0,0,0,5,0
processed,475,95,5,0,0,0,0,0,0,0,10,0
processed,1157,249,20,0,0,0,0,0,0,1,18,0
processed,350,73,7,0,0,0,0,0,0,1,8,0
processed,191,43,4,0,0,0,0,0,0,0,4,0
processed,733,146,16,0,0,0,0,0,0,3,14,0
processed,220,50,6,0,0,0,0,0,0,1,3,0
processed,160,31,1,0,0,0,0,0,0,0,6,0
processed,40,7,1,0,0,0,0,0,0,0,0,0
processed,104,24,1,0,0,0,0,0,0,0,2,0
processed,30,6,1,0,0,0,0,0,0,0,0,0
processed,483,98,3,0,0,0,0,0,0,1,10,0
processed,229,45,5,0,0,0,0,0,0,0,2,0
processed,80,17,1,0,0,0,0,0,0,0,2,0
processed,563,106,5,0,0,0,0,0,0,0,5,0
processed,519,105,9,0,0,0,0,0,0,1,4,0
processed,426,82,4,0,0,0,0,0,0,2,5,1
processed,292,61,4,0,0,0,0,0,0,0,2,0
processed,107,18,2,0,0,0,0,0,0,0,2,0
processed,477,105,6,0,0,0,0,0,0,0,12,0
processed,616,145,9,0,0,0,0,0,0,4,15,0
processed,57,11,1,0,0,0,0,0,0,0,0,0
processed,201,43,2,0,0,0,0,0,0,1,5,1
processed,1173,234,6,0,0,0,0,0,0,3,18,1
processed,479,89,1,0,0,0,0,0,0,1,3,0
processed,145,22,2,0,0,0,0,0,0,0,1,0
processed,138,28,2,0,0,0,0,0,0,0,2,0
processed,368,81,10,0,0,0,0,0,0,1,6,0
processed,302,59,6,0,0,0,0,0,0,0,2,0
processed,340,71,5,0,0,0,0,0,0,1,6,0
processed,288,60,3,0,0,0,0,0,0,0,4,0
processed,166,35,6,0,0,0,0,0,0,1,4,0
processed,314,66,6,0,0,0,0,0,0,0,3,0
processed,345,68,5,0,0,0,0,0,0,2,4,1
processed,177,39,1,0,0,0,0,0,0,0,3,0
processed,786,152,10,0,0,0,0,0,0,0,9,0
processed,535,103,6,0,0,0,0,0,0,1,8,0
processed,397,85,8,0,0,0,0,0,0,2,10,0
processed,458,105,1,0,0,0,0,0,0,1,7,0
processed,503,101,12,0,0,0,0,0,0,2,5,0
processed,133,29,3,0,0,0,0,0,0,0,3,0
processed,453,92,5,0,0,0,0,0,0,0,3,0
processed,511,108,7,0,0,0,0,0,0,1,9,0
processed,447,89,8,0,0,0,0,0,0,0,6,0
processed,353,71,20,0,0,0,0,0,0,0,8,0
processed,541,103,5,0,0,0,0,0,0,1,3,0
processed,653,123,7,0,0,0,0,0,0,1,8,0
processed,356,68,3,0,0,0,0,0,0,0,5,0
processed,149,25,1,0,0,0,0,0,0,0,2,0
processed,125,21,1,0,0,0,0,0,0,0,2,0
processed,817,157,9,0,0,0,0,0,0,1,10,0
processed,1190,241,18,0,0,0,0,0,0,3,14,0
processed,15,4,1,0,0,0,0,0,0,0,0,0
processed,311,63,5,0,0,0,0,0,0,2,0,0
processed,333,67,4,0,0,0,0,0,0,0,5,0
processed,142,25,2,0,0,0,0,0,0,0,3,0
processed,1123,223,11,2,0,0,0,0,0,4,17,0
processed,86,13,2,0,0,0,0,0,0,0,1,0
processed,454,90,8,0,0,0,0,0,0,2,4,0
processed,633,121,5,0,0,0,0,0,0,2,4,0
processed,567,104,5,0,0,0,0,0,0,1,9,0
processed,140,26,3,0,0,0,0,0,0,0,2,0
processed,152,25,2,0,0,0,0,0,0,1,4,0
processed,516,115,5,0,0,0,0,0,0,3,8,0
processed,479,102,5,0,0,0,0,0,0,0,9,0
processed,56,9,2,0,0,0,0,0,0,0,0,0
processed,303,57,5,0,0,0,0,0,0,0,2,1
processed,415,85,6,0,0,0,0,0,0,1,8,0
processed,1027,201,13,4,0,0,0,0,0,4,20,0
processed,192,34,2,0,0,0,0,0,0,0,2,0
processed,111,22,2,0,0,0,0,0,0,0,2,0
processed,205,45,5,0,0,0,0,0,0,0,5,0
processed,223,43,2,0,0,0,0,0,0,0,5,0
processed,120,26,1,0,0,0,0,0,0,0,2,0
processed,706,138,11,0,0,0,0,0,0,0,7,0
processed,539,127,6,0,0,0,0,0,0,1,9,0
processed,191,40,2,0,0,0,0,0,0,0,3,0
processed,307,54,2,0,0,0,0,0,0,0,5,0
processed,503,102,4,0,0,0,0,0,0,0,8,0
processed,205,50,3,0,0,0,0,0,0,1,3,0
processed,213,41,1,0,0,0,0,0,0,1,3,0
processed,109,21,3,0,0,0,0,0,0,0,3,0
processed,1007,212,16,0,0,0,0,0,0,3,19,0
processed,176,38,6,0,0,0,0,0,0,0,5,0
processed,475,106,9,0,0,0,0,0,0,3,13,0
processed,214,43,1,0,0,0,0,0,0,0,5,0
processed,683,155,5,1,0,0,0,0,0,2,8,0
processed,259,59,4,0,0,0,0,0,0,1,4,0
processed,282,66,4,0,0,0,0,0,0,3,8,0
processed,170,36,2,0,0,0,0,0,0,0,1,0
processed,574,109,7,0,0,0,0,0,0,0,6,0
processed,1092,215,13,2,0,0,0,0,0,1,17,2
processed,764,163,13,0,0,0,0,0,1,0,10,0
processed,194,38,1,0,0,0,0,0,0,0,4,0
processed,103,17,2,0,0,0,0,0,0,0,0,0
processed,87,22,1,0,0,0,0,0,0,1,3,0
processed,847,167,10,0,0,0,0,0,0,0,18,1
processed,73,14,2,0,0,0,0,0,0,0,0,0
processed,656,147,7,0,0,0,0,0,0,1,16,0
processed,357,79,5,0,0,0,0,0,0,2,10,0
processed,290,66,6,0,0,0,0,0,0,1,5,0
processed,151,29,3,0,0,0,0,0,0,0,7,0
processed,167,38,3,0,0,0,0,0,0,0,5,0
processed,73,13,1,0,0,0,0,0,0,0,1,0
processed,1772,340,20,0,0,0,0,0,2,0,22,0
processed,484,95,5,0,0,0,0,0,0,0,8,0
processed,543,97,7,0,0,0,0,0,0,0,7,0
processed,206,42,3,0,0,0,0,0,0,0,4,0
processed,1191,254,13,0,0,0,0,0,1,1,30,0
processed,60,12,1,0,0,0,0,0,0,0,2,0
processed,483,85,1,0,0,0,0,0,0,0,6,0
processed,258,44,2,0,0,0,0,0,0,0,3,0
processed,42,8,1,0,0,0,0,0,0,0,0,0
processed,215,45,2,0,0,0,0,0,0,0,2,0
processed,382,88,7,0,0,0,0,0,0,1,7,0
processed,145,30,2,0,0,0,0,0,0,0,2,0
processed,494,92,8,0,0,0,0,0,0,2,5,0
processed,84,11,3,0,0,0,0,0,0,0,1,0
processed,436,89,7,0,0,0,0,0,0,2,1,0
processed,1026,178,8,0,0,0,0,0,0,0,23,0
processed,209,35,2,0,0,0,0,0,0,0,1,0
processed,16,2,1,0,0,0,0,0,0,0,1,0
processed,69,16,2,0,0,0,0,0,0,0,0,0
processed,638,139,4,0,0,0,0,0,0,5,9,0
processed,105,24,1,0,0,0,0,0,0,0,4,0
processed,448,94,8,0,0,0,0,0,0,1,11,0
processed,377,66,3,0,0,0,0,0,0,1,6,0
processed,331,61,6,0,0,0,0,0,0,2,5,0
processed,395,66,1,0,0,0,0,0,0,1,10,0
processed,436,94,5,0,0,0,0,0,0,0,14,0
processed,254,55,4,0,0,0,0,0,0,0,4,0
processed,638,140,7,0,0,0,0,0,0,1,14,0
processed,620,121,10,0,0,0,0,0,0,2,8,0
processed,239,47,4,0,0,0,0,0,0,1,4,0
processed,128,24,1,0,0,0,0,0,0,0,3,0
processed,2,1,1,0,0,0,0,0,0,0,0,0
processed,190,36,3,0,0,0,0,0,0,0,5,0
processed,144,29,2,0,0,0,0,0,0,0,3,0
processed,203,41,1,0,0,0,0,0,0,0,3,0
processed,348,73,5,0,0,0,0,0,0,0,4,0
processed,140,24,1,0,0,0,0,0,0,1,1,0
processed,742,161,10,0,0,0,0,0,0,0,14,0
processed,751,139,9,0,0,0,0,0,0,0,9,0
processed,767,145,1,0,0,0,0,0,0,3,6,0
processed,451,95,5,0,0,0,0,0,0,0,11,0
processed,114,26,3,0,0,0,0,0,0,0,2,0
processed,19,4,1,0,0,0,0,0,0,0,1,0
processed,562,103,5,0,0,0,0,0,0,2,13,0
processed,189,36,3,0,0,0,0,0,0,0,3,0
processed,500,89,3,0,0,0,0,0,0,0,9,0
processed,371,65,2,0,0,0,0,0,0,2,3,0
processed,122,24,4,0,0,0,0,0,0,0,1,0
processed,520,101,6,0,0,0,0,0,0,0,5,0
processed,60,17,2,0,0,0,0,0,0,0,1,0
processed,65,12,2,0,0,0,0,0,0,0,1,0
processed,426,93,7,0,0,0,0,0,0,1,9,0
processed,354,63,1,0,0,0,0,0,0,1,8,0
processed,39,11,1,0,0,0,0,0,0,0,0,0
processed,330,66,3,0,0,0,0,0,0,0,2,0
processed,1063,224,7,0,0,0,0,0,0,1,14,0
processed,2046,416,19,0,0,0,0,0,0,7,35,0
processed,250,49,3,0,0,0,0,0,0,0,5,0
processed,493,93,5,2,0,0,0,0,0,0,6,0
processed,255,45,1,0,0,0,0,0,0,0,4,0
processed,145,30,1,0,0,0,0,0,0,0,2,0
processed,134,23,2,0,0,0,0,0,0,0,1,0
processed,298,68,5,0,0,0,0,0,0,0,8,0
processed,341,61,1,0,0,0,0,0,0,1,5,0
processed,112,21,1,0,0,0,0,0,0,0,3,0
processed,180,34,1,0,0,0,0,0,0,0,3,0
processed,1160,237,14,0,0,0,0,0,0,1,17,0
processed,1227,252,16,0,0,0,0,0,0,3,12,0
processed,1177,230,6,1,0,0,0,0,0,4,7,1
processed,467,93,7,0,0,0,0,0,0,0,8,0
processed,55,10,1,0,0,0,0,0,0,0,0,0
processed,360,65,4,0,0,0,0,0,0,0,4,0
processed,506,107,7,0,0,0,0,0,0,1,12,0
processed,1428,293,8,0,0,0,0,0,0,1,24,0
processed,214,34,3,0,0,0,0,0,0,0,7,0
processed,527,100,15,0,0,0,0,0,0,0,7,0
processed,428,77,6,0,0,0,0,0,0,0,4,0
processed,995,194,12,0,0,0,0,0,0,0,18,0
processed,501,98,4,0,0,0,0,0,0,0,11,0
processed,655,128,6,0,0,0,0,0,0,2,12,0
processed,493,95,4,0,0,0,0,0,0,0,7,0
processed,451,86,1,0,0,0,0,0,0,0,9,0
processed,2260,490,30,0,0,0,0,0,0,1,35,1
processed,541,111,8,0,0,0,0,0,0,1,7,0
processed,315,70,4,0,0,0,0,0,0,1,6,0
processed,285,54,3,0,0,0,0,0,0,0,4,0
processed,81,16,3,0,0,0,0,0,0,0,1,0
processed,448,96,7,0,0,0,0,0,0,5,14,0
processed,470,95,5,0,0,0,0,0,0,2,6,0
processed,503,90,4,0,0,0,0,0,0,3,10,0
processed,1082,209,8,0,0,0,0,0,0,0,17,0
processed,1091,199,11,0,0,0,0,0,0,1,11,1
processed,921,190,9,0,0,0,0,0,0,0,10,0
processed,470,89,3,0,0,0,0,0,0,3,7,0
processed,1695,346,24,0,0,0,0,0,0,2,46,0
processed,1033,199,6,0,0,0,0,0,0,0,13,0
processed,530,101,2,0,0,0,0,0,0,1,9,2
processed,580,113,9,0,0,0,0,0,0,1,6,2
processed,8,2,1,0,0,0,0,0,0,0,0,0
processed,41,8,1,0,0,0,0,0,0,0,0,0
processed,270,60,3,0,0,0,0,0,0,0,4,0
processed,255,57,1,0,0,0,0,0,0,2,5,0
processed,152,34,1,0,0,0,0,0,0,0,1,0
processed,9,1,1,0,0,0,0,0,0,0,0,0
processed,143,25,2,0,0,0,0,0,0,0,3,0
processed,59,11,1,0,0,0,0,0,0,0,1,0
processed,146,29,1,0,0,0,0,0,0,0,6,0
processed,562,99,8,0,0,0,0,0,0,0,12,0
processed,1015,193,6,0,0,0,0,0,0,2,25,0
processed,545,117,8,0,0,0,0,0,0,0,8,1
processed,107,24,1,0,0,0,0,0,0,0,1,0
processed,354,75,5,0,0,0,0,0,0,1,4,0
processed,9,1,1,0,0,0,0,0,0,0,0,0
processed,610,131,6,0,0,0,0,0,0,0,7,0
processed,203,36,5,0,0,0,0,0,0,0,3,0
processed,515,114,4,0,0,0,0,0,0,2,9,0
processed,1434,305,14,0,0,0,0,0,0,2,18,0
processed,997,202,11,0,0,0,0,0,0,1,15,0
processed,304,58,3,0,0,0,0,0,0,0,2,0
processed,582,107,5,0,0,0,0,0,0,1,7,0
processed,381,76,4,0,0,0,0,0,0,0,13,0
processed,509,94,10,0,0,0,0,0,0,1,4,0
processed,94,19,2,0,0,0,0,0,0,1,3,0
processed,168,30,3,0,0,0,0,0,0,0,3,0
processed,164,38,3,0,0,0,0,0,0,0,3,0
processed,627,128,6,0,0,0,0,0,0,0,10,0
processed,202,35,1,0,0,0,0,0,0,0,2,1
processed,1059,201,22,0,0,0,0,0,0,3,19,0
processed,242,40,5,0,0,0,0,0,0,0,5,0
processed,366,76,1,0,0,0,0,0,0,0,6,0
processed,865,178,12,0,0,0,0,0,0,0,14,0
processed,562,121,14,0,0,0,0,0,0,3,4,0
processed,44,10,5,0,0,0,0,0,0,0,1,0
processed,239,54,7,0,0,0,0,0,0,0,4,0
processed,196,39,4,0,0,0,0,0,0,0,2,0
processed,469,97,9,0,0,0,0,0,0,1,11,0
processed,1536,347,16,0,0,0,0,0,0,13,22,0
processed,473,109,4,0,0,0,0,0,0,0,8,0
processed,153,31,3,0,0,0,0,0,0,0,3,0
processed,96,19,4,0,0,0,0,0,0,0,6,0
processed,225,52,10,0,0,0,0,0,0,0,3,0
processed,324,58,1,0,0,0,0,0,0,0,2,0
processed,449,93,4,0,0,0,0,0,0,1,13,0
processed,107,20,2,0,0,0,0,0,0,0,1,0
processed,177,40,2,0,0,0,0,0,0,0,6,0
processed,261,51,5,0,0,0,0,0,0,0,1,0
processed,621,130,13,0,0,0,0,0,0,1,4,0
processed,70,13,2,0,0,0,0,0,0,0,2,0
processed,258,51,7,0,0,0,0,0,0,0,3,0
processed,308,57,4,0,0,0,0,0,0,0,5,0
processed,126,28,2,0,0,0,0,0,0,0,4,0
processed,1112,242,9,0,0,0,0,0,0,5,15,0
processed,77,17,3,0,0,0,0,0,1,0,0,0
processed,138,27,4,0,0,0,0,0,0,0,0,0
processed,85,22,2,0,0,0,0,0,0,0,1,0
processed,372,80,1,0,0,0,0,0,0,3,3,0
processed,369,63,5,0,0,0,0,0,0,0,9,0
processed,759,149,8,0,0,0,0,0,0,1,12,0
processed,767,151,6,0,0,0,0,0,0,1,11,0
processed,171,30,1,0,0,0,0,0,0,0,3,0
processed,777,163,7,0,0,0,0,0,0,2,12,0
processed,549,101,3,0,0,0,0,0,0,0,4,0
processed,1409,276,8,0,0,0,0,0,0,3,25,0
processed,260,51,3,0,0,0,0,0,0,1,4,0
processed,528,98,1,0,0,0,0,0,0,0,4,1
processed,146,27,5,0,0,0,0,0,0,1,2,0
processed,1044,215,13,0,0,0,0,0,0,2,13,0
processed,416,73,3,0,0,0,0,0,0,0,4,0
processed,160,39,5,0,0,0,0,0,0,0,3,0
processed,198,42,1,0,0,0,0,0,0,1,7,0
processed,843,167,5,0,0,0,0,0,0,1,11,0
processed,165,36,3,0,0,0,0,0,0,0,5,0
processed,483,90,4,0,0,0,0,0,0,0,8,0
processed,312,64,4,0,0,0,0,0,0,2,4,0
processed,369,77,5,0,0,0,0,0,0,0,3,0
processed,291,61,3,0,0,0,0,0,0,0,4,0
processed,174,37,2,0,0,0,0,0,0,1,7,0
processed,869,181,10,0,0,0,0,0,0,1,15,0
processed,193,45,4,0,0,0,0,0,0,3,5,0
processed,423,84,3,0,0,0,0,0,0,0,5,0
processed,75,15,1,0,0,0,0,0,0,0,2,0
processed,231,49,1,0,0,0,0,0,0,0,5,0
processed,216,41,1,0,0,0,0,0,0,0,3,0
processed,220,36,2,0,0,0,0,0,0,0,3,0
processed,166,32,3,0,0,0,0,0,0,0,4,0
processed,418,82,7,0,0,0,0,0,0,0,5,0
processed,119,22,1,0,0,0,0,0,0,0,3,0
processed,323,74,4,0,0,0,0,0,0,1,4,1
processed,65,13,2,0,0,0,0,0,0,0,1,0
processed,1895,391,12,0,0,0,0,0,0,7,27,0
processed,620,123,6,0,0,0,0,0,1,1,6,0
processed,693,144,18,3,0,0,0,0,0,3,10,0
processed,539,115,2,0,0,0,0,0,0,1,11,0
processed,477,106,8,0,0,0,0,0,0,2,13,0
processed,758,155,5,0,0,0,0,0,0,3,14,0
processed,328,66,7,0,0,0,0,0,0,2,3,0
processed,322,67,8,0,0,0,0,0,0,0,13,0
processed,289,63,3,0,0,0,0,0,0,0,2,1
processed,50,11,1,0,0,0,0,0,0,0,0,0
processed,141,31,4,0,0,0,0,0,0,0,3,0
processed,437,93,5,0,0,0,0,0,0,2,5,0
processed,506,100,11,0,0,0,0,0,0,2,9,0
processed,723,124,8,0,0,0,0,0,0,0,7,1
processed,922,187,10,6,0,0,0,0,0,3,9,0
processed,166,33,3,0,0,0,0,0,0,1,4,0
processed,523,102,5,0,0,0,0,0,0,2,9,0
processed,583,136,10,0,0,0,0,0,0,1,10,0
processed,1145,265,15,0,0,0,0,0,0,4,26,0
processed,135,27,2,0,0,0,0,0,0,0,4,0
processed,699,133,10,0,0,0,0,0,0,1,8,0
processed,644,133,6,0,0,0,0,0,0,1,15,0
processed,237,45,4,0,0,0,0,0,0,0,2,0
processed,616,127,10,0,0,0,0,0,0,1,9,0
processed,594,120,8,0,0,0,0,0,0,0,5,0
processed,163,34,4,0,0,0,0,0,0,1,5,0
processed,41,5,1,0,0,0,0,0,0,0,0,0
processed,385,62,1,1,0,0,0,0,0,0,3,0
processed,623,130,1,0,0,0,0,0,0,0,19,0
processed,231,45,3,0,0,0,0,0,0,0,4,0
processed,1240,258,22,0,0,0,0,0,0,1,29,0
processed,689,141,7,0,0,0,0,0,0,0,20,0
processed,101,20,2,0,0,0,0,0,0,0,2,0
processed,900,184,11,0,0,0,0,0,0,1,9,0
processed,801,155,11,0,0,0,0,0,0,0,13,0
processed,233,57,3,0,0,0,0,0,0,1,6,0
processed,267,56,5,0,0,0,0,0,0,1,7,0
processed,37,6,1,0,0,0,0,0,0,0,1,0
processed,187,34,4,0,0,0,0,0,0,0,3,0
processed,74,15,1,0,0,0,0,0,0,0,0,0
processed,655,124,6,0,0,0,0,0,0,3,11,0
processed,50,9,1,0,0,0,0,0,0,0,0,0
processed,833,172,14,6,0,0,0,0,0,1,19,0
processed,41,10,2,0,0,0,0,0,0,0,0,0
processed,280,46,2,0,0,0,0,0,0,0,3,0
processed,634,125,8,0,0,0,0,0,0,0,10,0
processed,102,22,1,0,0,0,0,0,0,0,2,0
processed,228,41,5,0,0,0,0,0,0,0,5,0
processed,403,76,5,0,0,0,0,0,0,0,7,0
processed,55,11,3,0,0,0,0,0,0,0,3,0
processed,918,176,7,0,0,0,0,0,0,1,13,0
processed,578,123,2,0,0,0,0,0,0,1,13,0
processed,122,22,1,0,0,0,0,0,0,0,1,0
processed,1124,231,10,0,0,0,0,0,0,1,7,0
processed,960,196,20,0,0,0,0,0,0,1,11,1
processed,366,88,4,0,0,0,0,0,0,1,9,0
processed,673,143,8,0,0,0,0,0,0,0,8,0
processed,492,91,9,0,0,0,0,0,0,2,8,0
processed,548,109,8,0,0,0,0,0,0,2,10,0
processed,46,7,3,0,0,0,0,0,0,0,1,0
processed,844,178,4,0,0,0,0,0,0,3,10,0
processed,322,66,6,0,0,0,0,0,0,2,3,0
processed,204,36,3,0,0,0,0,0,0,0,4,0
processed,1347,273,10,0,0,0,0,0,0,0,27,0
processed,970,175,8,0,0,0,0,0,0,1,9,0
processed,538,117,9,0,0,0,0,0,0,4,10,0
processed,828,181,12,0,0,0,0,0,0,1,18,0
processed,587,117,7,0,0,0,0,0,0,1,10,0
processed,147,30,4,0,0,0,0,0,0,0,2,0
processed,385,70,8,2,0,0,0,0,0,1,4,0
processed,837,178,7,0,0,0,0,0,0,2,13,0
processed,636,120,7,0,0,0,0,0,0,1,10,0
processed,720,145,5,0,0,0,0,0,0,2,14,0
processed,617,123,6,0,0,0,0,0,0,2,10,1
processed,514,105,11,0,0,0,0,0,0,1,8,0
processed,146,31,3,0,0,0,0,0,0,0,5,0
processed,59,11,1,0,0,0,0,0,0,0,1,0
processed,208,44,7,0,0,0,0,0,0,0,4,0
processed,467,106,6,0,0,0,0,0,0,1,9,0
processed,335,69,8,0,0,0,0,0,0,0,6,0
processed,142,27,3,0,0,0,0,0,0,0,3,0
processed,1093,222,20,0,0,0,0,0,0,6,13,0
processed,132,22,2,0,0,0,0,0,0,0,1,0
processed,43,7,1,0,0,0,0,0,0,0,1,0
processed,856,185,4,0,0,0,0,0,0,1,15,0
processed,298,55,4,0,0,0,0,0,0,0,2,0
processed,488,108,7,0,0,0,0,0,0,3,5,0
processed,598,119,9,0,0,0,0,0,0,2,7,0
processed,810,127,9,0,0,0,0,0,0,1,10,0
processed,473,97,8,0,0,0,0,0,0,3,6,0
processed,118,27,3,0,0,0,0,0,0,0,3,0
processed,577,116,8,2,0,0,0,0,0,2,8,1
processed,106,16,1,0,0,0,0,0,0,0,1,0
processed,1435,310,16,0,0,0,0,0,0,2,19,0
processed,740,128,7,1,0,0,0,0,0,2,5,0
processed,90,18,2,0,0,0,0,0,0,0,1,0
processed,498,102,7,0,0,0,0,0,0,0,7,0
processed,591,110,4,0,0,0,0,0,0,2,6,0
processed,1232,248,9,0,0,0,0,0,0,1,13,0
processed,112,24,3,0,0,0,0,0,0,0,2,0
processed,146,31,1,0,0,0,0,0,0,0,4,0
processed,447,87,5,0,0,0,0,0,0,0,4,0
processed,192,34,1,0,0,0,0,0,0,0,6,0
processed,472,92,5,0,0,0,0,0,0,0,9,0
processed,121,21,5,0,0,0,0,0,0,0,1,0
processed,439,84,3,0,0,0,0,0,0,0,4,0
processed,93,18,1,0,0,0,0,0,0,0,0,0
processed,487,97,4,0,0,0,0,0,0,0,8,0
processed,120,27,4,0,0,0,0,0,0,1,2,0
processed,52,11,3,0,0,0,0,0,0,0,0,0
processed,884,177,5,0,0,0,0,0,0,7,15,0
processed,321,71,2,0,0,0,0,0,0,0,6,0
processed,341,68,5,0,0,0,0,0,0,0,2,0
processed,402,90,6,0,0,0,0,0,0,3,7,0
processed,655,124,4,0,0,0,0,0,0,1,15,0
processed,839,182,20,0,0,0,0,0,0,1,15,1
processed,473,88,2,0,0,0,0,0,0,0,10,0
processed,96,17,3,0,0,0,0,0,0,0,1,0
processed,708,154,7,0,0,0,0,0,0,5,7,0
processed,446,84,4,0,0,0,0,0,0,0,5,0
processed,249,48,4,0,0,0,0,0,0,1,8,0
processed,535,94,6,0,0,0,0,0,0,0,7,1
processed,264,55,3,0,0,0,0,0,0,0,6,0
processed,874,165,11,0,0,0,0,0,0,0,12,0
processed,359,71,7,0,0,0,0,0,0,1,5,0
processed,417,79,3,0,0,0,0,0,0,0,7,0
processed,185,32,4,0,0,0,0,0,0,0,1,0
processed,233,49,3,0,0,0,0,0,0,1,4,1
processed,453,98,6,0,0,0,0,0,0,1,7,0
processed,419,82,6,0,0,0,0,0,0,0,8,0
processed,253,48,2,0,0,0,0,0,0,0,2,0
processed,320,66,4,0,0,0,0,0,0,0,6,0
processed,77,17,3,0,0,0,0,0,0,1,4,0
processed,118,25,1,0,0,0,0,0,0,0,2,0
processed,175,33,3,0,0,0,0,0,0,0,5,0
processed,524,116,7,0,0,0,0,0,0,3,13,0
processed,16,2,1,0,0,0,0,0,0,0,0,0
processed,505,110,5,0,0,0,0,0,0,1,5,0
processed,133,30,2,0,0,0,0,0,0,0,1,0
processed,263,61,2,0,0,0,0,0,0,1,7,0
processed,226,52,3,0,0,0,0,0,0,2,0,0
processed,8,2,1,0,0,0,0,0,0,0,1,0
processed,383,78,4,0,0,0,0,0,0,2,10,0
processed,474,91,3,0,0,0,0,0,0,0,5,0
processed,215,49,6,0,0,0,0,0,0,0,4,0
processed,185,32,4,0,0,0,0,0,0,0,2,0
processed,119,24,1,0,0,0,0,0,0,0,2,0
processed,631,122,7,0,0,0,0,0,0,0,5,1
processed,1089,211,16,0,0,0,0,0,0,2,12,2
processed,195,36,4,0,0,0,0,0,0,0,3,0
processed,154,34,3,0,0,0,0,0,0,1,4,0
processed,303,55,2,0,0,0,0,0,0,0,1,0
processed,532,107,6,0,0,0,0,0,0,2,8,0
processed,52,12,2,0,0,0,0,0,0,0,1,0
processed,2276,439,30,6,1,0,0,0,0,2,29,0
processed,436,91,5,0,0,0,0,0,0,2,10,0
processed,46,10,1,0,0,0,0,0,0,0,1,0
processed,41,8,2,0,0,0,0,0,0,0,0,0
processed,365,62,1,0,0,0,0,0,0,1,3,0
processed,490,105,5,0,0,0,0,0,0,1,7,0
processed,83,19,3,0,0,0,0,0,0,0,2,0
processed,196,46,5,0,0,0,0,0,0,0,1,0
processed,568,112,5,0,0,0,0,0,0,0,10,0
processed,304,62,5,0,0,0,0,0,0,0,4,0
processed,125,26,1,0,0,0,0,0,0,0,0,0
processed,107,24,3,0,0,0,0,0,0,0,2,0
processed,27,9,1,2,0,0,0,0,0,0,0,0
processed,388,84,5,0,0,0,0,0,0,0,16,0
processed,140,32,2,0,0,0,0,0,0,0,4,0
processed,433,94,6,0,0,0,0,0,0,3,7,0
processed,506,99,5,0,0,0,0,0,0,4,3,0
processed,391,67,3,0,0,0,0,0,0,0,3,0
processed,522,98,6,0,0,0,0,0,0,1,8,1
processed,715,147,7,0,0,0,0,0,0,1,12,0
processed,2440,494,14,0,0,0,0,0,0,9,28,0
processed,371,62,7,0,0,0,0,0,0,0,7,0
processed,570,116,2,0,0,0,0,0,0,2,5,0
processed,39,8,1,0,0,0,0,0,0,0,1,0
processed,282,58,2,0,0,0,0,0,0,0,4,0
processed,100,20,2,0,0,0,0,0,0,1,1,1
processed,97,15,1,0,0,0,0,0,0,0,0,0
processed,1702,358,21,0,0,0,0,0,0,8,20,0
processed,1206,248,3,0,0,0,0,0,0,1,19,0
processed,592,131,6,0,0,0,0,0,0,0,6,0
processed,351,72,3,0,0,0,0,0,0,0,4,0
processed,41,8,1,0,0,0,0,0,0,0,1,0
processed,1025,227,4,0,0,0,0,0,0,0,28,0
processed,455,92,7,0,0,0,0,0,0,0,10,0
processed,203,36,4,0,0,0,0,0,0,0,2,0
processed,55,12,3,0,0,0,0,0,0,0,1,0
processed,846,169,11,0,0,0,0,0,0,1,20,0
processed,298,61,5,0,0,0,0,0,0,0,2,0
processed,390,73,2,0,0,0,0,0,0,0,8,0
processed,888,194,8,0,1,0,0,0,0,1,21,0
processed,538,104,4,0,0,0,0,0,0,1,5,0
processed,712,135,13,0,0,0,0,0,0,1,10,0
processed,954,184,6,0,0,0,0,0,0,2,8,0
processed,59,13,1,0,0,0,0,0,0,0,1,0
processed,863,172,14,0,0,0,0,0,0,1,21,0
processed,301,56,5,0,0,0,0,0,0,0,1,0
processed,139,35,4,0,0,0,0,0,0,2,1,0
processed,530,100,6,0,0,0,0,0,0,0,11,0
processed,486,99,7,0,0,0,0,0,0,1,12,0
processed,837,167,10,0,0,0,0,0,0,0,10,0
processed,382,73,5,0,0,0,0,0,0,0,3,0
processed,619,127,6,0,0,0,0,0,0,1,7,0
processed,2450,462,23,2,0,0,0,0,0,7,40,0
processed,134,27,1,0,0,0,0,0,0,0,1,0
processed,569,112,11,0,0,0,0,0,0,0,4,0
processed,488,94,1,0,0,0,0,0,0,0,10,0
processed,279,59,4,0,0,0,0,0,0,1,2,0
processed,196,40,2,0,0,0,0,0,0,0,5,0
processed,287,62,2,0,0,0,0,0,0,2,5,0
processed,685,125,8,0,0,0,0,0,0,1,7,0
processed,65,9,1,0,0,0,0,0,0,0,0,0
processed,587,119,8,0,0,0,0,0,0,1,10,0
processed,218,42,3,0,0,0,0,0,0,0,5,0
processed,95,21,1,0,0,0,0,0,0,0,0,0
processed,911,209,10,0,0,0,0,0,0,2,14,0
processed,394,82,6,0,0,0,0,0,0,0,6,1
processed,270,52,5,0,0,0,0,0,0,0,2,0
processed,1249,260,14,0,0,0,0,0,0,0,20,0
processed,445,92,7,0,0,0,0,0,0,1,13,0
processed,303,64,5,0,0,0,0,0,0,1,4,0
processed,317,68,3,6,0,0,0,0,0,1,1,0
processed,492,101,6,0,0,0,0,0,0,0,9,0
processed,687,122,8,0,0,0,0,0,0,1,8,0
processed,238,46,7,0,0,0,0,0,0,2,1,0
processed,457,94,5,0,0,0,0,0,0,0,7,0
processed,631,130,9,0,0,0,0,0,0,0,13,0
processed,907,197,11,0,0,0,0,0,0,3,19,0
processed,81,15,2,0,0,0,0,0,0,0,2,0
processed,197,34,2,0,0,0,0,0,0,0,2,0
processed,664,125,5,0,0,0,0,0,0,0,14,0
processed,188,41,2,0,0,0,0,0,0,0,3,0
processed,533,112,9,0,0,0,0,0,0,1,7,0
processed,298,58,3,0,0,0,0,0,0,0,6,0
processed,520,116,5,0,0,0,0,0,0,2,12,0
processed,337,74,1,0,0,0,0,0,0,0,7,0
processed,268,53,4,0,0,0,0,0,0,0,4,0
processed,744,148,1,1,0,0,0,0,0,1,9,0
processed,653,119,9,0,0,0,0,0,0,2,9,1
processed,21,3,1,0,0,0,0,0,0,0,0,0
processed,29,6,1,0,0,0,0,0,0,0,1,0
processed,1605,334,21,0,0,0,0,0,0,8,40,1
processed,251,46,4,0,0,0,0,0,0,0,3,0
processed,200,39,1,0,0,0,0,0,0,1,4,0
processed,138,27,4,0,0,0,0,0,0,0,1,0
processed,884,182,10,0,0,0,0,0,0,2,17,0
processed,86,19,1,0,0,0,0,0,0,2,5,0
processed,294,61,5,0,0,0,0,0,0,1,0,0
processed,170,35,2,0,0,0,0,0,0,0,2,0
processed,246,51,4,0,0,0,0,0,0,0,6,0
processed,329,64,4,0,0,0,0,0,0,0,7,0
processed,112,21,2,0,0,0,0,0,0,0,2,0
processed,133,24,4,0,0,0,0,0,0,0,3,0
processed,454,97,6,0,0,0,0,0,0,0,6,0
processed,900,201,18,0,0,0,0,0,0,3,19,0
processed,184,40,1,0,0,0,0,0,0,5,0,0
processed,486,101,10,0,0,0,0,0,0,0,11,0
processed,548,116,6,0,0,0,0,0,0,0,14,0
processed,114,28,3,0,0,0,0,0,0,0,1,0
processed,58,13,1,0,0,0,0,0,0,0,2,0
processed,519,102,6,0,0,0,0,0,0,0,4,0
processed,787,156,15,0,0,0,0,0,0,1,8,1
processed,205,40,5,0,0,0,0,0,0,0,3,0
processed,144,27,2,0,0,0,0,0,0,0,1,0
processed,326,66,4,0,0,0,0,0,0,2,10,1
processed,57,12,1,0,0,0,0,0,0,0,0,0
processed,1087,219,10,0,0,0,0,0,0,0,18,0
processed,601,131,4,0,0,0,0,0,0,3,13,0
processed,492,88,6,0,0,0,0,0,0,1,8,0
processed,74,14,1,0,0,0,0,0,0,1,3,0
processed,603,90,1,0,0,0,0,0,0,1,11,0
processed,705,140,9,0,0,0,0,0,0,0,15,1
processed,556,103,7,0,0,0,0,0,0,0,10,0
processed,283,54,2,0,0,0,0,0,1,0,8,0
processed,700,141,9,1,0,0,0,0,0,2,6,0
processed,395,80,11,0,0,0,0,0,0,0,4,0
processed,527,109,4,2,0,0,0,0,0,0,14,0
processed,1047,199,9,0,0,0,0,0,0,0,12,0
processed,160,33,2,0,0,0,0,0,0,0,3,0
processed,121,13,1,0,0,0,0,0,0,0,0,0
processed,3,1,1,0,0,0,0,0,0,0,1,0
processed,267,48,2,0,0,0,0,0,0,1,2,0
processed,1394,304,14,0,0,0,0,0,0,3,18,1
processed,1077,222,18,0,0,0,0,0,0,4,15,1
processed,683,151,7,0,0,0,0,0,0,1,19,0
processed,124,23,2,0,0,0,0,0,0,0,4,0
processed,661,122,6,0,0,0,0,0,0,3,5,0
processed,403,93,6,0,0,0,0,0,0,2,7,0
processed,875,185,9,0,0,0,0,0,0,2,6,0
processed,717,145,9,0,0,0,0,0,0,4,14,0
processed,399,75,1,0,0,0,0,0,0,1,10,0
processed,508,102,8,0,0,0,0,0,0,1,2,1
processed,136,21,3,0,0,0,0,0,0,0,1,0
processed,313,53,4,0,0,0,0,0,0,0,3,0
processed,43,8,1,0,0,0,0,0,0,0,1,0
processed,85,18,2,0,0,0,0,0,0,0,1,0
processed,119,24,1,0,0,0,0,0,0,0,1,0
processed,896,181,9,0,0,0,0,0,0,0,26,0
processed,479,91,7,0,0,0,0,0,0,0,4,0
processed,40,5,1,0,0,0,0,0,0,0,1,0
processed,989,210,10,0,0,0,0,0,0,6,13,0
processed,292,57,5,0,0,0,0,0,0,0,10,0
processed,544,97,3,0,0,0,0,0,0,4,12,0
processed,576,124,15,0,0,0,0,0,0,0,4,0
processed,43,10,1,1,0,0,0,0,0,0,1,0
processed,91,20,5,0,0,0,0,0,0,0,4,0
processed,565,127,11,0,0,0,0,0,0,1,8,0
processed,35,7,1,0,0,0,0,0,0,0,2,0
processed,505,113,5,0,0,0,0,0,0,0,7,0
processed,130,29,1,0,0,0,0,0,0,0,1,0
processed,99,19,2,0,0,0,0,0,0,0,1,0
processed,854,166,11,0,0,0,0,0,0,1,16,0
processed,140,29,4,0,0,0,0,0,0,1,1,0
processed,504,90,8,0,0,0,0,0,0,1,11,0
processed,40,11,2,0,0,0,0,0,0,0,3,0
processed,191,24,2,0,0,0,0,0,0,0,0,0
processed,213,43,2,0,0,0,0,0,0,0,6,0
processed,708,141,6,0,0,0,0,0,0,0,14,0
processed,72,17,1,0,0,0,0,0,0,0,1,0
processed,148,31,5,0,0,0,0,0,0,0,2,0
processed,277,60,5,0,0,0,0,0,0,1,2,0
processed,500,101,6,0,0,0,0,0,0,2,11,0
processed,128,25,3,2,0,0,0,0,0,0,2,0
processed,596,116,8,0,0,0,0,0,0,1,10,0
processed,213,38,3,0,0,0,0,0,0,0,3,0
processed,593,134,5,0,0,0,0,0,0,2,4,0
processed,663,128,10,0,0,0,0,0,0,4,10,0
processed,842,158,14,0,0,0,0,0,0,2,6,0
processed,583,107,6,0,0,0,0,0,0,1,5,0
processed,73,10,1,0,0,0,0,0,0,0,0,0
processed,423,80,5,0,0,0,0,0,0,0,4,0
processed,1008,197,17,0,0,0,0,0,0,2,12,1
processed,189,34,2,0,0,0,0,0,0,0,4,0
processed,879,172,8,0,0,0,0,0,0,1,12,0
processed,207,38,2,0,0,0,0,0,0,0,1,0
processed,1378,277,14,0,0,0,0,0,0,2,16,0
processed,69,14,1,0,0,0,0,0,0,0,1,0
processed,783,155,4,0,0,0,0,0,0,1,15,0
processed,456,92,4,0,0,0,0,0,0,0,1,0
processed,38,7,1,0,0,0,0,0,0,0,2,0
processed,945,210,14,0,0,0,0,0,0,0,13,0
processed,476,81,5,0,0,0,0,0,0,0,7,0
processed,509,108,4,0,0,0,0,0,0,0,14,0
processed,25,6,1,0,0,0,0,0,0,1,0,0
processed,602,124,8,0,0,0,0,0,0,0,10,0
processed,289,57,6,0,0,0,0,0,0,1,11,0
processed,64,15,1,0,0,0,0,0,0,0,0,0
processed,267,55,4,0,0,0,0,0,0,0,4,0
processed,644,128,8,0,0,0,0,0,0,1,12,0
processed,344,64,7,0,0,0,0,0,0,2,5,0
processed,813,170,5,0,0,0,0,0,0,4,16,0
processed,459,92,3,0,0,0,0,0,0,2,10,0
processed,525,104,14,0,0,0,0,0,0,1,7,0
processed,412,74,1,0,0,0,0,0,0,1,7,0
processed,764,130,6,0,0,0,0,0,0,0,10,0
processed,673,135,8,0,0,0,0,0,0,0,10,0
processed,621,122,7,0,0,0,0,0,1,1,5,0
processed,525,108,8,0,0,0,0,0,0,3,11,0
processed,307,69,5,0,0,0,0,0,0,2,7,0
processed,473,87,3,0,0,0,0,0,0,1,8,0
processed,415,75,9,0,0,0,0,0,0,0,3,0
processed,445,98,7,0,0,0,0,0,0,0,13,0
processed,34,5,1,0,0,0,0,0,0,0,0,0
processed,365,77,6,0,0,0,0,0,0,0,6,0
processed,313,53,2,0,0,0,0,0,0,0,5,0
processed,179,35,4,0,0,0,0,0,0,1,4,0
processed,196,39,2,0,0,0,0,0,0,0,4,0
processed,275,48,6,0,0,0,0,0,0,0,3,0
processed,1051,212,18,0,0,0,0,0,0,0,15,1
processed,85,19,2,0,0,0,0,0,0,0,0,0
processed,198,41,3,0,0,0,0,0,0,0,1,0
processed,203,38,5,0,0,0,0,0,0,1,7,0
processed,104,23,1,0,0,0,0,0,0,0,2,0
processed,234,49,3,0,0,0,0,0,0,0,5,0
processed,85,18,1,0,0,0,0,0,0,0,4,0
processed,159,34,2,0,0,0,0,0,0,0,4,0
processed,1288,273,12,0,0,0,0,0,0,2,25,0
processed,379,75,6,0,0,0,0,0,0,1,4,0
processed,122,24,1,0,0,0,0,0,0,1,4,0
processed,189,34,4,0,0,0,0,0,0,0,5,0
processed,401,81,9,0,0,0,0,0,0,0,4,0
processed,134,26,5,0,0,0,0,0,0,0,0,0
processed,66,13,1,0,0,0,0,0,0,0,0,0
processed,235,36,3,0,0,0,0,0,0,0,2,0
processed,147,36,4,0,0,0,0,0,0,0,1,0
processed,551,111,3,0,0,0,0,0,0,0,7,1
processed,112,22,4,0,0,0,0,0,0,0,2,0
processed,79,13,1,0,0,0,0,0,0,0,2,0
processed,318,66,3,0,0,0,0,0,0,0,7,0
processed,1271,231,15,0,0,0,0,0,0,1,14,1
processed,618,120,4,0,0,0,0,0,0,2,8,0
processed,453,88,7,0,0,0,0,0,0,1,3,0
processed,116,24,4,0,0,0,0,0,0,0,3,0
processed,211,42,5,0,0,0,0,0,0,0,6,0
processed,447,81,1,0,0,0,0,0,0,2,7,0
processed,205,42,4,0,0,0,0,0,0,0,1,0
processed,519,102,8,0,0,0,0,0,0,1,8,0
processed,199,42,8,0,0,0,0,0,0,0,4,0
processed,641,123,3,0,0,0,0,0,0,0,14,0
processed,29,6,1,0,0,0,0,0,0,0,2,0
processed,568,122,6,0,0,0,0,0,0,3,9,0
processed,1405,291,12,0,0,0,0,0,0,4,27,0
processed,920,212,11,0,0,0,0,0,0,6,16,0
processed,275,47,5,0,0,0,0,0,0,0,7,0
processed,466,89,8,0,0,0,0,0,0,0,10,0
processed,751,161,6,0,0,0,0,0,0,3,9,0
processed,175,34,3,0,0,0,0,0,0,0,6,0
processed,781,170,10,0,0,0,0,0,0,1,12,0
processed,1166,246,9,0,0,0,0,0,0,6,22,1
processed,343,76,1,1,0,0,0,0,0,1,9,0
processed,41,12,2,0,0,0,0,0,0,1,4,0
processed,1917,399,26,0,0,0,0,0,0,5,38,0
processed,335,69,2,0,0,0,0,0,0,1,7,0
processed,1105,234,10,4,0,0,0,0,0,0,21,0
processed,791,157,6,0,0,0,0,0,0,0,15,1
processed,295,58,5,0,0,0,0,0,0,0,3,0
processed,1112,222,11,0,0,0,0,0,0,9,29,0
processed,920,193,8,0,0,0,0,0,0,3,16,0
processed,236,56,2,0,0,0,0,0,0,1,4,1
processed,108,18,1,0,0,0,0,0,0,0,2,0
processed,598,121,9,0,0,0,0,0,0,1,10,1
processed,332,68,5,0,0,0,0,0,0,1,3,0
processed,495,111,1,0,0,0,0,0,0,0,7,0
processed,150,29,2,0,0,0,0,0,1,0,0,0
processed,400,81,3,0,0,0,0,0,0,0,15,0
processed,51,9,1,0,0,0,0,0,0,1,0,0
processed,1374,252,8,0,0,0,0,0,0,0,33,0
processed,377,66,8,0,0,0,0,0,0,1,5,0
processed,2317,484,35,0,0,0,0,0,0,2,39,0
processed,125,23,6,0,0,0,0,0,0,0,3,0
processed,743,145,11,0,0,0,0,0,0,4,7,0
processed,556,112,13,0,0,0,0,0,0,3,5,0
processed,463,98,1,0,0,0,0,0,0,1,11,1
processed,149,33,5,0,0,0,0,0,0,3,2,0
processed,180,33,1,0,0,0,0,0,0,0,3,0
processed,140,27,1,0,0,0,0,0,0,1,1,0
processed,111,18,1,0,0,0,0,0,0,0,1,0
processed,308,59,2,0,0,0,0,0,0,2,8,0
processed,86,22,1,0,0,0,0,0,0,0,1,0
processed,478,88,6,0,0,0,0,0,0,0,13,0
processed,305,65,3,0,0,0,0,0,0,1,4,0
processed,446,99,13,2,0,0,0,0,0,1,10,0
processed,875,174,10,0,0,0,0,0,0,1,15,0
processed,158,27,3,0,0,0,0,0,0,0,1,0
processed,25,4,1,0,0,0,0,0,0,0,2,0
processed,244,49,3,0,0,0,0,0,0,0,3,0
processed,72,13,1,0,0,0,0,0,0,0,1,0
processed,669,138,13,0,0,0,0,0,0,0,14,0
processed,28,4,2,0,0,0,0,0,0,0,0,0
processed,838,173,9,0,0,0,0,0,0,3,7,0
processed,149,31,2,0,0,0,0,0,0,0,2,0
processed,441,89,5,0,0,0,0,0,0,0,6,0
processed,1901,387,24,0,0,0,0,0,0,4,33,0
processed,620,133,16,0,0,0,0,0,0,1,17,0
processed,105,26,2,0,0,0,0,0,0,0,1,0
processed,149,31,4,0,0,0,0,0,0,0,7,0
processed,841,178,15,0,0,0,0,0,0,4,9,0
processed,801,149,7,0,0,0,0,0,0,1,15,0
processed,969,200,14,0,0,0,0,0,0,1,12,0
processed,513,110,9,0,0,0,0,0,2,0,7,0
processed,80,14,1,0,0,0,0,0,0,0,0,0
processed,199,42,6,0,0,0,0,0,0,1,3,0
processed,186,41,2,0,0,0,0,0,0,0,7,0
processed,709,146,9,0,0,0,0,0,0,0,11,0
processed,775,169,13,0,0,0,0,0,0,1,15,0
processed,117,27,1,0,0,0,0,0,0,0,4,0
processed,117,17,1,0,0,0,0,0,0,0,0,0
processed,266,47,5,0,0,0,0,0,0,0,2,0
processed,136,24,2,0,0,0,0,0,0,0,2,0
processed,379,69,3,0,0,0,0,0,0,3,6,0
processed,162,34,1,0,0,0,0,0,0,0,3,0
processed,652,130,5,1,0,0,0,0,0,1,12,0
processed,244,50,8,0,0,0,0,0,0,0,4,1
processed,294,63,4,0,0,0,0,0,0,1,7,0
processed,84,20,3,0,0,0,0,0,0,0,0,0
processed,188,34,2,0,0,0,0,0,0,0,1,0
processed,90,17,4,0,0,0,0,0,0,0,2,0
processed,193,35,3,0,0,0,0,0,0,0,4,0
processed,387,87,2,0,0,0,0,0,0,1,7,0
processed,637,129,13,5,0,0,0,0,0,1,6,0
processed,104,20,3,0,0,0,0,0,0,0,2,0
processed,677,133,5,0,0,0,0,0,0,0,8,0
processed,260,41,1,0,0,0,0,0,0,2,2,1
processed,279,58,5,0,0,0,0,0,0,2,4,0
processed,543,105,6,0,0,0,0,0,0,1,12,0
processed,455,94,8,0,0,0,0,0,0,1,7,0
processed,235,43,2,0,0,0,0,0,0,0,6,0
processed,177,35,3,0,0,0,0,0,0,0,1,0
processed,407,74,4,0,0,0,0,0,0,2,8,0
processed,444,93,2,2,0,0,0,0,0,2,5,0
processed,526,104,5,0,0,0,0,0,0,0,11,0
processed,184,38,5,0,0,0,0,0,0,0,8,0
processed,180,35,1,0,0,0,0,0,0,0,2,0
processed,389,88,6,0,0,0,0,0,0,1,7,0
processed,463,94,8,0,0,0,0,0,0,2,5,0
processed,191,40,4,0,0,0,0,0,0,0,4,0
processed,193,41,4,0,0,0,0,0,0,0,2,0
processed,702,160,15,1,0,0,0,0,0,5,9,1
processed,765,136,1,0,0,0,0,0,0,2,18,0
processed,150,34,2,1,0,0,0,0,0,0,2,0
processed,848,176,8,0,0,0,0,0,1,3,14,0
processed,553,119,4,0,0,0,0,0,0,1,9,0
processed,79,11,1,0,0,0,0,0,0,0,1,0
processed,92,21,1,0,0,0,0,0,0,0,2,0
processed,81,16,1,0,0,0,0,0,0,0,2,0
processed,538,109,10,0,0,0,0,0,0,1,9,0
processed,31,9,1,0,0,0,0,0,0,1,2,0
processed,391,74,5,0,0,0,0,0,0,0,3,0
processed,174,35,3,0,0,0,0,0,0,0,7,0
processed,970,206,9,0,0,0,0,0,0,0,10,0
processed,77,15,1,0,0,0,0,0,0,0,0,0
processed,203,38,6,0,0,0,0,0,0,0,1,0
processed,455,72,4,0,0,0,0,0,0,0,5,0
processed,388,71,3,0,0,0,0,0,0,2,7,0
processed,446,93,11,0,0,0,0,0,0,3,4,0
processed,904,171,4,0,0,0,0,0,0,0,16,0
processed,212,40,4,0,0,0,0,0,0,0,1,0
processed,56,11,1,0,0,0,0,0,0,0,0,0
processed,169,35,2,0,0,0,0,0,0,0,3,0
processed,244,38,3,0,0,0,0,0,0,0,4,0
processed,1408,265,13,0,0,0,0,0,0,2,17,0
processed,191,38,3,0,0,0,0,0,0,0,5,0
processed,20,5,1,0,0,0,0,0,0,0,1,0
processed,238,55,5,0,0,0,0,0,0,2,1,0
processed,230,47,6,0,0,0,0,0,0,0,3,0
processed,266,43,1,0,0,0,0,0,0,0,5,0
processed,138,30,10,0,0,0,0,1,0,0,2,0
processed,564,105,5,0,0,0,0,0,0,1,8,0
processed,170,37,4,0,0,0,0,0,0,0,3,0
processed,276,48,6,0,0,0,0,0,0,0,6,0
processed,368,87,8,0,0,0,0,0,0,0,13,0
processed,151,29,2,0,0,0,0,0,0,0,4,0
processed,305,69,3,0,0,0,0,0,0,0,9,0
processed,262,51,1,0,0,0,0,0,0,1,8,0
processed,187,38,4,0,0,0,0,0,0,0,3,0
processed,1005,205,8,0,0,0,0,0,0,4,24,0
processed,674,150,10,0,0,0,0,0,0,6,9,0
processed,636,126,4,2,0,0,0,0,0,1,12,0
processed,63,12,3,0,0,0,0,0,0,0,2,0
processed,652,136,10,0,0,0,0,0,0,1,12,1
processed,92,19,3,0,0,0,0,0,0,0,4,0
processed,278,51,6,0,0,0,0,0,0,0,3,0
processed,172,40,3,0,0,0,0,0,0,1,6,0
processed,188,38,2,0,0,0,0,0,0,1,6,0
processed,98,15,1,0,0,0,0,0,0,0,2,0
processed,546,116,5,0,0,0,0,0,0,2,7,0
processed,46,10,2,0,0,0,0,0,0,0,2,0
processed,205,48,4,0,0,0,0,0,0,1,7,0
processed,33,7,1,0,0,0,0,0,0,0,0,0
processed,207,42,3,0,0,0,0,0,0,0,5,1
processed,338,66,1,1,0,0,0,0,0,1,6,0
processed,333,71,4,0,0,0,0,0,0,3,12,0
processed,180,32,1,0,0,0,0,0,0,0,7,0
processed,202,44,3,0,0,0,0,0,0,0,6,0
processed,309,53,4,0,0,0,0,0,0,0,1,0
processed,4,1,1,0,0,0,0,0,0,0,1,0
processed,1031,216,13,2,0,0,0,0,0,3,9,1
processed,684,137,4,0,0,0,0,0,0,2,8,0
processed,504,107,8,0,0,0,0,0,0,1,7,0
processed,381,82,6,0,0,0,0,0,0,0,5,0
processed,800,165,6,0,0,0,0,0,0,2,13,0
processed,336,65,4,0,0,0,0,0,0,0,1,0
processed,381,74,5,0,0,0,0,0,0,0,4,0
processed,304,62,5,0,0,0,0,0,0,0,7,0
processed,711,132,3,0,0,0,0,0,0,1,9,0
processed,516,106,9,0,0,0,0,0,0,4,6,0
processed,193,34,2,0,0,0,0,0,0,0,2,0
processed,52,11,1,0,0,0,0,0,0,0,2,0
processed,131,27,2,0,0,0,0,0,0,0,1,0
processed,731,131,5,0,0,0,0,0,0,1,25,0
processed,57,11,1,0,0,0,0,0,0,0,1,0
processed,499,87,4,0,0,0,0,0,0,1,7,0
processed,90,20,2,0,0,0,0,0,0,1,1,0
processed,194,38,2,0,0,0,0,0,0,0,2,0
processed,786,184,9,0,0,0,0,0,0,2,14,0
processed,443,98,2,0,0,0,0,0,0,3,9,0
processed,595,119,11,0,0,0,0,0,0,0,13,1
processed,853,174,9,0,0,0,0,0,0,0,18,0
processed,297,61,1,0,0,0,0,0,0,1,4,0
processed,1458,309,15,0,0,0,0,0,0,4,24,0
processed,322,56,5,0,0,0,0,0,0,0,8,0
processed,711,121,3,4,0,0,0,0,0,1,8,0
processed,214,43,3,0,0,0,0,0,0,1,4,0
processed,262,52,1,0,0,0,0,0,0,0,5,0
processed,361,80,4,0,0,0,0,0,0,2,4,0
processed,343,66,4,0,0,0,0,0,0,0,4,0
processed,146,25,3,0,0,0,0,0,0,0,0,0
processed,541,107,7,0,0,0,0,0,0,3,5,0
processed,690,148,8,0,0,0,0,0,0,6,6,2
processed,350,68,3,0,0,0,0,0,0,0,6,0
processed,144,11,1,0,0,0,0,0,0,0,1,0
processed,199,35,6,0,0,0,0,0,0,0,1,0
processed,157,32,1,0,0,0,0,0,0,0,3,0
processed,369,75,5,0,0,0,0,0,0,0,10,0
processed,83,13,2,0,0,0,0,0,0,0,0,0
processed,830,175,8,0,0,0,0,0,0,1,13,0
processed,499,91,1,0,0,0,0,0,0,2,7,1
processed,28,6,1,0,0,0,0,0,0,0,0,0
processed,610,115,8,0,0,0,0,0,0,0,11,0
processed,895,181,6,0,0,0,0,0,0,2,11,0
processed,817,168,15,0,0,0,0,0,0,0,11,0
processed,233,44,3,0,0,0,0,0,0,0,2,0
processed,590,126,5,0,0,0,0,0,2,0,3,0
processed,777,157,6,0,0,0,0,0,0,1,20,1
processed,1189,268,13,0,0,0,0,0,0,3,12,0
processed,46,11,2,0,0,0,0,0,0,1,1,0
processed,345,70,2,0,0,0,0,0,0,0,6,0
processed,512,103,11,0,0,0,0,0,0,2,10,0
processed,1030,211,14,0,0,0,0,0,0,1,15,0
processed,463,101,5,0,0,0,0,0,0,1,9,0
processed,126,19,2,0,0,0,0,0,0,0,1,0
processed,193,37,3,0,0,0,0,0,0,0,3,0
processed,24,5,1,0,0,0,0,0,0,0,0,0
processed,876,173,5,0,0,0,0,0,0,1,24,0
processed,851,187,20,0,0,0,0,0,0,1,20,1
processed,135,25,2,0,0,0,0,0,0,1,0,0
processed,872,178,12,0,0,0,0,0,0,0,9,0
processed,1363,265,11,0,0,0,0,0,0,0,26,0
processed,47,10,2,0,0,0,0,0,0,0,1,0
processed,189,42,4,0,0,0,0,0,0,0,6,0
processed,381,79,4,0,0,0,0,0,0,2,4,0
processed,153,29,2,0,0,0,0,0,0,0,0,0
processed,18,4,1,0,0,0,0,0,0,0,2,0
processed,524,102,1,0,0,0,0,0,1,0,3,0
processed,138,28,2,0,0,0,0,0,0,1,3,0
processed,182,37,4,0,0,0,0,0,0,0,4,0
processed,163,33,1,0,0,0,0,0,0,0,1,0
processed,2433,485,25,0,0,0,0,0,0,4,41,1
processed,359,65,3,0,0,0,0,0,0,0,4,0
processed,242,50,4,0,0,0,0,0,0,0,5,0
processed,236,48,3,0,0,0,0,0,0,1,11,0
processed,245,51,4,0,0,0,0,0,0,0,1,0
processed,189,43,2,0,0,0,0,0,0,1,1,0
processed,441,91,8,0,0,0,0,0,2,0,11,0
processed,466,101,6,0,0,0,0,0,1,1,8,0
processed,380,68,4,0,0,0,0,0,0,0,6,0
processed,116,22,1,0,0,0,0,0,0,1,2,0
processed,661,153,8,0,0,0,0,0,0,2,12,0
processed,566,119,10,0,0,0,0,0,0,3,6,0
processed,155,32,1,0,0,0,0,0,0,0,3,0
processed,230,39,5,0,0,0,0,0,0,0,6,0
processed,549,102,8,0,0,0,0,0,0,1,10,1
processed,143,24,2,0,0,0,0,0,0,0,0,0
processed,817,158,6,0,0,0,0,0,0,3,4,0
processed,124,24,1,0,0,0,0,0,0,0,1,0
processed,147,28,1,0,0,0,0,0,0,1,2,0
processed,136,31,1,0,0,0,0,0,0,0,0,0
processed,663,136,10,0,0,0,0,0,0,0,13,0
processed,886,176,8,0,0,0,0,0,0,4,9,0
processed,469,102,4,0,0,0,0,0,0,1,12,0
processed,254,50,1,0,0,0,0,0,0,2,3,0
processed,301,59,6,0,0,0,0,0,0,2,4,0
processed,78,15,1,0,0,0,0,0,0,0,3,0
processed,611,121,7,0,0,0,0,0,0,2,13,0
processed,249,44,3,0,0,0,0,0,0,2,7,1
processed,270,50,2,0,0,0,0,0,0,0,7,0
processed,110,23,5,0,0,0,0,0,0,1,2,0
processed,57,8,2,0,0,0,0,0,0,0,0,0
processed,118,23,2,0,0,0,0,0,0,1,0,0
processed,257,51,5,0,0,0,0,0,0,0,2,0
processed,395,67,5,0,0,0,0,0,0,1,3,0
processed,108,24,1,0,0,0,0,0,0,0,1,0
processed,165,33,3,0,0,0,0,0,0,0,0,0
processed,593,127,14,0,0,0,0,0,0,0,9,1
processed,191,36,2,0,0,0,0,0,0,0,3,0
processed,58,12,2,0,0,0,0,0,0,0,1,0
processed,555,110,3,2,0,0,0,0,0,1,7,0
processed,1103,230,18,0,0,0,0,0,0,2,17,0
processed,328,67,3,0,0,0,0,0,0,0,4,0
processed,404,83,4,0,0,0,0,0,0,2,2,0
processed,395,91,8,0,0,0,0,0,0,0,7,0
processed,458,96,7,0,0,0,0,0,0,2,8,0
processed,794,180,12,0,0,0,0,0,0,2,18,0
processed,333,67,1,0,0,0,0,0,0,1,4,0
processed,248,48,6,0,0,0,0,0,0,0,0,0
processed,34,5,2,0,0,0,0,0,0,0,2,0
processed,351,72,5,0,0,0,0,0,0,0,7,0
processed,606,115,5,0,0,0,0,0,0,1,9,0
processed,344,75,10,0,0,0,0,0,0,3,4,0
processed,534,115,7,0,0,0,0,0,0,0,9,0
processed,329,65,5,0,0,0,0,0,0,3,6,0
processed,51,11,1,0,0,0,0,0,0,1,1,0
processed,313,65,6,0,0,0,0,0,0,0,8,0
processed,444,84,8,0,0,0,0,0,0,0,3,0
processed,1232,275,13,0,0,0,0,0,0,7,25,0
processed,760,141,5,0,0,0,0,0,0,1,5,0
processed,219,45,1,0,0,0,0,0,0,0,5,0
processed,381,82,5,0,0,0,0,0,0,1,5,0
processed,198,40,5,0,0,0,0,0,0,0,3,1
processed,75,17,1,0,0,0,0,0,0,0,2,0
processed,183,39,3,0,0,0,0,0,0,0,3,0
processed,443,90,7,0,0,0,0,0,0,1,6,0
processed,94,15,1,0,0,0,0,0,0,0,0,0
processed,448,96,13,0,0,0,0,0,0,1,12,0
processed,692,141,11,0,0,0,0,0,0,1,8,2
processed,735,166,5,0,0,0,0,0,0,1,24,0
processed,91,17,1,0,0,0,0,0,0,0,2,0
processed,4,1,1,0,0,0,0,0,0,0,1,0
processed,150,30,3,1,0,0,0,0,0,0,2,0
processed,179,38,4,0,0,0,0,0,0,0,4,0
processed,155,25,3,0,0,0,0,0,0,0,0,0
processed,76,14,1,0,0,0,0,0,0,0,1,0
processed,284,53,1,0,0,0,0,0,0,0,4,0
processed,1122,229,7,0,0,0,0,0,0,4,17,0
processed,470,97,11,0,0,0,0,0,0,0,10,0
processed,50,12,1,0,0,0,0,0,0,0,2,0
processed,688,140,4,0,0,0,0,0,0,0,13,1
processed,314,64,4,0,0,0,0,0,0,0,0,0
processed,486,115,5,0,0,0,0,0,0,4,16,0
processed,241,49,5,0,0,0,0,0,0,0,2,0
processed,541,97,10,0,0,0,0,0,0,0,6,0
processed,346,64,5,0,0,0,0,0,0,0,1,0
processed,308,61,5,0,0,0,0,0,0,0,3,0
processed,1336,268,14,0,0,0,0,0,0,7,25,0
processed,261,48,4,0,0,0,0,0,0,0,5,0
processed,103,20,2,0,0,0,0,0,0,0,4,0
processed,127,27,6,0,0,0,0,0,0,1,4,0
processed,109,24,3,0,0,0,0,0,0,0,4,0
processed,306,59,4,0,0,0,0,0,0,0,3,0
processed,516,102,6,0,0,0,0,0,0,2,12,1
processed,1282,253,18,0,0,0,0,0,0,3,25,1
processed,382,78,6,0,0,0,0,0,0,1,4,0
processed,161,34,2,0,0,0,0,0,0,0,3,0
processed,84,14,4,0,0,0,0,0,0,0,0,0
processed,109,25,1,0,0,0,0,0,0,0,4,0
processed,105,25,2,0,0,0,0,0,0,1,3,0
processed,235,47,2,0,0,0,0,0,0,0,2,0
processed,250,48,6,2,0,0,0,0,0,0,1,0
processed,374,74,7,0,0,0,0,0,0,0,10,0
processed,871,173,12,0,0,0,0,0,0,1,10,0
processed,477,91,7,0,0,0,0,0,0,0,5,0
processed,138,30,3,0,0,0,0,0,0,0,2,0
processed,207,43,3,0,0,0,0,0,0,0,7,0
processed,942,216,12,0,0,0,0,0,0,3,5,0
processed,104,16,1,0,0,0,0,0,0,1,2,1
processed,716,152,7,0,0,0,0,0,0,2,9,0
processed,324,76,3,0,0,0,0,0,0,1,5,0
processed,221,44,4,0,0,0,0,0,0,0,5,0
processed,418,90,3,0,0,0,0,0,0,0,7,0
processed,134,24,1,0,0,0,0,0,0,0,5,0
processed,40,8,1,0,0,0,0,0,0,0,1,0
processed,463,89,3,0,0,0,0,0,0,2,8,0
processed,405,86,8,0,0,0,0,0,0,0,7,0
processed,178,30,1,0,0,0,0,0,0,0,1,0
processed,98,22,3,0,0,0,0,0,0,0,2,1
processed,196,34,4,0,0,0,0,0,0,0,1,0
processed,338,59,4,0,0,0,0,0,0,1,6,0
processed,741,171,8,0,0,0,0,0,0,5,13,0
processed,155,33,2,0,0,0,0,0,0,0,1,0
processed,282,61,4,0,0,0,0,0,0,3,3,0
processed,627,140,10,0,0,0,0,0,0,4,14,0
processed,140,29,1,0,0,0,0,0,0,0,16,0
processed,137,17,1,0,0,0,0,0,0,0,0,0
processed,115,20,1,0,0,0,0,0,0,1,3,0
processed,14,3,1,0,0,0,0,0,0,0,1,0
processed,111,17,3,0,0,0,0,0,0,0,0,0
processed,78,15,1,0,0,0,0,0,0,0,1,0
processed,95,20,2,0,0,0,0,0,0,1,1,0
processed,215,36,2,0,0,0,0,0,0,0,7,0
processed,521,109,7,0,0,0,0,0,0,0,15,0
processed,520,96,10,0,0,0,0,0,0,0,7,0
processed,472,83,3,0,0,0,0,0,0,0,5,1
processed,155,25,2,0,0,0,0,0,0,0,0,0
processed,544,108,12,0,0,0,0,0,0,1,4,0
processed,270,60,3,0,0,0,0,0,0,1,6,0
processed,591,100,3,1,0,0,0,0,0,0,10,0
processed,111,17,1,0,0,0,0,0,0,0,1,0
processed,844,165,10,0,0,0,0,0,0,1,22,0
processed,444,101,6,0,0,0,0,0,0,1,8,0
processed,1039,221,8,0,0,0,0,0,0,5,15,0
processed,672,144,9,3,0,0,0,0,0,2,15,0
processed,526,96,3,6,0,0,0,0,0,1,7,0
processed,573,126,4,0,0,0,0,0,0,4,9,0
processed,463,87,4,0,0,0,0,0,0,0,2,1
processed,59,15,3,0,0,0,0,0,0,1,0,0
processed,633,136,9,0,0,0,0,0,0,0,17,0
processed,176,36,1,0,0,0,0,0,0,2,3,0
processed,208,36,5,0,0,0,0,0,0,0,4,0
processed,294,66,2,0,0,0,0,0,0,2,7,0
processed,761,143,3,3,0,0,0,0,0,2,17,0
processed,45,7,1,0,0,0,0,0,0,0,0,0
processed,480,94,6,0,0,0,0,0,0,0,11,0
processed,594,123,11,0,0,0,0,0,0,1,7,1
processed,778,166,5,0,0,0,0,0,0,2,21,0
processed,832,181,11,1,0,0,0,0,0,3,15,1
processed,365,83,6,0,0,0,0,0,0,3,6,0
processed,236,47,5,0,0,0,0,0,0,1,2,0
processed,637,133,11,0,0,0,0,0,0,0,14,0
processed,1376,299,18,5,0,0,0,0,0,0,30,0
processed,1458,299,10,2,0,0,0,0,0,4,15,0
processed,268,58,5,0,0,0,0,0,0,1,7,0
processed,229,46,2,0,0,0,0,0,0,0,5,0
processed,1188,224,11,0,0,0,0,0,0,2,21,1
processed,290,59,5,0,0,0,0,0,0,0,3,0
processed,454,82,4,0,0,0,0,0,0,0,11,0
processed,212,42,3,0,0,0,0,0,0,1,3,0
processed,669,143,6,0,0,0,0,0,0,0,13,0
processed,404,76,1,0,0,0,0,0,0,0,7,0
processed,749,148,14,0,0,0,0,0,0,0,14,3
processed,360,69,5,0,0,0,0,0,0,0,3,0
processed,813,159,5,0,0,0,0,0,0,1,11,0
processed,90,19,2,0,0,0,0,0,0,0,2,0
processed,569,125,2,0,0,0,0,0,0,0,21,0
processed,60,13,1,0,0,0,0,0,0,0,1,0
processed,91,21,6,0,0,0,0,0,0,0,3,0
processed,297,63,4,0,0,0,0,0,0,0,6,0
processed,777,156,14,0,0,0,0,0,0,2,10,1
processed,203,39,4,0,0,0,0,0,0,0,3,0
processed,177,36,2,0,0,0,0,0,0,0,4,0
processed,483,85,5,0,0,0,0,0,0,0,2,0
processed,262,57,3,0,0,0,0,0,0,1,2,0
processed,195,37,3,0,0,0,0,0,0,0,3,0
processed,518,104,1,0,0,0,0,0,0,2,12,0
processed,66,14,1,0,0,0,0,0,0,0,3,0
processed,514,102,8,0,0,0,0,0,0,0,6,0
processed,132,26,3,0,0,0,0,0,0,2,2,0
processed,50,9,1,0,0,0,0,0,0,0,1,0
processed,75,12,1,0,0,0,0,0,0,1,4,0
processed,527,94,3,0,0,0,0,0,0,1,3,0
processed,80,12,1,0,0,0,0,0,0,0,2,0
processed,9,2,1,0,0,0,0,0,0,0,0,0
processed,221,43,4,0,0,0,0,0,0,0,5,0
processed,90,13,3,0,0,0,0,0,0,0,0,0
processed,190,33,1,0,0,0,0,0,0,0,4,0
processed,330,58,3,0,0,0,0,0,0,0,1,0
processed,123,21,2,0,0,0,0,0,0,0,0,0
processed,84,18,3,0,0,0,0,0,0,0,1,0
processed,604,125,2,0,0,0,0,0,0,2,7,0
processed,194,47,4,0,0,0,0,0,0,0,3,0
processed,665,138,23,0,0,0,0,0,0,0,5,0
processed,219,45,3,0,0,0,0,0,0,0,3,0
processed,395,74,4,0,0,0,0,0,0,1,4,0
processed,385,91,8,0,0,0,0,0,0,0,6,0
processed,328,60,2,0,0,0,0,0,0,0,6,0
processed,336,70,4,0,0,0,0,0,0,0,8,0
processed,470,97,9,0,0,0,0,0,0,2,7,0
processed,100,11,1,0,0,0,0,0,0,0,1,0
processed,530,98,8,0,0,0,0,0,0,0,6,0
processed,485,91,4,0,0,0,0,0,0,2,3,0
processed,114,22,2,0,0,0,0,0,0,0,1,0
processed,371,77,5,0,0,0,0,0,0,1,6,0
processed,236,51,4,0,0,0,0,0,0,0,6,0
processed,513,108,11,0,0,0,0,0,0,2,9,0
processed,74,17,3,0,0,0,0,0,0,0,1,0
processed,79,15,1,0,0,0,0,0,0,0,0,0
processed,284,57,3,0,0,0,0,0,0,0,10,0
processed,202,43,3,0,0,0,0,0,0,0,8,0
processed,107,18,1,0,0,0,0,0,0,0,2,0
processed,560,118,9,0,0,0,0,0,0,1,12,0
processed,91,17,2,0,0,0,0,0,0,0,2,0
processed,111,21,1,0,0,0,0,0,0,0,4,0
processed,360,67,2,0,0,0,0,0,0,0,5,0
processed,866,168,11,0,0,0,0,0,0,2,11,0
processed,104,17,1,0,0,0,0,0,0,0,1,0
processed,45,10,1,0,0,0,0,0,0,0,1,0
processed,86,18,1,0,0,0,0,0,0,0,1,0
processed,333,72,3,0,0,0,0,0,0,0,1,0
processed,71,10,1,0,0,0,0,0,0,0,0,0
processed,154,28,2,0,0,0,0,0,0,0,2,0
processed,282,54,2,0,0,0,0,0,0,1,5,0
processed,335,62,5,0,0,0,0,0,0,0,4,0
processed,236,48,3,0,0,0,0,0,0,0,6,0
processed,338,74,5,0,0,0,0,0,0,2,9,0
processed,209,41,6,0,0,0,0,0,0,1,5,0
processed,335,71,6,0,0,0,0,0,0,0,7,0
processed,394,72,7,0,0,0,0,0,0,0,3,0
processed,1870,372,20,9,0,0,0,0,0,4,30,0
processed,446,98,14,0,0,0,0,0,0,1,15,0
processed,966,172,7,0,0,0,0,0,0,1,14,0
processed,685,126,4,0,0,0,0,0,0,2,14,0
processed,372,76,4,0,0,0,0,0,0,2,3,0
processed,244,53,3,0,0,0,0,0,0,0,5,0
processed,97,18,1,0,0,0,0,0,0,0,1,0
processed,166,33,3,0,0,0,0,0,0,0,2,0
processed,962,194,6,0,0,0,0,0,0,2,23,0
processed,208,45,2,0,0,0,0,0,0,3,6,0
processed,140,24,2,0,0,0,0,0,0,0,2,0
processed,308,55,4,0,0,0,0,0,0,0,3,0
processed,286,64,3,0,0,0,0,0,0,0,6,0
processed,491,97,5,0,0,0,0,0,0,0,5,0
processed,704,149,7,0,0,0,0,0,0,1,7,0
processed,94,19,1,0,0,0,0,0,0,0,1,0
processed,69,14,2,0,0,0,0,0,0,0,1,0
processed,317,66,4,0,0,0,0,0,0,0,7,0
processed,85,13,2,0,0,0,0,0,0,0,1,0
processed,564,107,7,0,0,0,0,0,0,1,4,0
processed,79,16,2,0,0,0,0,0,0,0,2,0
processed,396,81,3,0,0,0,0,0,0,1,3,0
processed,100,21,4,0,0,0,0,0,0,0,2,0
processed,71,9,1,0,0,0,0,0,0,0,1,0
processed,540,112,9,0,0,0,0,0,0,0,16,0
processed,82,17,1,0,0,0,0,0,0,0,2,0
processed,60,14,1,0,0,0,0,0,0,0,1,0
processed,0,0,0,0,0,0,0,0,0,0,0,0
processed,229,47,5,0,0,0,0,0,0,0,5,0
processed,167,40,5,0,0,0,0,0,0,1,3,0
processed,225,42,3,0,0,0,0,0,0,0,2,0
processed,55,11,1,0,0,0,0,0,0,0,3,0
processed,370,79,4,0,0,0,0,0,0,0,3,0
processed,138,31,3,0,0,0,0,0,0,0,2,0
processed,388,86,3,0,0,0,0,0,0,1,12,0
processed,72,15,1,0,0,0,0,0,0,1,1,0
processed,426,93,1,0,0,0,0,0,0,2,11,0
processed,567,111,7,0,0,0,0,0,0,2,4,0
processed,221,47,5,0,0,0,0,0,0,1,3,0
processed,844,172,10,0,0,0,0,0,0,1,19,1
processed,616,123,8,0,0,0,0,0,0,2,9,0
processed,64,10,1,0,0,0,0,0,0,0,2,0
processed,61,12,2,0,0,0,0,0,0,0,1,0
processed,901,176,8,0,0,0,0,0,0,0,10,0
processed,704,146,12,0,0,0,0,0,2,2,9,0
processed,111,19,1,0,0,0,0,0,0,0,1,0
processed,153,33,1,0,0,0,0,0,0,0,1,0
processed,540,106,11,0,0,0,0,0,0,0,4,0
processed,646,132,4,0,0,0,0,0,0,2,9,0
processed,648,124,8,0,0,0,0,0,0,0,8,0
processed,217,50,4,0,0,0,0,0,0,1,6,0
processed,212,35,3,0,0,0,0,0,0,0,3,0
processed,709,130,1,0,0,0,0,0,0,1,10,0
processed,734,139,14,0,0,0,0,0,0,0,13,0
processed,702,138,11,0,0,0,0,0,0,0,14,0
processed,188,29,1,0,0,0,0,0,0,0,0,0
processed,508,102,6,0,0,0,0,0,0,1,8,0
processed,142,27,3,0,0,0,0,0,0,0,3,0
processed,350,72,4,0,0,0,0,0,0,0,9,0
processed,248,46,1,0,0,0,0,0,0,1,1,0
processed,93,21,2,0,0,0,0,0,0,0,1,0
processed,651,131,7,0,0,0,0,0,0,0,10,0
processed,2118,427,31,6,0,0,0,0,0,5,35,0
processed,320,63,6,0,0,0,0,0,0,1,7,0
processed,222,39,5,0,0,0,0,0,0,0,4,0
processed,149,30,2,0,0,0,0,0,0,0,0,0
processed,271,56,4,0,0,0,0,0,0,0,4,0
processed,100,19,3,0,0,0,0,0,0,0,0,0
processed,453,86,13,0,0,0,0,0,0,1,4,0
processed,570,116,12,0,0,0,0,0,0,1,8,0
processed,151,31,3,1,0,0,0,0,0,0,0,0
processed,523,103,6,1,0,0,0,0,0,0,14,0
processed,637,141,15,0,0,0,0,0,0,2,9,0
processed,229,49,1,0,0,0,0,0,0,0,3,0
processed,213,41,3,0,0,0,0,0,0,1,5,0
processed,353,70,5,0,0,0,0,0,0,1,8,0
processed,366,75,5,0,0,0,0,0,0,1,2,0
processed,408,80,3,0,0,0,0,0,0,0,6,0
processed,12,4,1,0,0,0,0,0,0,0,0,0
processed,202,40,2,0,0,0,0,0,0,0,5,0
processed,495,112,6,0,0,0,0,0,0,0,7,0
processed,444,95,9,0,0,0,0,0,0,0,5,0
processed,245,50,2,0,0,0,0,0,0,0,3,0
processed,35,9,1,0,0,0,0,0,0,0,3,0
processed,336,63,4,0,0,0,0,0,0,0,4,0
processed,1091,223,11,0,0,0,0,0,0,0,22,1
processed,583,118,5,1,0,0,0,0,0,1,6,1
processed,267,57,4,0,0,0,0,0,0,2,2,0
processed,39,9,1,0,0,0,0,0,0,0,1,0
processed,742,138,8,0,0,0,0,0,0,0,18,0
processed,221,45,5,0,0,0,0,0,0,0,10,0
processed,32,6,1,0,0,0,0,0,0,0,2,0
processed,780,146,13,0,0,0,0,0,0,0,12,0
processed,598,119,8,0,0,0,0,0,0,0,13,0
processed,514,101,5,0,0,0,0,0,0,0,4,0
processed,96,20,1,0,0,0,0,0,0,0,1,0
processed,342,66,1,0,0,0,0,0,0,0,15,0
processed,2054,418,23,0,0,0,0,0,0,5,40,1
processed,177,34,1,0,0,0,0,0,0,1,4,0
processed,143,34,4,0,0,0,0,0,0,1,2,0
processed,324,55,4,0,0,0,0,0,0,2,4,0
processed,112,21,4,0,0,0,0,0,0,0,3,0
processed,706,138,5,0,0,0,0,0,0,2,15,0
processed,474,102,6,0,0,0,0,0,0,0,10,0
processed,119,24,1,0,0,0,0,0,0,0,2,0
processed,978,218,18,4,0,0,0,0,0,2,13,0
processed,301,64,2,0,0,0,0,0,0,2,8,0
processed,125,23,2,0,0,0,0,0,0,0,2,1
processed,165,28,3,0,0,0,0,0,0,0,3,0
processed,479,100,8,0,0,0,0,0,0,1,5,0
processed,51,13,2,0,0,0,0,0,0,1,1,1
processed,49,6,1,0,0,0,0,0,0,0,0,0
processed,394,89,9,0,0,0,0,0,0,1,9,0
processed,82,16,2,0,0,0,0,0,0,0,2,0
processed,471,94,8,0,0,0,0,0,0,0,6,0
processed,214,51,9,0,0,0,0,0,0,0,1,0
processed,481,96,10,0,0,0,0,0,0,0,9,0
processed,98,19,2,0,0,0,0,0,0,0,1,0
processed,1417,288,5,0,0,0,0,0,0,6,16,0
processed,792,160,9,0,0,0,0,0,0,0,14,0
processed,180,33,2,0,0,0,0,0,0,0,2,0
processed,31,8,1,0,0,0,0,0,0,0,3,0
processed,559,106,7,0,0,0,0,0,0,1,5,0
processed,463,100,1,0,0,0,0,0,0,1,10,0
processed,194,39,3,0,0,0,0,0,0,1,3,0
processed,692,144,7,0,0,0,0,0,0,1,17,0
processed,145,31,3,0,0,0,0,0,0,0,4,0
processed,636,119,5,0,0,0,0,0,0,0,10,0
processed,251,46,3,0,0,0,0,0,0,0,6,0
processed,306,58,4,0,0,0,0,0,0,0,6,0
processed,48,12,1,0,0,0,0,0,0,0,3,0
processed,489,101,9,0,0,0,0,0,0,0,12,0
processed,806,177,13,0,0,0,0,0,0,4,18,0
processed,267,58,6,0,0,0,0,0,0,1,4,0
processed,244,48,2,0,0,0,0,0,0,0,4,0
processed,405,78,3,0,0,0,0,0,0,2,2,0
processed,256,38,2,0,0,0,0,0,0,0,0,0
processed,401,87,4,0,0,0,0,0,0,2,6,0
processed,1130,239,7,0,0,0,0,0,0,0,22,0
processed,66,9,1,0,0,0,0,0,0,0,1,0
processed,148,36,2,0,0,0,0,0,0,1,2,0
processed,1138,247,19,0,0,0,0,0,0,5,10,0
processed,697,140,6,0,0,0,0,0,0,1,11,0
processed,434,80,4,0,0,0,0,0,0,0,5,0
processed,175,35,3,0,0,0,0,0,0,1,2,0
processed,395,83,1,0,0,0,0,0,0,3,13,0
processed,59,10,1,0,0,0,0,0,0,0,0,0
processed,413,95,7,0,0,0,0,0,0,2,13,0
processed,848,163,14,0,0,0,0,0,0,4,12,2
processed,452,95,7,0,0,0,0,0,0,0,5,0
processed,150,31,3,0,0,0,0,0,0,1,2,0
processed,279,56,4,0,0,0,0,0,0,0,3,0
processed,56,10,3,0,0,0,0,0,0,0,2,0
processed,148,26,2,0,0,0,0,0,0,0,2,0
processed,329,59,4,0,0,0,0,0,0,0,2,0
processed,19,5,1,0,0,0,0,0,0,0,0,0
processed,320,69,1,0,0,0,0,0,0,1,4,0
processed,393,77,4,0,0,0,0,0,0,1,4,0
processed,80,17,2,0,0,0,0,0,0,0,3,0
processed,225,45,3,0,0,0,0,0,0,0,3,0
processed,12,4,1,0,0,0,0,0,0,0,0,0
processed,93,17,1,0,0,0,0,0,0,0,0,0
processed,118,24,2,0,0,0,0,0,0,0,1,1
processed,646,138,4,0,0,0,0,0,0,2,5,0
processed,366,75,5,0,0,0,0,0,0,1,10,0
processed,146,20,1,0,0,0,0,0,0,0,1,0
processed,395,79,7,0,0,0,0,0,0,0,7,0
processed,1182,231,18,0,0,0,0,0,0,3,13,0
processed,245,52,3,0,0,0,0,0,0,1,4,0
processed,1367,229,9,0,0,0,0,0,0,1,25,0
processed,92,16,3,0,0,0,0,0,0,0,0,0
processed,137,20,3,0,0,0,0,0,0,0,0,0
processed,613,129,7,0,0,0,0,0,0,2,15,0
processed,752,160,15,0,0,0,0,0,0,0,17,0
processed,1203,245,15,0,0,0,0,0,0,1,10,0
processed,206,36,6,0,0,0,0,0,0,0,4,0
processed,580,112,9,0,0,0,0,0,0,1,5,0
processed,56,9,2,0,0,0,0,0,0,0,2,0
processed,3097,607,21,1,0,0,0,0,0,6,61,2
processed,397,78,6,0,0,0,0,0,0,0,9,0
processed,26,4,1,0,0,0,0,0,0,0,0,0
processed,487,107,5,0,0,0,0,0,0,0,5,0
processed,193,38,3,0,0,0,0,0,0,0,0,0
processed,701,146,11,0,0,0,0,0,0,1,10,0
processed,586,101,7,0,0,0,0,0,0,0,6,0
processed,61,9,1,0,0,0,0,0,0,0,2,0
processed,140,30,2,0,0,0,0,0,0,0,3,0
processed,162,42,6,0,0,0,0,0,0,0,1,0
processed,314,54,1,0,0,0,0,0,0,1,3,0
processed,502,107,12,0,0,0,0,0,0,2,3,0
processed,114,19,1,0,0,0,0,0,0,0,2,0
processed,468,94,12,0,0,0,0,0,0,0,6,0
processed,141,27,5,0,0,0,0,0,0,1,0,0
processed,464,108,5,0,0,0,0,0,0,1,11,0
processed,475,97,7,0,0,0,0,0,0,1,5,0
processed,724,148,4,0,0,0,0,0,0,1,15,0
processed,1964,397,14,0,0,0,0,0,0,3,27,0
processed,181,37,1,1,0,0,0,0,0,0,3,0
processed,921,190,20,0,0,0,0,0,1,0,10,0
processed,447,96,5,0,0,0,0,0,0,6,6,0
processed,312,58,5,0,0,0,0,0,0,0,5,0
processed,256,52,3,0,0,0,0,0,0,1,1,0
processed,930,208,12,0,0,0,0,0,0,0,18,0
processed,408,85,8,0,0,0,0,0,0,4,8,0
processed,194,34,5,0,0,0,0,0,1,0,6,0
processed,648,139,6,0,0,0,0,0,0,1,6,1
processed,521,112,9,0,0,0,0,0,0,1,5,0
processed,89,18,1,3,0,0,0,0,0,0,1,0
processed,204,40,4,0,0,0,0,0,0,0,4,0
processed,685,134,8,0,0,0,0,0,0,0,8,0
processed,332,73,25,0,0,0,0,0,0,2,5,0
processed,116,21,1,0,0,0,0,0,0,1,1,0
processed,452,92,8,0,0,0,0,0,0,2,10,0
processed,148,29,2,0,0,0,0,0,0,1,2,0
processed,106,24,2,0,0,0,0,0,0,1,6,0
processed,84,12,1,0,0,0,0,0,0,0,1,0
processed,126,24,2,0,0,0,0,0,0,0,1,0
processed,110,18,1,0,0,0,0,0,0,0,1,0
processed,284,39,5,0,0,0,0,0,0,0,3,0
processed,827,179,8,0,0,0,0,0,0,1,16,0
processed,19,3,1,0,0,0,0,0,0,0,1,0
processed,627,124,11,0,0,0,0,0,0,0,11,0
processed,588,117,7,0,0,0,0,0,0,4,3,0
processed,140,34,3,0,0,0,0,0,0,2,0,0
processed,273,53,3,0,0,0,0,0,0,0,0,0
processed,243,59,3,0,0,0,0,0,0,1,5,0
processed,82,17,1,0,0,0,0,0,0,0,1,0
processed,852,191,10,0,0,0,0,0,0,0,16,1
processed,1013,192,15,0,0,0,0,0,0,1,8,0
processed,555,120,3,0,0,0,0,0,0,0,8,0
processed,340,60,2,0,0,0,0,0,0,0,7,0
processed,766,137,6,0,0,0,0,0,0,0,10,0
processed,276,57,4,0,0,0,0,0,0,0,5,0
processed,636,127,12,0,0,0,0,0,0,1,11,0
processed,83,19,2,0,0,0,0,0,0,0,1,0
processed,1656,312,17,0,0,0,0,0,0,1,26,1
processed,182,38,4,0,0,0,0,0,0,0,3,0
processed,40,11,1,0,0,0,0,0,0,0,2,0
processed,196,36,4,0,0,0,0,0,0,0,2,0
processed,697,142,13,0,0,0,0,0,0,4,8,2
processed,762,168,3,0,0,0,0,0,0,0,8,0
processed,420,92,7,0,0,0,0,0,0,1,5,0
processed,973,205,11,0,0,0,0,0,0,4,16,0
processed,129,24,3,0,0,0,0,0,0,1,1,0
processed,87,18,2,0,0,0,0,0,0,0,1,0
processed,141,25,2,0,0,0,0,0,0,1,4,0
processed,119,25,1,0,0,0,0,0,0,1,1,0
processed,242,41,5,0,0,0,0,0,0,0,0,0
processed,124,26,5,0,0,0,0,0,0,0,1,0
processed,59,12,2,0,0,0,0,0,0,0,1,0
processed,142,29,2,0,0,0,0,0,0,0,4,0
processed,148,31,3,0,0,0,0,0,0,0,5,0
processed,181,41,5,0,0,0,0,0,0,1,6,0
processed,402,87,6,0,0,0,0,0,0,1,4,0
processed,1623,313,11,0,0,0,0,0,0,0,22,0
processed,511,103,8,0,0,0,0,0,0,4,16,0
processed,274,57,17,0,0,0,0,0,0,0,7,0
processed,159,21,1,0,0,0,0,0,0,0,5,0
processed,384,86,6,0,0,0,0,0,0,0,9,0
processed,512,109,1,0,0,0,0,0,0,0,12,0
processed,460,91,1,0,0,0,0,0,0,0,10,0
processed,195,38,6,0,0,0,0,0,0,0,3,0
processed,597,119,2,1,0,0,0,0,0,0,9,0
processed,235,49,3,0,0,0,0,0,0,1,7,0
processed,132,23,3,0,0,0,0,0,0,0,3,0
processed,561,116,9,0,0,0,0,0,0,0,11,0
processed,975,204,8,0,0,0,0,0,0,2,18,0
processed,39,9,1,0,0,0,0,0,0,0,2,0
processed,249,45,5,0,0,0,0,0,0,0,3,0
processed,354,67,4,0,0,0,0,0,0,0,3,0
processed,93,20,1,0,0,0,0,0,0,0,1,0
processed,476,99,7,0,0,0,0,0,0,1,3,0
processed,86,20,2,0,0,0,0,0,0,0,1,0
processed,485,95,5,0,0,0,0,0,0,2,9,0
processed,336,62,4,0,0,0,0,0,0,0,8,0
processed,197,47,1,0,0,0,0,0,0,0,4,1
processed,84,15,1,0,0,0,0,0,0,0,3,0
processed,538,98,7,0,0,0,0,0,0,0,8,0
processed,633,132,10,0,0,0,0,0,0,0,9,0
processed,89,18,3,0,0,0,0,0,0,0,4,0
processed,167,34,3,0,0,0,0,0,0,0,5,0
processed,1087,213,8,0,0,0,0,0,0,3,16,0
processed,192,34,5,0,0,0,0,0,0,0,3,0
processed,290,61,3,0,0,0,0,0,0,0,10,0
processed,121,27,4,0,0,0,0,0,0,0,2,0
processed,24,5,1,0,0,0,0,0,0,0,0,0
processed,611,125,10,0,0,0,0,0,0,2,10,0
processed,491,95,8,0,0,0,0,0,0,2,8,0
processed,213,39,4,0,0,0,0,0,0,0,1,0
processed,432,87,4,0,0,0,0,0,0,0,11,0
processed,439,98,1,0,0,0,0,0,0,1,10,1
processed,49,12,2,0,0,0,0,0,0,0,0,0
processed,47,10,3,0,0,0,0,0,0,0,1,0
processed,269,52,4,0,0,0,0,0,0,0,4,0
processed,979,193,11,0,0,0,0,0,0,1,13,0
processed,1172,203,5,0,0,0,0,0,0,4,14,0
processed,154,30,2,0,0,0,0,0,0,0,3,0
processed,69,18,3,0,0,0,0,0,0,0,3,0
processed,188,34,2,0,0,0,0,0,0,0,3,0
processed,204,45,4,0,0,0,0,0,0,0,5,0
processed,170,37,2,0,0,0,0,0,0,1,2,0
processed,139,28,2,0,0,0,0,0,0,0,1,0
processed,119,25,3,0,0,0,0,0,0,0,4,0
processed,24,5,1,0,0,0,0,0,0,0,0,0
processed,126,26,1,0,0,0,0,0,0,0,0,0
processed,95,19,3,0,0,0,0,0,0,0,3,0
processed,569,119,17,0,0,0,0,0,0,2,11,0
processed,456,92,8,0,0,0,0,0,0,0,9,0
processed,302,58,4,0,0,0,0,0,0,2,4,0
processed,503,93,7,0,0,0,0,0,0,1,11,0
processed,87,13,1,0,0,0,0,0,0,0,2,0
processed,692,145,5,0,0,0,0,0,0,1,11,0
processed,686,141,10,0,0,0,0,0,0,3,11,0
processed,7,1,1,0,0,0,0,0,0,0,0,0
processed,607,118,8,0,0,0,0,0,0,0,6,1
processed,79,15,1,0,0,0,0,0,0,1,1,0
processed,550,113,15,0,0,0,0,0,0,1,7,0
processed,586,122,5,0,0,0,0,0,0,3,8,0
processed,556,108,7,0,0,0,0,0,0,1,9,0
processed,331,61,3,0,0,0,0,0,0,0,9,0
processed,42,9,1,0,0,0,0,0,0,0,1,0
processed,149,30,2,0,0,0,0,0,0,0,5,0
processed,87,23,1,0,0,0,0,0,0,0,2,0
processed,37,7,1,0,0,0,0,0,0,0,1,0
processed,458,91,8,0,0,0,0,0,0,1,8,2
processed,150,27,3,0,0,0,0,0,0,0,1,0
processed,533,111,7,0,0,0,0,0,0,3,6,0
processed,172,34,2,0,0,0,0,0,0,0,3,0
processed,1032,184,14,0,0,0,0,0,0,3,4,0
processed,280,57,4,0,0,0,0,0,0,1,2,0
processed,154,32,4,0,0,0,0,0,0,1,6,0
processed,299,69,5,0,0,0,0,0,0,1,3,0
processed,221,37,3,0,0,0,0,0,0,1,4,0
processed,316,62,5,0,0,0,0,0,0,0,3,0
processed,275,53,5,0,0,0,0,0,0,0,5,0
processed,752,151,12,0,0,0,0,0,0,1,13,0
processed,260,53,8,0,0,0,0,0,0,0,3,0
processed,171,30,3,0,0,0,0,0,0,0,2,0
processed,858,150,1,1,0,0,0,0,0,0,10,0
processed,472,99,6,0,0,0,0,0,0,0,4,0
processed,558,106,13,3,0,0,0,0,0,2,4,0
processed,475,103,4,1,0,0,0,0,0,0,7,0
processed,1973,404,26,0,0,0,0,0,0,2,36,0
processed,575,123,4,0,0,0,0,0,0,3,6,0
processed,224,51,5,0,0,0,0,0,0,2,6,0
processed,809,158,8,0,0,0,0,0,0,0,13,1
processed,283,64,8,0,0,0,0,0,0,1,8,0
processed,150,28,4,0,0,0,0,0,0,0,1,0
processed,189,36,1,0,0,0,0,0,0,0,3,0
processed,92,19,2,0,0,0,0,0,0,1,3,0
processed,343,73,7,0,0,0,0,0,0,0,8,0
processed,744,148,10,0,0,0,0,0,0,0,20,0
processed,78,14,2,0,0,0,0,0,0,0,1,0
processed,612,141,6,0,0,0,0,0,0,4,11,0
processed,194,37,2,0,0,0,0,0,0,0,2,0
processed,986,195,9,0,0,0,0,0,0,0,11,1
processed,270,58,5,0,0,0,0,0,0,0,3,0
processed,288,62,3,0,0,0,0,0,0,2,7,0
processed,580,123,10,0,0,0,0,0,0,0,11,0
processed,253,41,1,0,0,0,0,0,0,0,5,0
processed,497,88,6,0,0,0,0,0,0,1,6,0
processed,1098,219,10,0,0,0,0,0,0,3,20,0
processed,251,50,4,0,0,0,0,0,0,0,2,1
processed,113,26,1,0,0,0,0,0,0,0,1,0
processed,330,54,3,0,0,0,0,0,0,0,2,0
processed,169,32,4,0,0,0,0,0,0,0,1,0
processed,991,190,11,0,0,0,0,0,0,0,10,0
processed,173,41,5,0,0,0,0,0,0,0,5,0
processed,110,21,1,0,0,0,0,0,0,0,3,0
processed,59,12,1,0,0,0,0,0,0,0,2,0
processed,102,19,2,0,0,0,0,0,0,0,3,0
processed,126,22,2,0,0,0,0,0,0,0,1,0
processed,189,35,3,0,0,0,0,0,0,0,2,0
processed,200,47,5,0,0,0,0,0,0,1,4,0
processed,801,161,3,0,0,0,0,0,0,5,9,0
processed,97,19,3,0,0,0,0,0,0,1,1,0
processed,141,28,1,0,0,0,0,0,0,0,2,0
processed,747,144,5,0,0,0,0,0,0,1,9,0
processed,580,107,9,0,0,0,0,0,0,2,8,0
processed,217,46,3,0,0,0,0,0,0,0,7,0
processed,135,27,3,0,0,0,0,0,0,0,3,0
processed,126,29,2,0,0,0,0,0,0,0,6,0
processed,375,75,4,0,0,0,0,0,0,0,4,0
processed,664,134,9,0,0,0,0,0,0,1,4,0
processed,1018,219,14,0,0,0,0,0,0,3,11,0
processed,221,45,4,0,0,0,0,0,0,0,2,0
processed,134,28,3,0,0,0,0,0,0,0,2,0
processed,310,53,1,0,0,0,0,0,0,1,4,0
processed,28,5,1,0,0,0,0,0,0,0,1,0
processed,72,17,1,0,0,0,0,0,0,1,4,0
processed,606,114,11,1,0,0,0,0,0,3,5,0
processed,684,134,9,0,0,0,0,0,0,0,14,0
processed,267,52,4,0,0,0,0,0,0,0,2,0
processed,453,99,8,0,0,0,0,0,0,1,5,0
processed,552,106,11,0,0,0,0,0,0,2,4,1
processed,694,149,13,0,0,0,0,0,0,0,14,0
processed,155,30,1,0,0,0,0,0,0,1,1,2
processed,678,133,8,0,0,0,0,0,0,0,11,0
processed,144,27,1,1,0,0,0,0,0,0,0,1
processed,146,28,1,0,0,0,0,0,0,0,4,0
processed,186,44,3,0,0,0,0,0,0,1,3,0
processed,325,75,5,0,0,0,0,0,0,2,5,0
processed,1235,254,16,0,0,0,0,0,0,3,18,1
processed,450,90,4,0,0,0,0,0,0,2,7,0
processed,119,23,2,0,0,0,0,0,0,1,1,0
processed,158,32,3,0,0,0,0,0,0,1,2,1
processed,229,44,6,0,0,0,0,0,0,0,2,0
processed,79,14,1,0,0,0,0,0,0,0,1,0
processed,58,10,2,0,0,0,0,0,0,0,0,0
processed,805,169,23,0,0,0,0,0,0,1,8,0
processed,76,17,7,0,0,0,0,0,0,0,1,0
processed,430,76,7,0,0,0,0,0,0,0,4,0
processed,1814,361,15,0,0,0,0,0,0,0,25,1
processed,184,39,4,0,0,0,0,0,0,0,5,0
processed,204,35,1,0,0,0,0,0,0,1,8,0
processed,866,184,10,0,0,0,0,0,0,3,12,0
processed,28,9,1,0,0,0,0,0,0,0,0,0
processed,124,31,3,0,0,0,0,0,0,1,4,0
processed,215,39,3,0,0,0,0,0,0,0,2,0
processed,190,36,3,0,0,0,0,0,0,0,3,0
processed,243,48,5,0,0,0,0,0,0,1,5,0
processed,1811,368,22,5,0,0,0,0,0,6,24,0
processed,33,5,1,0,0,0,0,0,0,0,1,0
processed,296,64,1,0,0,0,0,0,0,0,5,0
processed,462,91,10,0,0,0,0,0,0,2,13,2
processed,1179,255,12,0,0,0,0,0,0,1,20,0
processed,1721,342,11,0,0,0,0,0,0,2,30,1
processed,403,82,5,0,0,0,0,0,0,0,6,0
processed,628,135,6,0,0,0,0,0,0,1,7,0
processed,297,70,1,0,0,0,0,0,0,2,7,0
processed,340,57,2,0,0,0,0,0,0,0,6,0
processed,1313,268,11,0,0,0,0,0,0,1,20,0
processed,449,100,6,0,0,0,0,0,0,2,4,0
processed,115,23,6,0,0,0,0,0,0,0,2,0
processed,544,99,7,0,0,0,0,0,0,1,10,0
processed,533,87,6,0,0,0,0,0,0,0,3,0
processed,173,38,2,0,0,0,0,0,0,1,2,0
processed,582,120,14,0,0,0,0,0,0,3,9,0
processed,872,185,9,0,0,0,0,0,0,0,12,0
processed,358,62,6,0,0,0,0,0,0,0,3,0
processed,655,142,4,0,0,0,0,0,0,2,9,0
processed,459,84,5,0,0,0,0,0,0,2,3,0
processed,150,26,3,3,0,0,0,0,0,0,2,0
processed,50,8,2,0,0,0,0,0,0,0,0,0
processed,738,167,11,0,0,0,0,0,0,5,10,0
processed,272,57,5,0,0,0,0,0,0,2,5,0
processed,210,43,1,0,0,0,0,0,0,0,6,0
processed,503,99,5,0,0,0,0,0,0,1,8,1
processed,81,18,2,0,0,0,0,0,0,0,3,0
processed,252,49,2,0,0,0,0,0,0,0,5,0
processed,205,42,3,3,0,0,0,0,0,0,1,0
processed,274,57,5,0,0,0,0,0,0,0,4,0
processed,121,26,2,0,0,0,0,0,0,0,1,0
processed,98,15,1,0,0,0,0,0,0,0,1,0
processed,1324,281,19,0,0,0,0,0,0,5,28,0
processed,1390,254,13,0,0,0,0,0,0,0,30,0
processed,150,26,1,0,0,0,0,0,0,0,4,0
processed,1354,268,16,0,0,0,0,0,0,2,18,0
processed,678,150,7,0,0,0,0,0,0,0,9,0
processed,156,31,2,0,0,0,0,0,0,0,3,0
processed,91,20,1,0,0,0,0,0,0,0,5,0
processed,482,86,2,0,0,0,0,0,0,0,7,0
processed,122,27,1,0,0,0,0,0,0,0,2,0
processed,183,35,3,0,0,0,0,0,0,0,0,0
processed,560,115,8,0,0,0,0,0,0,2,6,0
processed,88,17,1,0,0,0,0,0,0,0,1,0
processed,283,55,3,0,0,0,0,0,0,0,4,0
processed,366,69,7,0,0,0,0,0,0,0,6,1
processed,587,108,9,0,0,0,0,0,0,2,14,0
processed,971,182,13,0,0,0,0,0,0,2,6,0
processed,528,98,6,0,0,0,0,0,0,1,13,0
processed,105,16,2,0,0,0,0,0,0,0,3,0
processed,298,60,2,0,0,0,0,0,0,0,2,0
processed,290,64,2,0,0,0,0,0,0,0,4,0
processed,302,59,5,0,0,0,0,0,0,2,4,1
processed,617,124,11,0,0,0,0,0,0,3,13,0
processed,929,174,7,0,0,0,0,0,0,1,12,0
processed,235,54,4,0,0,0,0,0,0,1,5,0
processed,102,17,3,0,0,0,0,0,0,1,1,0
processed,430,89,7,0,0,0,0,0,0,1,4,0
processed,161,32,5,0,0,0,0,0,0,0,2,0
processed,535,105,2,0,0,0,0,0,0,2,6,0
processed,771,169,3,2,0,0,0,0,0,5,16,0
processed,588,103,6,0,0,0,0,0,0,2,7,1
processed,1871,353,19,8,0,0,0,0,0,0,37,0
processed,180,29,1,0,0,0,0,0,0,0,6,2
processed,460,102,4,0,0,0,0,0,0,3,6,0
processed,748,148,6,0,0,0,0,0,0,1,13,0
processed,170,34,2,0,0,0,0,0,0,0,2,0
processed,306,67,9,0,0,0,0,0,3,0,1,0
processed,193,37,5,0,0,0,0,0,0,0,1,0
processed,36,10,2,0,0,0,0,0,0,1,1,0
processed,182,32,2,0,0,0,0,0,0,0,4,0
processed,71,18,2,0,0,0,0,0,0,0,3,0
processed,562,116,8,0,0,0,0,0,0,0,6,0
processed,515,106,6,0,0,0,0,0,1,0,7,0
processed,458,89,6,3,0,0,0,0,0,0,9,0
processed,328,71,3,0,0,0,0,0,0,1,4,0
processed,459,85,4,0,0,0,0,0,0,0,8,0
processed,304,64,6,0,0,0,0,0,0,0,5,0
processed,526,91,1,2,0,0,0,0,0,0,12,0
processed,202,40,2,0,0,0,0,0,0,0,0,1
processed,174,38,3,0,0,0,0,0,0,1,3,0
processed,221,49,4,0,0,0,0,0,0,1,4,0
processed,284,51,3,0,0,0,0,0,0,1,2,1
processed,842,161,13,0,0,0,0,0,0,0,16,0
processed,293,50,1,0,0,0,0,0,0,1,6,2
processed,136,29,4,0,0,0,0,0,0,0,3,0
processed,283,47,3,0,0,0,0,0,0,0,4,0
processed,334,64,2,0,0,0,0,0,0,0,5,0
processed,48,12,1,0,0,0,0,0,0,0,0,0
processed,287,48,1,0,0,0,0,0,0,0,5,0
processed,192,34,5,0,0,0,0,0,0,1,2,0
processed,156,35,3,0,0,0,0,0,0,0,2,0
processed,667,144,8,0,0,0,0,0,0,1,14,0
processed,730,154,9,0,0,0,0,0,0,0,7,0
processed,226,46,2,0,0,0,0,0,0,0,6,0
processed,242,45,3,0,0,0,0,0,0,1,6,0
processed,160,31,2,0,0,0,0,0,0,0,4,0
processed,310,61,5,0,0,0,0,0,0,0,6,0
processed,142,26,4,0,0,0,0,0,1,0,1,0
processed,330,66,5,0,0,0,0,0,0,0,4,0
processed,517,106,8,0,0,0,0,0,0,1,8,0
processed,770,156,13,0,0,0,0,0,0,4,21,1
processed,443,87,4,0,0,0,0,0,0,1,11,0
processed,291,58,4,0,0,0,0,0,0,0,3,0
processed,594,118,6,0,0,0,0,0,0,1,13,0
processed,330,75,3,0,0,0,0,0,0,1,6,0
processed,659,121,6,0,0,0,0,0,2,0,9,0
processed,79,18,2,0,0,0,0,0,0,0,3,0
processed,422,81,6,0,0,0,0,0,0,0,11,0
processed,585,116,3,0,0,0,0,0,0,0,12,0
processed,49,8,1,0,0,0,0,0,0,0,1,0
processed,476,110,5,0,0,0,0,0,0,0,10,0
processed,2470,478,26,0,0,0,0,0,0,1,24,1
processed,325,64,6,0,0,0,0,0,0,0,2,0
processed,238,49,3,0,0,0,0,0,0,1,2,0
processed,120,22,2,0,0,0,0,0,0,0,3,0
processed,182,40,2,0,0,0,0,0,1,0,3,0
processed,583,123,11,0,0,0,0,0,0,4,4,0
processed,132,25,2,0,0,0,0,0,0,0,1,0
processed,222,43,6,0,0,0,0,0,0,0,2,0
processed,550,106,5,0,0,0,0,0,0,0,12,1
processed,430,81,7,1,0,0,0,0,0,0,8,0
processed,9,1,1,0,0,0,0,0,0,0,0,0
processed,512,100,6,0,0,0,0,0,0,1,6,0
processed,451,99,4,0,0,0,0,0,0,2,9,0
processed,277,60,4,0,0,0,0,0,0,1,7,0
processed,271,58,4,0,0,0,0,0,0,1,10,0
processed,381,66,1,0,0,0,0,0,0,0,4,0
processed,106,25,2,0,0,0,0,0,0,0,2,0
processed,190,35,5,0,0,0,0,0,0,1,2,0
processed,48,7,1,0,0,0,0,0,0,0,1,0
processed,583,129,9,0,0,0,0,0,0,2,16,0
processed,16,4,1,0,0,0,0,0,0,1,1,0
processed,17,4,1,0,0,0,0,0,0,0,0,0
processed,126,27,2,0,0,0,0,0,0,0,3,0
processed,1787,357,24,0,0,0,0,0,0,6,32,0
processed,124,27,1,0,0,0,0,0,0,0,3,0
processed,57,12,2,0,0,0,0,0,0,0,1,0
processed,181,33,1,0,0,0,0,0,0,1,2,0
processed,496,96,5,0,0,0,0,0,0,2,8,0
processed,270,56,6,0,0,0,0,0,0,0,4,0
processed,235,44,2,0,0,0,0,0,0,3,3,0
processed,213,39,2,0,0,0,0,0,0,0,7,0
processed,1827,386,34,0,0,0,0,0,0,1,25,0
processed,131,22,4,0,0,0,0,0,0,0,3,0
processed,461,100,9,0,0,0,0,0,0,1,4,0
processed,275,57,2,0,0,0,0,0,0,2,3,0
processed,513,98,16,0,0,0,0,0,0,0,6,0
processed,254,46,7,0,0,0,0,0,0,2,2,0
processed,334,65,3,0,0,0,0,0,0,0,6,0
processed,614,125,9,0,0,0,0,0,0,0,5,1
processed,263,50,3,0,0,0,0,0,0,0,4,0
processed,1047,215,13,0,0,0,0,0,0,2,18,0
processed,347,68,5,0,0,0,0,0,0,0,4,0
processed,121,26,3,0,0,0,0,0,0,0,4,0
processed,47,8,1,0,0,0,0,0,0,0,2,0
processed,825,171,12,0,0,0,0,0,0,0,14,0
processed,1016,195,10,0,0,0,0,0,0,0,10,0
processed,633,122,9,0,0,0,0,0,0,3,10,0
processed,250,56,3,0,0,0,0,0,0,0,6,0
processed,1388,252,10,0,0,0,0,0,0,0,25,0
processed,124,25,1,0,0,0,0,0,0,1,1,0
processed,1302,261,14,0,0,0,0,0,0,2,19,1
processed,488,89,7,0,0,0,0,0,0,0,7,0
processed,806,162,8,0,0,0,0,0,0,0,14,0
processed,954,186,17,0,0,0,0,0,0,5,21,0
processed,189,40,1,0,0,0,0,0,0,3,3,0
processed,1448,299,14,0,0,0,0,0,0,2,11,0
processed,133,29,1,0,0,0,0,0,0,0,2,0
processed,101,16,2,0,0,0,0,0,0,0,0,0
processed,363,79,2,0,0,0,0,0,0,3,3,0
processed,380,78,2,0,0,0,0,0,0,4,9,0
processed,824,161,12,0,0,0,0,0,0,0,13,0
processed,314,64,12,0,0,0,0,0,0,1,4,0
processed,315,63,7,0,0,0,0,0,0,1,4,0
processed,249,53,4,0,0,0,0,0,0,0,7,0
processed,325,66,4,3,0,0,0,0,0,0,5,0
processed,305,62,3,0,0,0,0,0,0,0,6,0
processed,206,33,2,0,0,0,0,0,0,0,2,0
processed,484,102,4,0,0,0,0,0,0,3,6,0
processed,73,12,3,0,0,0,0,0,0,0,1,0
processed,1049,208,8,0,0,0,0,0,0,2,13,0
processed,898,167,12,0,0,0,0,0,0,2,19,0
processed,381,76,4,0,0,0,0,0,0,1,5,0
processed,672,132,4,0,0,0,0,0,0,0,14,0
processed,301,63,4,0,0,0,0,0,0,0,4,0
processed,251,56,6,0,0,0,0,0,0,1,4,0
processed,460,97,6,0,0,0,0,0,0,0,5,0
processed,409,89,7,0,0,0,0,0,0,1,6,0
processed,117,24,3,0,0,0,0,0,0,0,5,0
processed,88,19,2,0,0,0,0,0,0,1,1,0
processed,123,22,1,0,0,0,0,0,0,0,1,0
processed,309,60,6,0,0,0,0,0,0,1,4,0
processed,482,104,7,0,0,0,0,0,0,1,10,0
processed,276,54,4,0,0,0,0,0,0,0,5,0
processed,95,16,2,0,0,0,0,0,0,0,1,0
processed,204,38,2,0,0,0,0,0,0,0,9,0
processed,54,14,3,0,0,0,0,0,0,0,4,0
processed,164,32,1,0,0,0,0,0,0,0,0,0
processed,107,24,1,0,0,0,0,0,0,0,3,1
processed,1989,388,13,2,0,0,0,0,0,7,23,0
processed,612,124,8,0,0,0,0,0,0,1,10,0
processed,649,135,7,0,0,0,0,0,0,0,11,0
processed,218,46,7,0,0,0,0,0,0,2,8,0
processed,637,131,11,0,0,0,0,0,0,1,8,0
processed,254,54,2,0,0,0,0,0,0,0,10,0
processed,740,141,6,0,0,0,0,0,0,1,9,0
processed,492,99,9,0,0,0,0,0,0,0,13,1
processed,315,58,5,0,0,0,0,0,0,0,1,0
processed,75,9,1,0,0,0,0,0,0,0,2,0
processed,63,18,1,0,0,0,0,0,0,0,2,0
processed,115,23,1,0,0,0,0,0,0,0,5,0
processed,426,92,6,0,0,0,0,0,0,0,4,0
processed,145,31,1,0,0,0,0,0,0,0,5,0
processed,634,119,7,0,0,0,0,0,0,0,7,0
processed,438,93,4,0,0,0,0,0,0,2,5,0
processed,182,34,1,0,0,0,0,0,0,0,6,0
processed,200,43,3,0,0,0,0,0,0,0,4,0
processed,172,35,3,0,0,0,0,0,0,0,4,0
processed,146,29,4,0,0,0,0,0,0,0,2,0
processed,586,118,8,0,0,0,0,0,0,1,3,0
processed,198,41,4,0,0,0,0,0,0,0,7,0
processed,323,67,4,0,0,0,0,0,0,0,9,0
processed,192,38,3,0,0,0,0,0,0,1,5,0
processed,1358,289,12,0,0,0,0,0,0,3,32,0
processed,296,54,6,0,0,0,0,0,0,1,4,0
processed,280,53,4,0,0,0,0,0,0,0,3,0
processed,409,83,7,0,0,0,0,0,0,2,10,0
processed,110,23,4,0,0,0,0,0,0,0,1,0
processed,500,94,6,0,0,0,0,0,0,1,5,0
processed,305,59,2,0,0,0,0,0,0,1,7,0
processed,713,145,17,0,0,0,0,0,0,0,12,0
processed,55,11,1,0,0,0,0,0,0,0,8,0
processed,395,81,5,0,0,0,0,0,0,0,10,0
processed,215,48,2,0,0,0,0,0,0,2,2,0
processed,70,14,1,0,0,0,0,0,0,0,2,0
processed,2021,392,13,3,0,0,0,0,0,2,29,0
processed,459,99,7,0,0,0,0,0,0,1,4,0
processed,353,72,4,0,0,0,0,0,0,0,5,0
processed,437,87,5,0,0,0,0,0,0,1,5,0
processed,1095,205,1,0,0,0,0,0,0,0,21,0
processed,142,29,1,0,0,0,0,0,0,1,2,0
processed,235,49,3,0,0,0,0,0,0,0,9,0
processed,455,89,10,0,0,0,0,0,0,0,7,0
processed,66,15,2,0,0,0,0,0,0,0,1,0
processed,243,56,14,0,0,0,0,0,0,0,4,0
processed,413,84,5,0,0,0,0,0,0,0,8,0
processed,58,10,1,0,0,0,0,0,0,0,1,0
processed,584,111,8,0,0,0,0,0,0,0,4,0
processed,145,33,2,0,0,0,0,0,0,1,2,0
processed,23,5,1,0,0,0,0,0,0,0,1,0
processed,205,37,6,0,0,0,0,0,0,1,1,0
processed,127,22,4,0,0,0,0,0,0,0,0,0
processed,102,20,2,0,0,0,0,0,0,0,0,0
processed,1855,381,20,0,0,0,0,0,0,1,34,0
processed,386,82,6,0,0,0,0,0,0,2,4,0
processed,193,44,2,0,0,0,0,0,0,2,2,0
processed,258,59,2,0,0,0,0,0,0,1,7,0
processed,634,135,7,0,0,0,0,0,0,2,11,0
processed,492,99,1,0,0,0,0,0,0,1,11,1
processed,310,67,5,0,0,0,0,0,0,2,4,0
processed,628,134,5,0,0,0,0,0,0,3,10,0
processed,339,62,5,0,0,0,0,0,0,1,6,0
processed,118,24,3,0,0,0,0,0,0,0,2,0
processed,133,24,1,0,0,0,0,0,0,0,4,0
processed,1743,315,12,0,0,0,0,0,0,0,20,0
processed,504,88,5,0,0,0,0,0,0,0,7,0
processed,706,150,9,0,0,0,0,0,0,4,7,0
processed,543,111,7,0,0,0,0,0,0,2,11,1
processed,111,20,1,0,0,0,0,0,0,0,2,0
processed,447,90,5,0,0,0,0,0,0,0,7,0
processed,515,105,1,0,0,0,0,0,0,0,8,0
processed,174,39,3,0,0,0,0,0,0,2,3,0
processed,121,24,4,0,0,0,0,0,0,0,2,0
processed,333,74,5,0,0,0,0,0,0,0,8,0
processed,572,107,12,0,0,0,0,0,0,1,9,0
processed,601,125,4,0,0,0,0,0,0,2,12,1
processed,57,12,1,0,0,0,0,0,0,0,1,0
processed,533,107,8,0,0,0,0,0,0,0,6,0
processed,773,143,15,0,0,0,0,0,0,1,15,0
processed,539,111,2,0,0,0,0,0,0,2,8,0
processed,497,108,6,0,0,0,0,0,0,0,10,0
processed,531,116,12,0,0,0,0,0,0,1,6,0
processed,285,54,3,0,0,0,0,0,0,0,8,0
processed,48,10,1,0,0,0,0,0,0,0,1,0
processed,245,39,1,0,0,0,0,0,0,0,3,0
processed,71,9,1,0,0,0,0,0,0,0,1,0
processed,291,57,4,0,0,0,0,0,0,0,3,0
processed,850,181,18,0,0,0,0,0,0,0,17,0
processed,535,116,8,0,0,0,0,0,0,2,9,1
processed,90,21,1,0,0,0,0,0,0,2,1,0
processed,751,156,10,0,0,0,0,0,0,3,14,2
processed,45,8,1,0,0,0,0,0,0,0,0,0
processed,887,170,15,0,0,0,0,0,0,2,17,0
processed,914,207,14,0,0,0,0,0,0,4,22,0
processed,467,89,6,0,0,0,0,0,0,0,7,0
processed,153,36,3,0,0,0,0,0,0,1,1,0
processed,161,29,1,0,0,0,0,0,0,1,3,0
processed,150,30,2,0,0,0,0,0,0,0,2,0
processed,105,23,4,0,0,0,0,0,0,0,2,0
processed,298,57,3,0,0,0,0,0,0,0,2,0
processed,244,48,3,0,0,0,0,0,0,2,2,0
processed,151,28,2,0,0,0,0,0,0,0,1,0
processed,170,29,2,0,0,0,0,0,0,0,1,0
processed,163,29,2,1,0,0,0,0,0,0,1,0
processed,36,7,1,0,0,0,0,0,0,0,0,0
processed,371,80,4,0,0,0,0,0,0,0,8,0
processed,253,50,4,0,0,0,0,0,0,0,4,0
processed,636,134,8,0,0,0,0,0,0,2,7,0
processed,273,64,1,0,0,0,0,0,0,1,3,0
processed,432,86,7,0,0,0,0,0,0,4,10,1
processed,267,56,5,0,0,0,0,0,0,1,3,0
processed,775,152,9,0,0,0,0,0,0,5,16,0
processed,629,125,4,0,0,0,0,0,0,0,9,0
processed,514,102,10,0,0,0,0,0,0,0,8,0
processed,139,27,3,0,0,0,0,0,0,0,1,0
processed,137,26,1,0,0,0,0,0,0,0,2,0
processed,203,40,3,0,0,0,0,0,0,0,2,0
processed,201,38,2,0,0,0,0,0,0,0,1,0
processed,517,107,8,0,0,0,0,0,0,1,7,0
processed,127,20,1,0,0,0,0,0,0,0,5,0
processed,298,65,4,0,0,0,0,0,0,0,3,0
processed,476,86,7,0,0,0,0,0,0,0,6,0
processed,173,38,1,0,0,0,0,0,0,0,1,0
processed,542,118,8,0,0,0,0,0,0,0,7,0
processed,191,33,5,0,0,0,0,0,0,0,1,0
processed,94,17,2,0,0,0,0,0,0,0,0,0
processed,36,5,1,0,0,0,0,0,0,0,0,0
processed,86,22,3,0,0,0,0,0,0,0,2,0
processed,241,37,4,0,0,0,0,0,0,0,0,0
processed,249,52,6,0,0,0,0,0,0,0,5,0
processed,722,145,3,0,0,0,0,0,0,0,13,0
processed,649,124,3,1,0,0,0,0,0,1,8,0
processed,1628,303,19,0,0,0,0,0,0,2,23,0
processed,420,83,11,0,0,0,0,0,0,1,8,0
processed,348,77,5,0,0,0,0,0,0,0,5,0
processed,360,73,6,0,0,0,0,0,0,0,6,0
processed,1089,210,11,0,0,0,0,0,0,0,17,0
processed,244,43,1,0,0,0,0,0,0,0,7,0
processed,127,19,3,0,0,0,0,0,0,0,3,0
processed,224,43,4,0,0,0,0,0,0,0,5,0
processed,387,83,9,0,0,0,0,0,0,0,7,0
processed,3,1,1,0,0,0,0,0,0,0,0,0
processed,305,66,7,0,0,0,0,0,0,0,6,0
processed,404,93,6,0,0,0,0,0,0,3,6,0
processed,177,38,2,0,0,0,0,0,0,0,4,0
processed,141,27,4,0,0,0,0,0,0,0,1,0
processed,39,7,1,0,0,0,0,0,0,0,0,0
processed,359,62,4,0,0,0,0,0,0,0,3,0
processed,461,104,2,0,0,0,0,0,0,3,8,0
processed,114,14,1,0,0,0,0,0,0,0,0,0
processed,785,169,14,0,0,0,0,0,0,1,17,0
processed,125,28,4,0,0,0,0,0,0,0,1,0
processed,88,15,1,0,0,0,0,0,0,1,3,0
processed,145,27,4,0,0,0,0,0,0,1,7,0
processed,135,30,2,0,0,0,0,0,0,0,4,0
processed,183,29,4,0,0,0,0,0,0,0,5,0
processed,294,58,4,0,0,0,0,0,0,0,7,0
processed,36,9,1,0,0,0,0,0,0,0,2,0
processed,514,102,7,0,0,0,0,0,0,1,5,0
processed,692,153,11,0,0,0,0,0,0,2,17,0
processed,513,108,10,0,0,0,0,0,0,3,10,0
processed,571,110,15,0,0,0,0,0,0,2,16,0
processed,614,125,3,0,0,0,0,0,0,2,9,0
processed,269,58,1,0,0,0,0,0,0,0,5,0
processed,62,14,2,0,0,0,0,0,0,0,1,0
processed,1079,211,15,0,0,0,0,0,0,2,5,2
processed,30,6,1,0,0,0,0,0,0,0,1,0
processed,188,38,1,0,0,0,0,0,0,0,2,0
processed,733,139,17,0,0,0,0,0,0,0,4,0
processed,616,124,11,0,0,0,0,0,0,3,9,0
processed,472,92,1,0,0,0,0,0,0,1,8,0
processed,566,105,9,0,0,0,0,0,0,2,4,0
processed,143,32,1,0,0,0,0,0,0,1,4,0
processed,119,22,1,1,0,0,0,0,0,0,1,0
processed,975,182,11,0,0,0,0,0,0,0,16,2
processed,136,31,1,0,0,0,0,0,0,0,4,0
processed,297,56,6,0,0,0,0,0,0,0,3,0
processed,350,52,3,0,0,0,0,0,0,0,3,0
processed,307,62,7,0,0,0,0,0,0,2,2,0
processed,111,28,3,0,0,0,0,0,0,1,1,0
processed,3,1,1,0,0,0,0,0,0,0,0,0
processed,495,112,4,0,0,0,0,0,0,3,7,0
processed,626,144,9,0,0,0,0,0,0,1,7,0
processed,81,16,2,0,0,0,0,0,0,0,4,0
processed,130,23,2,0,0,0,0,0,0,0,3,0
processed,481,90,1,0,0,0,0,0,0,0,6,0
processed,428,80,12,0,0,0,0,0,0,0,8,0
processed,112,20,2,0,0,0,0,0,0,1,3,0
processed,614,123,5,0,0,0,0,0,0,1,14,0
processed,231,50,4,0,0,0,0,0,0,1,1,0
processed,51,14,1,0,0,0,0,0,0,0,2,0
processed,1501,307,12,0,0,0,0,0,0,6,25,2
processed,976,203,8,0,0,0,0,0,0,3,10,0
processed,372,81,5,0,0,0,0,0,0,2,6,0
processed,1027,209,12,0,0,0,0,0,0,2,9,0
processed,43,6,1,0,0,0,0,0,0,0,2,0
processed,182,38,1,0,0,0,0,0,0,0,3,0
processed,252,55,2,0,0,0,0,0,0,0,8,0
processed,206,46,3,0,0,0,0,0,0,1,1,0
processed,561,115,7,1,0,0,0,0,0,0,18,0
processed,622,131,6,0,0,0,0,0,0,0,15,0
processed,141,27,1,0,0,0,0,0,0,0,4,0
processed,339,65,4,0,0,0,0,0,0,1,3,0
processed,268,55,7,0,0,0,0,0,0,2,5,1
processed,771,157,8,0,0,0,0,0,0,3,8,0
processed,720,136,8,0,0,0,0,0,0,1,9,0
processed,155,32,4,0,0,0,0,0,0,0,1,0
processed,444,91,8,0,0,0,0,0,0,0,10,0
processed,1053,209,13,0,0,0,0,0,0,1,9,0
processed,306,69,3,0,0,0,0,0,0,2,5,0
processed,230,45,2,0,0,0,0,0,0,2,3,0
processed,27,7,1,0,0,0,0,0,0,0,1,0
processed,4,1,1,0,0,0,0,0,0,0,1,0
processed,67,17,1,0,0,0,0,0,0,0,1,0
processed,691,130,8,0,0,0,0,0,0,1,8,0
processed,73,14,1,0,0,0,0,0,0,1,1,0
processed,864,157,7,0,0,0,0,0,0,4,10,1
processed,240,59,7,0,0,0,0,0,0,1,6,0
processed,287,60,6,0,0,0,0,0,0,1,6,0
processed,184,37,3,0,0,0,0,0,0,1,5,0
processed,49,6,1,0,0,0,0,0,0,0,1,0
processed,782,147,8,0,0,0,0,0,0,0,11,3
processed,305,58,1,0,0,0,0,0,0,1,5,0
processed,267,47,3,0,0,0,0,0,0,0,3,0
processed,497,98,6,1,0,0,0,0,0,0,7,0
processed,833,167,16,0,0,0,0,0,0,3,20,0
processed,377,103,11,0,0,0,0,0,0,6,8,0
processed,432,92,5,0,0,0,0,0,0,1,7,0
processed,140,29,3,0,0,0,0,0,0,0,1,0
processed,390,85,4,0,0,0,0,0,0,0,3,0
processed,259,55,3,0,0,0,0,0,0,0,3,0
processed,160,32,5,0,0,0,0,0,0,0,3,0
processed,287,49,4,1,0,0,0,0,0,0,7,0
processed,279,60,6,0,0,0,0,0,0,0,2,0
processed,1240,260,11,1,0,0,0,0,0,2,21,0
processed,51,9,1,0,0,0,0,0,0,0,0,0
processed,12,3,1,0,0,0,0,0,0,1,2,0
processed,621,128,9,1,0,0,0,0,0,0,13,0
processed,680,143,9,0,0,0,0,0,0,3,9,1
processed,177,35,1,0,0,0,0,0,0,0,1,0
processed,364,71,6,0,0,0,0,0,0,0,7,0
processed,117,28,2,0,0,0,0,0,0,0,4,0
processed,437,72,5,0,0,0,0,0,0,0,4,0
processed,133,25,1,0,0,0,0,0,0,2,3,0
processed,58,11,2,0,0,0,0,0,0,0,3,0
processed,207,42,2,0,0,0,0,0,0,0,4,0
processed,423,98,8,3,0,0,0,0,0,2,9,0
processed,189,38,2,0,0,0,0,0,0,2,1,0
processed,134,29,2,0,0,0,0,0,0,1,4,0
processed,460,93,6,0,0,0,0,0,0,1,3,0
processed,289,55,3,0,0,0,0,0,0,1,5,0
processed,96,20,1,0,0,0,0,0,0,0,0,0
processed,837,147,12,0,0,0,0,0,0,2,15,0
processed,636,117,5,0,0,0,0,0,0,1,6,0
processed,445,93,2,0,0,0,0,0,0,4,10,0
processed,71,15,1,0,0,0,0,0,0,0,2,0
processed,429,87,5,0,0,0,0,0,0,0,8,0
processed,33,7,1,0,0,0,0,0,0,0,2,0
processed,1041,221,10,0,0,0,0,0,0,1,18,0
processed,481,99,4,1,0,0,0,0,0,1,7,0
processed,71,11,1,0,0,0,0,0,0,0,1,0
processed,276,56,2,1,0,0,0,0,0,1,2,0
processed,568,112,10,0,0,0,0,0,0,3,13,0
processed,277,52,5,0,0,0,0,0,0,0,4,0
processed,215,45,4,0,0,0,0,0,0,1,1,0
processed,208,41,1,0,0,0,0,0,0,0,5,0
processed,170,35,2,0,0,0,0,0,0,1,3,0
processed,173,38,1,0,0,0,0,0,0,0,7,0
processed,1830,338,14,4,0,0,0,0,0,5,28,0
processed,128,24,3,0,0,0,0,0,0,0,4,0
processed,841,168,6,0,0,0,0,0,0,4,15,0
processed,256,52,4,0,0,0,0,0,0,0,3,0
processed,468,89,11,0,0,0,0,0,0,0,8,0
processed,112,19,1,0,0,0,0,0,1,0,2,0
processed,162,33,9,0,0,0,0,0,0,0,1,0
processed,304,63,2,0,0,0,0,0,0,3,4,0
processed,237,46,3,0,0,0,0,0,0,1,2,0
processed,532,106,10,0,0,0,0,0,0,0,14,0
processed,468,84,4,0,0,0,0,0,0,2,7,0
processed,273,53,1,0,0,0,0,0,0,0,8,0
processed,738,140,2,2,0,0,0,0,0,1,12,0
processed,327,59,2,0,0,0,0,0,0,0,6,0
processed,200,28,1,0,0,0,0,0,0,0,1,0
processed,545,115,10,0,0,0,0,0,0,0,5,0
processed,659,122,5,0,0,0,0,0,0,3,9,0
processed,806,166,9,0,0,0,0,0,0,2,13,0
processed,1075,222,6,0,0,0,0,0,0,1,24,0
processed,485,97,9,0,0,0,0,0,0,0,8,1
processed,281,52,3,0,0,0,0,0,0,0,3,0
processed,685,129,3,0,0,0,0,0,0,1,6,0
processed,925,190,7,0,0,0,0,0,0,1,18,0
processed,816,142,10,0,0,0,0,0,0,2,7,0
processed,260,57,3,0,0,0,0,0,0,1,2,0
processed,1118,203,15,0,0,0,0,0,0,0,16,0
processed,1085,222,16,0,0,0,0,0,0,3,16,0
processed,613,116,9,0,0,0,0,0,0,0,14,0
processed,434,87,5,0,0,0,0,0,0,0,10,0
processed,190,37,4,0,0,0,0,0,0,0,4,0
processed,513,117,13,0,0,0,0,0,0,0,9,0
processed,678,131,16,0,0,0,0,0,0,1,4,0
processed,87,21,2,0,0,0,0,0,0,1,3,0
processed,94,21,1,0,0,0,0,0,0,1,0,0
processed,38,7,1,0,0,0,0,0,0,0,0,0
processed,224,41,1,0,0,0,0,0,0,0,3,0
processed,583,116,7,0,0,0,0,0,0,0,6,0
processed,378,68,3,0,0,0,0,0,0,0,1,0
processed,612,127,8,0,0,0,0,0,0,1,7,1
processed,119,26,1,0,0,0,0,0,0,0,4,0
processed,63,15,1,0,0,0,0,0,0,0,3,0
processed,153,33,1,0,0,0,0,0,0,0,6,0
processed,446,94,7,0,0,0,0,0,0,4,12,0
processed,681,134,6,0,0,0,0,0,0,0,19,0
processed,49,13,2,0,0,0,0,0,0,0,2,0
processed,992,201,9,0,0,0,0,0,0,2,17,0
processed,763,146,6,0,0,0,0,0,0,0,12,0
processed,62,12,1,0,0,0,0,0,0,0,3,0
processed,121,20,1,0,0,0,0,0,0,0,3,0
processed,461,98,5,0,0,0,0,0,0,0,7,1
processed,325,71,6,0,0,0,0,0,0,0,7,0
processed,267,38,7,1,0,0,0,0,0,0,4,0
processed,473,101,4,0,0,0,0,0,0,1,11,0
processed,333,67,7,0,0,0,0,0,0,1,4,0
processed,1031,176,10,1,0,0,0,0,0,0,16,0
processed,340,62,2,0,0,0,0,0,0,0,8,0
processed,921,174,9,0,0,0,0,0,0,1,8,0
processed,157,34,8,0,0,0,0,0,0,0,3,0
processed,530,117,6,0,0,0,0,0,0,3,12,0
processed,164,33,1,0,0,0,0,0,0,0,3,0
processed,250,50,6,0,0,0,0,0,0,0,3,0
processed,51,10,1,0,0,0,0,0,0,0,1,1
processed,1200,245,13,0,0,0,0,0,0,2,28,0
processed,125,25,4,0,0,0,0,0,0,0,3,0
processed,444,83,7,0,0,0,0,0,0,1,4,0
processed,446,93,7,0,0,0,0,0,0,1,2,1
processed,302,66,2,0,0,0,0,0,0,1,2,0
processed,117,27,3,0,0,0,0,0,0,0,1,1
processed,510,104,6,0,0,0,0,0,0,0,9,0
processed,225,39,5,0,0,0,0,0,0,1,6,0
processed,227,37,2,0,0,0,0,0,0,0,1,0
processed,363,68,7,0,0,0,0,0,0,0,8,0
processed,339,72,5,0,0,0,0,0,0,0,4,1
processed,383,77,7,0,0,0,0,0,0,2,5,0
processed,517,118,7,0,0,0,0,0,0,2,13,0
processed,330,59,5,0,0,0,0,0,0,0,3,0
processed,344,59,6,0,0,0,0,0,0,1,2,0
processed,584,111,6,0,0,0,0,0,0,0,12,0
processed,196,25,2,0,0,0,0,0,0,0,1,0
processed,122,25,2,0,0,0,0,0,0,1,3,0
processed,2470,482,26,3,0,0,0,0,0,4,35,0
processed,50,9,1,0,0,0,0,0,0,0,1,0
processed,665,137,3,0,0,0,0,0,0,0,8,0
processed,536,105,7,0,0,0,0,0,0,3,5,0
processed,390,85,3,0,0,0,0,0,0,3,3,0
processed,63,10,1,0,0,0,0,0,0,0,1,0
processed,88,17,3,0,0,0,0,0,0,0,2,0
processed,201,46,1,0,0,0,0,0,0,0,5,0
processed,224,48,3,0,0,0,0,0,0,1,4,0
processed,563,117,1,0,0,0,0,0,0,0,11,0
processed,461,90,8,0,0,0,0,0,1,1,9,1
processed,280,53,5,0,0,0,0,0,0,0,7,0
processed,496,100,7,0,0,0,0,0,0,2,3,0
processed,124,27,2,0,0,0,0,0,0,0,2,0
processed,171,38,6,0,0,0,0,0,0,1,2,0
processed,511,119,11,0,0,0,0,0,0,1,6,0
processed,551,119,4,0,0,0,0,0,0,2,9,0
processed,121,30,3,0,0,0,0,0,0,0,3,0
processed,322,60,2,0,0,0,0,0,0,1,5,1
processed,863,189,6,0,0,0,0,0,0,1,16,1
processed,86,15,1,0,0,0,0,0,0,0,3,0
processed,262,52,6,0,0,0,0,0,0,0,6,0
processed,294,62,6,0,0,0,0,0,0,0,5,0
processed,274,54,5,0,0,0,0,0,0,0,5,0
processed,361,73,5,0,0,0,0,0,0,0,6,0
processed,35,5,1,0,0,0,0,0,0,0,1,0
processed,88,17,1,0,0,0,0,0,0,0,2,0
processed,269,53,3,0,0,0,0,0,0,0,5,0
processed,134,28,1,0,0,0,0,0,0,1,1,1
processed,206,46,2,0,0,0,0,0,0,0,3,0
processed,536,111,6,0,0,0,0,0,0,1,15,0
processed,185,41,1,0,0,0,0,0,0,1,2,0
processed,90,15,1,0,0,0,0,0,0,0,2,0
processed,956,194,42,0,0,0,0,0,0,0,11,0
processed,478,108,8,0,0,0,0,0,0,1,6,0
processed,202,35,4,0,0,0,0,0,0,0,2,0
processed,140,28,2,0,0,0,0,0,0,0,2,0
processed,74,16,2,0,0,0,0,0,0,0,1,0
processed,891,168,6,0,0,0,0,0,0,0,17,0
processed,291,52,4,0,0,0,0,0,0,1,2,0
processed,173,30,1,0,0,0,0,0,0,0,3,0
processed,447,92,5,0,0,0,0,0,0,0,7,0
processed,388,82,6,0,0,0,0,0,0,3,5,0
processed,218,39,4,0,0,0,0,0,0,0,3,0
processed,537,105,6,0,0,0,0,0,0,0,16,0
processed,64,13,2,0,0,0,0,0,0,0,0,0
processed,277,53,4,0,0,0,0,0,0,0,4,0
processed,491,108,6,0,0,0,0,0,0,2,16,0
processed,146,28,1,0,0,0,0,0,0,0,1,0
processed,319,66,7,0,0,0,0,0,0,0,8,0
processed,1335,265,9,4,0,0,0,0,0,4,17,1
processed,285,48,2,0,0,0,0,0,0,0,6,0
processed,127,26,2,0,0,0,0,0,0,1,2,0
processed,447,85,6,0,0,0,0,0,0,1,3,0
processed,411,89,1,0,0,0,0,0,0,0,9,0
processed,787,157,2,0,0,0,0,0,0,1,12,0
processed,594,114,12,0,0,0,0,0,0,4,6,0
processed,235,46,3,1,0,0,0,0,0,0,5,0
processed,161,26,2,0,0,0,0,0,0,0,1,0
processed,565,120,7,0,0,0,0,0,0,0,13,0
processed,491,99,5,0,0,0,0,0,0,1,7,0
processed,1057,208,14,0,0,0,0,0,0,0,17,0
processed,257,44,2,0,0,0,0,0,0,0,4,0
processed,76,10,1,0,0,0,0,0,0,0,1,0
processed,618,117,6,0,0,0,0,0,0,1,9,0
processed,304,58,3,0,0,0,0,0,0,0,8,1
processed,485,97,4,3,0,0,0,0,0,1,11,0
processed,596,109,5,0,0,0,0,0,0,1,4,0
processed,192,44,10,0,0,0,0,0,0,1,2,0
processed,1229,244,16,11,0,0,0,0,0,6,16,2
processed,193,41,4,0,0,0,0,0,0,2,3,1
processed,217,45,3,0,0,0,0,0,0,1,3,0
processed,20,6,2,0,0,0,0,0,0,0,2,0
processed,227,45,3,0,0,0,0,0,0,0,4,0
processed,269,55,5,0,0,0,0,0,0,0,8,0
processed,409,77,8,0,0,0,0,0,0,0,4,0
processed,192,42,4,0,0,0,0,0,0,0,2,0
processed,334,65,1,0,0,0,0,0,0,0,2,0
processed,405,76,12,0,0,0,0,0,0,0,4,0
processed,53,10,1,0,0,0,0,0,0,0,0,0
processed,963,195,10,0,0,0,0,0,0,1,5,0
processed,326,72,5,0,0,0,0,0,0,0,6,0
processed,177,41,2,0,0,0,0,0,0,1,4,0
processed,248,42,5,0,0,0,0,0,0,0,1,0
processed,512,99,4,0,0,0,0,0,0,0,5,0
processed,239,47,5,0,0,0,0,0,0,0,2,0
processed,207,37,3,0,0,0,0,0,0,0,4,0
processed,1069,212,12,5,0,0,0,0,0,3,16,0
processed,74,12,2,0,0,0,0,0,0,0,0,0
processed,761,152,5,0,0,0,0,0,0,0,11,0
processed,1989,388,19,0,0,0,0,0,0,4,44,0
processed,116,24,2,0,0,0,0,0,0,0,0,0
processed,175,33,3,0,0,0,0,0,0,2,1,0
processed,48,12,2,0,0,0,0,0,0,0,0,0
processed,457,91,11,0,0,0,0,0,0,0,7,0
processed,217,43,4,0,0,0,0,0,0,0,7,0
processed,74,14,3,0,0,0,0,0,0,0,1,0
processed,250,47,4,0,0,0,0,0,0,0,3,0
processed,72,17,6,0,0,0,0,0,0,0,2,0
processed,991,191,13,0,0,0,0,0,0,1,12,0
processed,629,135,4,0,0,0,0,0,0,1,14,0
processed,922,178,10,0,0,0,0,0,0,2,3,0
processed,501,90,2,0,0,0,0,0,0,0,4,0
processed,190,46,2,0,0,0,0,0,0,1,4,0
processed,384,80,1,1,0,0,0,0,0,2,4,0
processed,528,103,6,0,0,0,0,0,0,2,4,0
processed,77,12,1,0,0,0,0,0,0,0,0,0
processed,405,73,2,1,0,0,0,0,0,0,2,0
processed,276,54,6,0,0,0,0,0,0,2,0,0
processed,168,31,4,0,0,0,0,0,0,0,2,0
processed,990,179,3,0,0,0,0,0,0,1,11,0
processed,144,31,3,0,0,0,0,0,0,0,0,0
processed,108,22,1,0,0,0,0,0,0,0,2,0
processed,842,183,12,0,0,0,0,0,0,2,16,0
processed,291,57,7,0,0,0,0,0,0,1,6,0
processed,521,104,4,0,0,0,0,0,0,3,14,0
processed,654,131,5,0,0,0,0,0,0,2,6,0
processed,34,10,1,0,0,0,0,0,0,0,2,0
processed,140,22,1,0,0,0,0,0,0,0,1,0
processed,136,25,3,0,0,0,0,0,0,1,4,0
processed,774,152,9,0,0,0,0,0,0,3,8,0
processed,325,65,7,0,0,0,0,0,0,0,4,0
processed,547,113,7,0,0,0,0,0,0,3,10,0
processed,110,19,3,0,0,0,0,0,0,0,1,0
processed,146,25,2,0,0,0,0,0,0,0,2,0
processed,1243,272,12,0,0,0,0,0,0,1,18,0
processed,469,88,5,0,0,0,0,0,0,2,4,0
processed,512,105,6,0,0,0,0,0,0,1,9,0
processed,506,100,6,0,0,0,0,0,0,3,3,1
processed,1173,244,3,0,0,0,0,0,0,2,24,0
processed,440,92,3,0,0,0,0,0,0,1,7,0
processed,1118,213,3,0,0,0,0,0,0,0,18,0
processed,615,127,9,0,0,0,0,0,0,0,11,0
processed,351,64,2,0,0,0,0,0,0,0,3,0
processed,153,32,1,0,0,0,0,0,0,0,3,0
processed,557,117,12,0,0,0,0,0,0,0,5,0
processed,404,73,2,0,0,0,0,0,0,0,6,0
processed,885,182,20,0,0,0,0,0,0,0,18,0
processed,190,39,2,0,0,0,0,0,0,1,2,0
processed,535,101,5,0,0,0,0,0,0,0,6,0
processed,235,47,2,0,0,0,0,0,0,0,3,0
processed,475,102,8,0,0,0,0,0,0,2,7,0
processed,118,20,2,0,0,0,0,0,0,0,2,0
processed,5,1,1,0,0,0,0,0,0,0,0,0
processed,857,152,13,1,0,0,0,0,0,0,18,0
processed,162,30,3,0,0,0,0,0,0,0,1,0
processed,1110,230,17,0,0,0,0,0,0,1,11,3
processed,50,13,1,0,0,0,0,0,0,0,1,0
processed,244,48,4,0,0,0,0,0,0,0,7,0
processed,345,54,5,2,0,0,0,0,0,0,4,0
processed,168,33,5,0,0,0,0,0,0,0,5,0
processed,736,150,1,0,0,0,0,0,0,1,13,0
processed,93,11,1,0,0,0,0,0,0,0,1,0
processed,1040,216,8,0,0,0,0,0,0,11,31,0
processed,780,146,10,0,0,0,0,0,0,1,11,0
processed,1134,237,8,0,0,0,0,0,0,2,26,0
processed,312,66,5,0,0,0,0,0,0,2,3,0
processed,827,178,10,0,0,0,0,0,0,1,26,0
processed,116,28,3,0,0,0,0,0,0,0,6,0
processed,599,127,11,0,0,0,0,0,0,2,4,1
processed,104,20,3,0,0,0,0,0,0,0,2,0
processed,2427,506,12,0,0,0,0,0,0,4,41,0
processed,536,105,5,0,0,0,0,0,0,1,4,0
processed,638,125,9,0,0,0,0,0,0,2,6,0
processed,303,56,3,0,0,0,0,0,0,1,6,0
processed,438,83,9,0,0,0,0,0,0,1,8,0
processed,287,61,11,0,0,0,0,0,0,0,2,0
processed,370,79,5,0,0,0,0,0,0,0,9,0
processed,964,195,16,0,0,0,0,0,0,0,11,0
processed,615,127,10,0,0,0,0,0,0,0,6,0
processed,12,2,1,0,0,0,0,0,0,0,0,0
processed,501,104,8,0,0,0,0,0,0,1,4,0
processed,480,95,6,0,0,0,0,0,0,2,11,2
processed,391,80,3,0,0,0,0,0,0,0,8,0
processed,168,37,2,0,0,0,0,0,0,0,4,0
processed,234,42,3,0,0,0,0,0,0,0,2,0
processed,53,11,1,0,0,0,0,0,0,1,1,0
processed,157,36,3,0,0,0,0,0,0,1,4,0
processed,336,71,9,0,0,0,0,0,0,0,6,0
processed,234,48,2,0,0,0,0,0,0,2,1,0
processed,130,23,2,0,0,0,0,0,0,0,2,0
processed,79,17,1,0,0,0,0,0,0,0,2,0
processed,126,27,2,0,0,0,0,0,0,0,3,0
processed,334,68,8,0,0,0,0,0,0,0,6,0
processed,1219,238,16,0,0,0,0,0,0,1,13,0
processed,760,149,11,0,0,0,0,0,0,1,8,1
processed,417,75,4,0,0,0,0,0,0,0,6,0
processed,234,47,2,0,0,0,0,0,0,0,4,0
processed,1390,275,7,7,0,0,0,0,0,3,9,0
processed,754,149,10,0,0,0,0,0,0,1,13,0
processed,513,97,6,0,0,0,0,0,0,0,7,0
processed,462,93,1,0,0,0,0,0,0,0,4,0
processed,168,28,2,0,0,0,0,0,0,0,2,0
processed,101,17,1,0,0,0,0,0,0,1,1,0
processed,359,82,4,0,0,0,0,0,0,1,8,0
processed,4,1,1,0,0,0,0,0,0,0,1,0
processed,662,132,7,0,0,0,0,0,0,0,9,0
processed,201,43,2,0,0,0,0,0,0,0,10,0
processed,122,22,1,0,0,0,0,0,0,0,3,0
processed,666,122,9,0,0,0,0,0,0,1,8,0
processed,169,33,3,0,0,0,0,0,0,0,1,0
processed,332,72,5,0,0,0,0,0,0,0,5,0
processed,190,33,4,0,0,0,0,0,0,0,2,0
processed,110,22,1,0,0,0,0,0,0,0,2,0
processed,148,24,2,0,0,0,0,0,0,0,2,0
processed,573,125,1,0,0,0,0,0,0,1,6,0
processed,64,15,4,0,0,0,0,0,0,0,3,0
processed,99,20,3,0,0,0,0,0,0,1,1,0
processed,613,124,5,0,0,0,0,0,0,3,7,0
processed,412,75,3,0,0,0,0,0,0,0,7,0
processed,4,1,1,0,0,0,0,0,0,0,1,0
processed,367,65,2,0,0,0,0,0,0,0,6,0
processed,935,192,5,0,0,0,0,0,0,3,12,0
processed,571,115,13,0,0,0,0,0,0,1,8,0
processed,901,198,15,0,0,0,0,0,0,5,19,0
processed,397,86,1,0,0,0,0,0,0,0,6,0
processed,226,49,5,0,0,0,0,0,0,0,2,0
processed,563,124,2,0,0,0,0,0,0,2,12,0
processed,189,36,3,0,0,0,0,0,0,0,3,0
processed,602,124,9,0,0,0,0,0,0,1,17,0
processed,520,97,6,0,0,0,0,0,0,1,13,0
processed,504,110,6,0,0,0,0,0,0,5,9,0
processed,436,91,9,0,0,0,0,0,0,0,5,0
processed,264,49,2,0,0,0,0,0,0,1,5,0
processed,835,171,7,0,0,0,0,0,0,2,12,0
processed,114,25,3,0,0,0,0,0,0,2,1,0
processed,480,93,1,0,0,0,0,0,0,4,6,1
processed,320,68,2,1,0,0,0,0,0,1,3,0
processed,460,90,2,0,0,0,0,0,0,0,6,0
processed,235,41,3,0,0,0,0,0,0,0,2,0
processed,182,41,6,0,0,0,0,0,0,2,1,0
processed,734,147,15,0,0,0,0,0,0,0,10,0
processed,334,60,6,0,0,0,0,0,0,0,6,0
processed,352,70,4,0,0,0,0,0,0,1,8,0
processed,434,90,5,0,0,0,0,0,0,1,7,0
processed,207,40,2,0,0,0,0,0,0,1,1,0
processed,298,64,5,0,0,0,0,0,0,1,4,0
processed,1367,271,4,0,0,0,0,0,0,3,24,0
processed,208,48,2,0,0,0,0,0,0,0,4,0
processed,86,21,3,0,0,0,0,0,0,0,2,0
processed,457,84,4,0,0,0,0,0,0,0,6,0
processed,218,39,1,0,0,0,0,0,0,0,3,0
processed,573,113,7,5,0,0,0,0,0,3,6,0
processed,512,97,2,0,0,0,0,0,0,0,6,0
processed,471,102,7,0,0,0,0,0,0,0,2,0
processed,121,23,2,0,0,0,0,0,0,0,3,0
processed,184,39,4,0,0,0,0,0,0,0,6,1
processed,51,12,1,0,0,0,0,0,0,0,0,0
processed,50,11,1,0,0,0,0,0,0,1,3,0
processed,495,90,5,0,0,0,0,0,0,1,8,0
processed,597,135,9,0,0,0,0,0,0,2,15,0
processed,131,29,1,0,0,0,0,0,0,0,2,0
processed,21,6,1,0,0,0,0,0,0,0,1,0
processed,167,35,3,0,0,0,0,0,0,0,1,0
processed,411,86,6,0,0,0,0,0,0,0,6,0
processed,137,29,3,0,0,0,0,0,0,1,2,0
processed,144,27,1,0,0,0,0,0,0,0,3,0
processed,440,84,5,0,0,0,0,0,0,0,7,0
processed,623,128,3,0,0,0,0,0,0,0,19,0
processed,551,118,6,0,0,0,0,0,0,0,10,0
processed,70,17,4,0,0,0,0,0,0,0,1,0
processed,863,187,9,0,0,0,0,0,0,0,10,0
processed,130,26,2,0,0,0,0,0,0,0,2,0
processed,120,23,3,0,0,0,0,0,0,0,4,0
processed,159,25,5,0,0,0,0,0,0,0,1,0
processed,261,54,3,0,0,0,0,0,0,0,4,0
processed,119,25,1,0,0,0,0,0,0,0,2,0
processed,14,4,1,0,0,0,0,0,0,0,1,0
processed,90,22,3,0,0,0,0,0,0,1,4,0
processed,119,20,2,0,0,0,0,0,0,0,3,0
processed,422,81,10,0,0,0,0,0,0,0,6,0
processed,642,133,7,0,0,0,0,0,0,1,9,0
processed,1470,322,18,0,0,0,0,0,0,5,39,0
processed,162,30,4,0,0,0,0,0,0,0,3,0
processed,466,96,2,0,0,0,0,0,0,0,12,0
processed,465,81,1,0,0,0,0,0,0,1,5,0
processed,70,14,1,0,0,0,0,0,0,0,2,0
processed,410,92,5,0,0,0,0,0,0,0,9,0
processed,177,33,1,0,0,0,0,0,0,0,4,0
processed,59,11,1,0,0,0,0,0,0,0,1,1
processed,726,154,9,0,0,0,0,0,0,1,14,0
processed,1093,217,10,0,0,0,0,0,0,5,6,1
processed,133,26,3,0,0,0,0,0,0,0,2,0
processed,111,24,3,0,0,0,0,0,0,1,3,0
processed,187,40,5,0,0,0,0,0,0,0,4,0
processed,186,27,2,0,0,0,0,0,0,0,1,0
processed,431,90,8,0,0,0,0,0,0,1,13,0
processed,552,127,9,0,0,0,0,0,0,1,10,0
processed,403,87,4,0,0,0,0,0,0,2,4,0
processed,404,76,6,0,0,0,0,0,0,2,8,0
processed,450,92,6,0,0,0,0,0,0,0,5,0
processed,75,11,1,0,0,0,0,0,0,0,0,0
processed,64,13,1,0,0,0,0,0,0,0,1,0
processed,239,47,5,0,0,0,0,0,0,0,3,0
processed,354,69,3,0,0,0,0,0,0,0,3,0
processed,386,85,7,0,0,0,0,0,0,2,12,0
processed,483,98,3,0,0,0,0,0,0,1,6,0
processed,939,194,11,0,0,0,0,0,0,4,11,0
processed,54,13,1,0,0,0,0,0,0,0,2,0
processed,231,48,4,0,0,0,0,0,0,1,6,0
processed,152,35,3,0,0,0,0,0,0,3,3,0
processed,118,21,1,0,0,0,0,0,0,0,3,0
processed,316,66,5,0,0,0,0,0,0,0,7,0
processed,251,62,4,0,0,0,0,0,0,2,5,0
processed,452,98,4,0,0,0,0,0,0,0,12,0
processed,925,193,14,0,0,0,0,0,0,0,8,0
processed,566,113,3,0,0,0,0,0,0,1,11,0
processed,195,43,2,0,0,0,0,0,0,0,5,0
processed,611,126,3,0,0,0,0,0,0,1,16,0
processed,427,79,6,0,0,0,0,0,0,0,5,1
processed,523,96,6,0,0,0,0,0,0,1,2,2
processed,94,22,1,0,0,0,0,0,0,1,0,0
processed,231,50,1,0,0,0,0,0,0,2,7,0
processed,510,108,6,0,0,0,0,0,0,1,8,1
processed,330,76,7,0,0,0,0,0,0,3,3,0
processed,369,70,4,0,0,0,0,0,0,0,2,0
processed,1695,348,17,3,0,0,0,0,0,2,30,0
processed,131,26,4,0,0,0,0,0,0,0,4,0
processed,434,96,5,0,0,0,0,0,0,1,3,0
processed,139,24,2,0,0,0,0,0,0,0,0,0
processed,494,91,9,0,0,0,0,0,0,0,4,1
processed,495,106,9,0,0,0,0,0,0,2,15,0
processed,496,102,7,0,0,0,0,0,0,1,9,0
processed,1648,330,8,6,0,0,0,0,0,4,30,0
processed,261,45,1,0,0,0,0,0,0,0,3,0
processed,368,72,5,0,0,0,0,0,0,0,7,1
processed,99,22,5,0,0,0,0,0,0,0,2,0
processed,334,56,4,0,0,0,0,0,0,0,7,0
processed,2869,596,21,0,0,0,0,0,0,4,46,1
processed,361,75,6,0,0,0,0,0,0,0,8,0
processed,616,130,10,0,0,0,0,0,0,1,9,0
processed,245,52,5,0,0,0,0,0,0,0,6,0
processed,72,11,1,0,0,0,0,0,0,0,1,0
processed,228,42,4,0,0,0,0,0,0,1,5,0
processed,1500,317,17,0,0,0,0,0,0,2,19,0
processed,203,36,4,0,0,0,0,0,0,0,1,0
processed,191,38,3,0,0,0,0,0,0,0,3,0
processed,374,82,14,0,0,0,0,0,0,0,7,0
processed,936,173,9,0,0,0,0,0,0,0,17,0
processed,302,59,4,0,0,0,0,0,0,0,5,0
processed,347,75,7,0,0,0,0,0,0,1,3,0
processed,538,109,5,0,0,0,0,0,0,2,10,1
processed,163,31,3,0,0,0,0,0,0,0,5,0
processed,1309,253,12,0,0,0,0,0,0,2,18,0
processed,249,42,3,0,0,0,0,0,0,0,5,0
processed,105,19,1,0,0,0,0,0,0,0,2,0
processed,153,36,5,0,0,0,0,0,0,0,1,0
processed,59,13,1,0,0,0,0,0,0,0,1,0
processed,619,129,9,0,0,0,0,0,0,1,15,0
processed,451,88,5,0,0,0,0,0,0,1,13,1
processed,316,66,9,0,0,0,0,0,0,0,4,0
processed,383,74,10,0,0,0,0,0,0,0,3,0
processed,648,113,7,0,0,0,0,0,0,1,8,0
processed,545,108,5,0,0,0,0,0,0,1,8,0
processed,0,0,0,0,0,0,0,0,0,0,0,0
processed,558,108,10,0,0,0,0,0,0,1,6,1
processed,495,105,5,0,0,0,0,0,0,1,10,0
processed,754,154,2,0,0,0,0,0,0,1,18,0
processed,421,69,2,0,0,0,0,0,0,0,7,0
processed,328,63,1,0,0,0,0,0,0,0,4,0
processed,366,68,2,0,0,0,0,0,0,0,7,2
processed,1098,218,14,0,0,0,0,0,0,0,23,0
processed,135,28,1,0,0,0,0,0,0,0,1,0
processed,222,31,4,0,0,0,0,0,0,0,2,0
processed,308,74,1,0,0,0,0,0,0,1,7,0
processed,365,76,7,0,0,0,0,0,0,2,13,0
processed,935,183,11,0,0,0,0,0,0,3,13,0
processed,2697,514,30,0,0,0,0,0,0,4,35,0
processed,1223,265,19,0,0,0,0,0,0,4,18,0
processed,619,135,6,0,0,0,0,0,0,4,9,0
processed,441,92,6,0,0,0,0,0,0,1,7,0
processed,1702,336,18,1,0,0,0,0,0,2,20,0
processed,315,56,4,0,0,0,0,0,0,0,4,0
processed,260,50,3,0,0,0,0,0,0,0,2,0
processed,637,124,10,0,0,0,0,0,0,1,11,0
processed,201,33,1,0,0,0,0,0,0,0,1,0
processed,151,32,2,0,0,0,0,0,0,0,2,0
processed,828,177,10,0,0,0,0,0,0,3,26,0
processed,71,13,1,0,0,0,0,0,0,0,2,0
processed,1066,235,11,0,0,0,0,0,0,1,25,0
processed,214,51,3,0,0,0,0,0,0,0,7,0
processed,143,27,4,0,0,0,0,0,0,0,5,0
processed,209,45,3,0,0,0,0,0,0,0,3,0
processed,133,19,2,0,0,0,0,0,0,0,1,1
processed,549,109,12,0,0,0,0,0,0,2,7,0
processed,255,50,1,0,0,0,0,0,0,0,4,0
processed,340,63,6,0,0,0,0,0,0,0,4,0
processed,122,25,3,0,0,0,0,0,0,0,1,0
processed,295,61,6,0,0,0,0,0,0,0,5,0
processed,132,34,3,0,0,0,0,0,0,0,1,0
processed,593,116,9,0,0,0,0,0,0,0,17,0
processed,365,69,3,0,0,0,0,0,0,1,6,0
processed,719,150,5,1,0,0,0,0,0,2,10,0
processed,203,36,1,0,0,0,0,0,0,0,4,0
processed,1048,216,14,0,0,0,0,0,0,2,29,0
processed,199,38,2,0,0,0,0,0,0,0,4,0
processed,520,99,11,0,0,0,0,0,0,0,2,0
processed,307,63,5,0,0,0,0,0,0,1,4,0
processed,1607,359,12,0,0,0,0,0,0,8,19,0
processed,573,118,6,0,0,0,0,0,0,1,12,0
processed,1006,197,6,5,0,0,0,0,0,1,17,0
processed,1564,312,4,0,0,0,0,0,0,2,18,0
processed,127,27,3,0,0,0,0,0,0,0,3,0
processed,222,46,4,0,0,0,0,0,0,0,3,0
processed,359,70,1,0,0,0,0,0,0,0,7,0
processed,111,24,1,0,0,0,0,0,0,0,1,0
processed,498,101,7,0,0,0,0,0,0,0,13,0
processed,879,196,6,1,0,0,0,0,0,3,10,0
processed,114,20,1,0,0,0,0,0,0,0,2,0
processed,236,45,4,0,0,0,0,0,0,0,7,0
processed,362,61,4,0,0,0,0,0,0,0,2,0
processed,438,87,9,0,0,0,0,0,0,0,9,0
processed,104,16,2,0,0,0,0,0,0,0,1,0
processed,106,19,2,0,0,0,0,0,0,0,1,0
processed,261,51,3,0,0,0,0,0,0,0,2,0
processed,768,157,8,0,0,0,0,0,0,3,8,0
processed,44,8,1,0,0,0,0,0,0,0,1,0
processed,134,25,2,0,0,0,0,0,0,0,2,0
processed,329,69,2,0,0,0,0,0,0,0,7,0
processed,607,131,9,0,0,0,0,0,0,0,9,0
processed,498,101,8,0,0,0,0,0,0,2,7,0
processed,137,29,3,0,0,0,0,0,0,0,4,0
processed,1117,218,21,0,0,0,0,0,0,4,9,0
processed,956,202,20,0,0,0,0,0,0,4,10,0
processed,405,92,4,0,0,0,0,0,0,1,7,0
processed,208,36,2,0,0,0,0,0,0,1,2,0
processed,524,102,7,0,0,0,0,0,0,4,5,0
processed,316,74,5,0,0,0,0,0,0,2,4,0
processed,304,57,7,0,0,0,0,0,0,2,6,0
processed,57,12,2,0,0,0,0,0,0,1,1,0
processed,108,26,3,0,0,0,0,0,0,0,1,0
processed,346,69,4,0,0,0,0,0,0,0,3,0
processed,28,3,1,0,0,0,0,0,0,0,0,0
processed,622,124,7,0,0,0,0,0,0,1,8,0
processed,192,44,1,0,0,0,0,0,0,0,8,0
processed,175,37,2,0,0,0,0,0,0,2,2,0
processed,490,105,9,0,0,0,0,0,0,1,10,0
processed,250,52,6,0,0,0,0,0,0,0,7,0
processed,242,51,4,0,0,0,0,0,0,2,2,1
processed,160,32,1,0,0,0,0,0,0,1,0,0
processed,488,84,3,0,0,0,0,0,0,0,5,0
processed,101,23,1,0,0,0,0,0,0,1,1,0
processed,723,155,5,0,0,0,0,0,0,1,5,0
processed,130,28,3,0,0,0,0,0,0,0,1,0
processed,508,107,8,0,0,0,0,0,0,1,7,0
processed,41,6,1,0,0,0,0,0,0,0,2,0
processed,14,2,1,0,0,0,0,0,0,0,0,0
processed,60,13,1,0,0,0,0,0,0,0,3,0
processed,89,17,2,0,0,0,0,0,0,0,2,0
processed,473,84,6,0,0,0,0,0,0,0,6,0
processed,160,33,4,0,0,0,0,0,0,0,0,0
processed,167,37,3,0,0,0,0,0,0,0,3,0
processed,266,59,1,0,0,0,0,0,0,0,4,0
processed,142,28,3,0,0,0,0,0,0,0,3,0
processed,626,123,5,0,0,0,0,0,0,1,18,0
processed,627,112,4,0,0,0,0,0,0,0,8,0
processed,811,159,14,0,0,0,0,0,0,2,2,0
processed,223,47,1,0,0,0,0,0,0,0,4,0
processed,719,145,9,0,0,0,0,0,1,2,13,0
processed,734,154,9,0,0,0,0,0,0,1,16,0
processed,448,92,2,0,0,0,0,0,0,0,10,0
processed,245,47,4,0,0,0,0,0,0,0,3,0
processed,90,20,2,0,0,0,0,0,0,1,0,0
processed,962,194,9,0,0,0,0,0,0,4,19,3
processed,397,86,1,0,0,0,0,0,0,0,5,0
processed,155,30,1,0,0,0,0,0,0,0,4,0
processed,323,73,2,0,0,0,0,0,0,0,4,0
processed,229,52,3,0,0,0,0,0,0,0,2,0
processed,193,34,4,0,0,0,0,0,0,0,3,0
processed,85,20,3,0,0,0,0,0,0,0,5,0
processed,665,117,7,0,0,0,0,0,0,1,3,0
processed,197,38,1,0,0,0,0,0,0,0,2,0
processed,379,74,3,0,0,0,0,0,0,2,5,0
processed,189,42,2,1,0,0,0,0,0,0,5,0
processed,662,134,9,0,0,0,0,0,0,1,11,0
processed,1098,222,8,0,0,0,0,0,0,4,21,0
processed,69,13,2,0,0,0,0,0,0,0,1,0
processed,773,158,10,0,0,0,0,0,0,0,16,0
processed,65,12,1,0,0,0,0,0,0,0,1,0
processed,81,14,1,0,0,0,0,0,0,0,2,0
processed,311,67,8,0,0,0,0,0,0,3,6,0
processed,202,45,4,0,0,0,0,0,0,0,5,0
processed,407,92,6,3,0,0,0,0,0,1,9,0
processed,229,50,2,0,0,0,0,0,0,0,7,0
processed,643,111,5,0,0,0,0,0,0,0,10,0
processed,531,114,10,0,0,0,0,0,0,1,6,0
processed,647,135,14,0,0,0,0,0,0,1,11,0
processed,91,14,1,0,0,0,0,0,0,0,1,0
processed,181,26,1,0,0,0,0,0,0,0,0,0
processed,197,34,5,0,0,0,0,0,0,3,1,0
processed,174,27,3,0,0,0,0,0,0,0,2,0
processed,200,40,3,0,0,0,0,0,0,1,5,0
processed,126,26,4,0,0,0,0,0,0,1,2,0
processed,96,16,2,0,0,0,0,0,0,0,2,0
processed,83,14,1,0,0,0,0,0,0,0,2,0
processed,689,148,8,3,0,0,0,0,0,0,13,0
processed,1009,198,9,1,0,0,0,0,0,3,14,2
processed,126,26,3,0,0,0,0,0,0,0,1,0
processed,177,36,5,0,0,0,0,0,0,0,2,0
processed,151,35,3,0,0,0,0,0,0,1,3,0
processed,824,169,7,0,0,0,0,0,0,3,6,0
processed,663,137,7,0,0,0,0,0,0,2,12,0
processed,673,139,5,0,0,0,0,0,0,0,14,0
processed,445,81,4,0,0,0,0,0,0,0,9,0
processed,117,23,1,0,0,0,0,0,0,0,1,0
processed,381,76,5,0,0,0,0,0,0,0,11,0
processed,162,27,1,0,0,0,0,0,0,0,4,0
processed,751,165,10,0,0,0,0,0,0,1,16,0
processed,58,13,3,0,0,0,0,0,0,0,1,0
processed,348,74,2,0,0,0,0,0,0,2,7,0
processed,222,45,2,0,0,0,0,0,0,1,5,0
processed,118,21,1,0,0,0,0,0,0,0,1,0
processed,335,64,6,0,0,0,0,0,0,0,2,0
processed,283,63,5,0,0,0,0,0,0,3,2,0
processed,2304,483,22,0,0,0,0,0,0,2,34,1
processed,472,87,4,0,0,0,0,0,0,0,17,0
processed,343,73,7,0,0,0,0,0,0,2,4,0
processed,625,123,12,0,0,0,0,0,0,2,12,1
processed,362,78,8,0,0,0,0,0,0,0,9,0
processed,79,17,1,0,0,0,0,0,0,0,0,0
processed,421,80,4,0,0,0,0,0,0,1,6,0
processed,316,72,3,0,0,0,0,0,0,1,4,1
processed,40,6,1,0,0,0,0,0,0,0,0,0
processed,751,146,11,0,0,0,0,0,0,1,9,2
processed,530,113,7,0,0,0,0,0,0,0,9,1
processed,463,86,5,0,0,0,0,0,0,0,5,0
processed,119,22,4,0,0,0,0,0,0,0,1,0
processed,265,53,6,0,0,0,0,0,0,0,2,0
processed,9,2,1,0,0,0,0,0,0,0,0,0
processed,1209,261,9,3,0,0,0,0,0,3,15,0
processed,663,131,4,0,0,0,0,0,0,0,18,0
processed,630,139,13,0,0,0,0,0,0,3,12,0
processed,68,13,3,0,0,0,0,0,0,0,1,0
processed,1576,311,13,0,0,0,0,0,0,3,17,1
processed,248,49,7,0,0,0,0,0,0,0,6,0
processed,921,187,6,1,0,0,0,0,0,3,8,0
processed,360,74,9,0,0,0,0,0,0,0,6,1
processed,460,101,6,0,0,0,0,0,0,0,12,1
processed,473,95,6,0,0,0,0,0,0,2,13,0
processed,617,136,3,0,0,0,0,0,0,3,7,0
processed,85,16,2,0,0,0,0,0,0,0,1,0
processed,1053,224,15,0,0,0,0,0,0,6,25,0
processed,716,170,8,1,0,0,0,0,0,0,19,0
processed,455,97,4,0,0,0,0,0,0,0,8,0
processed,356,74,7,0,0,0,0,0,0,0,5,0
processed,427,94,6,0,0,0,0,0,0,2,12,0
processed,459,95,4,0,0,0,0,0,0,0,7,0
processed,191,40,7,0,0,0,0,0,0,0,1,0
processed,295,65,6,0,0,0,0,0,0,1,6,0
processed,226,47,6,0,0,0,0,0,0,0,3,0
processed,162,33,1,1,0,0,0,0,0,0,2,0
processed,433,84,1,0,0,0,0,0,0,2,6,0
processed,5,1,1,0,0,0,0,0,0,0,0,0
processed,345,67,5,0,0,0,0,0,0,2,3,0
processed,65,17,2,0,0,0,0,0,0,1,1,0
processed,198,33,1,0,0,0,0,0,0,0,2,0
processed,380,64,5,0,0,0,0,0,0,0,4,0
processed,209,35,3,0,0,0,0,0,0,0,2,0
processed,387,86,6,0,0,0,0,0,0,1,10,0
processed,218,39,4,0,0,0,0,0,0,0,1,0
processed,173,33,1,0,0,0,0,0,0,1,5,0
processed,192,42,1,0,0,0,0,0,0,0,3,0
processed,431,90,1,0,0,0,0,0,0,0,7,0
processed,76,11,2,0,0,0,0,0,0,0,3,0
processed,759,161,14,0,0,0,0,0,0,1,15,1
processed,185,34,4,0,0,0,0,0,0,0,2,0
processed,121,23,1,0,0,0,0,0,0,0,2,0
processed,95,15,2,0,0,0,0,0,0,0,3,0
processed,740,155,11,0,0,0,0,0,0,1,10,0
processed,206,42,2,0,0,0,0,0,0,1,3,0
processed,94,18,1,0,0,0,0,0,0,0,3,0
processed,86,20,1,0,0,0,0,0,0,0,2,0
processed,65,11,1,0,0,0,0,0,0,0,1,0
processed,229,49,6,0,0,0,0,0,0,0,2,0
processed,296,65,2,0,0,0,0,0,0,2,9,0
processed,81,17,2,0,0,0,0,0,0,1,1,0
processed,475,98,5,0,0,0,0,0,0,0,10,0
processed,449,92,8,0,0,0,0,0,0,2,9,0
processed,406,88,7,0,0,0,0,0,0,2,4,0
processed,433,86,5,1,0,0,0,0,0,0,9,0
processed,398,81,8,0,0,0,0,0,0,0,7,0
processed,568,108,5,0,0,0,0,0,0,2,8,0
processed,84,19,2,0,0,0,0,0,0,0,2,0
processed,220,42,4,0,0,0,0,0,0,1,6,0
processed,146,29,4,0,0,0,0,0,0,0,0,0
processed,73,14,1,0,0,0,0,0,0,0,3,0
processed,351,67,5,0,0,0,0,0,0,0,6,0
processed,110,16,3,0,0,0,0,0,0,0,0,0
processed,531,109,8,0,0,0,0,0,0,2,11,1
processed,688,136,7,0,0,0,0,0,0,0,7,0
processed,207,47,2,0,0,0,0,0,0,0,9,0
processed,353,73,6,0,0,0,0,0,0,1,5,0
processed,54,9,1,0,0,0,0,0,0,0,0,0
processed,64,13,1,0,0,0,0,0,0,0,0,0
processed,327,72,4,0,0,0,0,0,0,0,2,0
processed,1055,211,12,0,0,0,0,0,0,2,18,0
processed,132,26,2,0,0,0,0,0,0,0,1,0
processed,157,20,1,0,0,0,0,0,0,1,1,0
processed,510,101,4,0,0,0,0,0,0,0,15,0
processed,559,114,12,0,0,0,0,0,0,0,7,0
processed,832,175,4,0,0,0,0,0,0,1,13,0
processed,592,113,3,0,0,0,0,0,0,2,7,0
processed,383,82,3,0,0,0,0,0,0,2,3,0
processed,407,85,8,0,0,0,0,0,0,2,6,0
processed,998,195,12,0,0,0,0,0,0,1,19,0
processed,189,33,4,0,0,0,0,0,0,0,4,0
processed,1152,245,20,0,0,0,0,0,0,0,12,0
processed,206,36,3,0,0,0,0,0,0,0,4,0
processed,870,173,6,0,0,0,0,0,0,2,11,0
processed,144,27,6,0,0,0,0,0,0,0,2,0
processed,1030,225,17,0,0,0,0,0,1,1,23,0
processed,237,50,8,0,0,0,0,0,0,1,4,0
processed,143,28,3,0,0,0,0,0,0,0,5,0
processed,560,117,6,0,0,0,0,0,0,1,6,0
processed,110,23,1,0,0,0,0,0,0,0,2,0
processed,407,93,7,0,0,0,0,0,0,0,8,0
processed,1727,343,19,0,0,0,0,0,0,5,35,0
processed,436,77,2,0,0,0,0,0,0,1,8,0
processed,174,31,6,0,0,0,0,0,0,0,0,0
processed,649,116,8,0,0,0,0,0,0,0,16,0
processed,572,128,3,0,0,0,0,0,0,2,10,0
processed,650,134,4,0,0,0,0,0,0,0,23,0
processed,655,127,5,0,0,0,0,0,0,1,4,2
processed,413,82,6,0,0,0,0,0,0,1,5,0
processed,228,50,4,0,0,0,0,0,0,0,6,0
processed,674,142,10,1,0,0,0,0,0,4,6,0
processed,677,140,9,0,0,0,0,0,0,2,13,0
processed,751,169,9,0,0,0,0,0,0,1,15,0
processed,800,175,7,0,0,0,0,0,0,4,13,0
processed,58,12,2,0,0,0,0,0,0,0,2,0
processed,485,109,6,0,0,0,0,0,0,1,8,0
processed,220,49,6,0,0,0,0,0,0,0,3,0
processed,326,69,6,0,0,0,0,0,0,0,8,0
processed,12,2,1,0,0,0,0,0,0,0,1,0
processed,757,169,9,0,0,0,0,0,0,2,12,2
processed,516,99,4,0,0,0,0,0,0,1,2,2
processed,14,2,1,0,0,0,0,0,0,0,0,0
processed,584,135,11,0,0,0,0,0,0,0,9,0
processed,381,77,8,0,0,0,0,0,0,0,8,0
processed,1111,246,17,0,0,0,0,0,0,1,16,0
processed,351,67,6,0,0,0,0,0,0,1,7,0
processed,123,21,1,0,0,0,0,0,0,0,0,0
processed,250,50,4,0,0,0,0,0,0,0,3,0
processed,163,35,3,0,0,0,0,0,0,0,5,0
processed,168,36,1,0,0,0,0,0,0,0,4,0
processed,105,23,1,0,0,0,0,0,0,0,3,0
processed,493,98,7,0,0,0,0,0,0,0,3,0
processed,190,43,1,0,0,0,0,0,0,1,2,1
processed,199,42,2,0,0,0,0,0,0,0,1,0
processed,176,26,2,0,0,0,0,0,0,0,3,0
processed,163,37,5,0,0,0,0,0,0,1,4,0
processed,396,81,7,0,0,0,0,0,0,0,7,0
processed,174,31,3,0,0,0,0,0,0,0,0,0
processed,648,128,5,0,0,0,0,0,0,2,11,0
processed,214,53,1,0,0,0,0,0,0,0,4,0
processed,149,25,1,0,0,0,0,0,0,1,3,0
processed,111,22,2,0,0,0,0,0,0,0,3,0
processed,313,69,4,0,0,0,0,0,0,0,4,0
processed,153,37,1,0,0,0,0,0,0,2,3,0
processed,580,112,6,0,0,0,0,0,0,0,7,0
processed,868,199,9,0,0,0,0,0,0,2,10,0
processed,551,123,8,0,0,0,0,0,0,3,7,0
processed,273,60,3,0,0,0,0,0,0,4,8,0
processed,132,25,1,0,0,0,0,0,0,0,0,0
processed,349,70,4,0,0,0,0,0,0,1,8,0
processed,1097,215,11,0,0,0,0,0,0,1,14,0
processed,228,43,6,0,0,0,0,0,0,0,6,0
processed,122,25,1,0,0,0,0,0,0,0,2,0
processed,86,18,2,3,0,0,0,0,0,0,2,0
processed,26,6,1,0,0,0,0,0,0,0,1,0
processed,225,45,7,0,0,0,0,0,0,0,2,1
processed,914,176,11,0,0,0,0,0,0,2,19,0
processed,189,38,4,0,0,0,0,0,0,0,3,0
processed,1033,218,10,0,0,0,0,0,0,1,18,0
processed,598,133,29,0,0,0,0,0,0,2,9,0
processed,148,28,2,0,0,0,0,0,0,0,2,0
processed,834,181,8,1,0,0,0,0,0,4,6,0
processed,265,53,1,0,0,0,0,0,0,0,4,0
processed,61,16,2,0,0,0,0,0,0,0,3,0
processed,264,63,5,0,0,0,0,0,0,0,8,0
processed,397,87,7,0,0,0,0,0,0,1,7,1
processed,135,26,3,0,0,0,0,0,0,0,2,0
processed,70,13,1,0,0,0,0,0,0,0,0,0
processed,71,15,1,0,0,0,0,0,0,0,2,0
processed,396,75,4,0,0,0,0,0,0,2,5,1
processed,445,99,5,0,0,0,0,0,0,3,8,0
processed,493,110,6,0,0,0,0,0,0,1,4,0
processed,702,150,4,0,0,0,0,0,0,2,13,0
processed,445,85,6,0,0,0,0,0,0,1,2,0
processed,560,116,7,0,0,0,0,0,0,3,11,0
processed,130,28,3,0,0,0,0,0,0,0,2,0
processed,38,9,1,0,0,0,0,0,0,0,1,0
processed,65,14,2,0,0,0,0,0,0,0,2,0
processed,457,93,4,0,0,0,0,0,0,1,2,0
processed,1129,233,18,0,0,0,0,0,0,4,19,0
processed,90,18,2,0,0,0,0,0,0,0,2,0
processed,556,113,8,0,0,0,0,0,0,2,4,0
processed,491,94,5,0,0,0,0,0,0,0,7,0
processed,373,74,4,0,0,0,0,0,0,1,9,0
processed,110,25,2,0,0,0,0,0,0,0,3,0
processed,487,95,8,0,0,0,0,0,0,1,6,0
processed,152,31,2,0,0,0,0,0,0,0,5,0
processed,458,101,7,0,0,0,0,0,0,2,8,0
processed,4,1,1,0,0,0,0,0,0,0,1,0
processed,11,3,1,0,0,0,0,0,0,1,1,0
processed,1782,367,27,0,0,0,0,0,0,6,24,0
processed,2426,460,18,0,0,0,0,0,0,1,41,0
processed,374,71,7,0,0,0,0,0,0,0,5,1
processed,260,48,4,0,0,0,0,0,0,0,1,0
processed,1340,243,13,0,0,0,0,0,0,5,18,0
processed,326,68,10,0,0,0,0,0,0,1,3,0
processed,391,86,2,0,0,0,0,0,0,0,6,0
processed,390,83,8,0,0,0,0,0,0,5,2,0
processed,179,37,3,0,0,0,0,0,0,0,4,0
processed,415,95,8,0,0,0,0,0,0,2,6,0
processed,395,75,6,0,0,0,0,0,0,0,8,0
processed,1262,253,15,0,0,0,0,0,0,2,14,0
processed,552,93,8,0,0,0,0,0,0,0,7,0
processed,244,50,3,0,0,0,0,0,0,0,3,0
processed,175,39,3,0,0,0,0,0,0,0,3,0
processed,488,105,3,0,0,0,0,0,0,1,12,0
processed,152,29,4,0,0,0,0,0,0,0,2,0
processed,983,179,6,0,0,0,0,0,0,0,11,0
processed,47,9,2,0,0,0,0,0,0,0,1,0
processed,247,52,5,0,0,0,0,0,0,0,5,0
processed,536,98,10,0,0,0,0,0,0,1,14,0
processed,328,51,6,0,0,0,0,0,0,1,3,0
processed,624,129,8,0,0,0,0,0,0,0,10,1
processed,143,26,2,0,0,0,0,0,0,0,2,0
processed,66,6,1,0,0,0,0,0,0,0,1,0
processed,186,37,7,0,0,0,0,0,0,0,2,0
processed,1937,410,33,0,0,0,0,0,0,0,30,0
processed,696,145,7,0,0,0,0,0,0,4,7,0
processed,49,10,1,0,0,0,0,0,0,0,0,0
processed,103,22,1,0,0,0,0,0,0,0,0,0
processed,241,44,3,0,0,0,0,0,0,0,6,0
processed,427,82,10,0,0,0,0,0,0,2,8,0
processed,53,11,1,0,0,0,0,0,0,0,1,0
processed,574,114,4,0,0,0,0,0,0,0,5,0
processed,56,8,1,0,0,0,0,0,0,0,1,0
processed,208,39,5,0,0,0,0,0,0,1,4,0
processed,227,45,5,0,0,0,0,0,0,3,3,0
processed,1469,307,14,0,0,0,0,0,0,4,30,0
processed,741,158,6,0,0,0,0,0,0,0,11,0
processed,310,55,5,0,0,0,0,0,0,0,7,0
processed,953,209,10,0,0,0,0,0,0,1,21,0
processed,518,101,7,0,0,0,0,0,0,1,8,0
processed,373,77,5,1,0,0,0,0,0,0,3,0
processed,738,157,8,0,0,0,0,0,0,1,11,0
processed,193,36,3,1,0,0,0,0,0,0,6,0
processed,195,43,2,0,0,0,0,0,0,0,1,0
processed,800,164,3,0,0,0,0,0,0,2,10,2
processed,747,159,7,0,0,0,0,0,0,5,7,0
processed,123,16,1,0,0,0,0,0,0,0,4,0
processed,35,6,1,0,0,0,0,0,0,0,1,0
processed,592,110,7,0,0,0,0,0,0,0,8,0
processed,134,30,1,0,0,0,0,0,0,0,2,0
processed,105,23,2,0,0,0,0,0,0,0,4,0
processed,332,53,5,0,0,0,0,0,0,0,1,0
processed,784,124,10,6,0,0,0,0,0,0,10,1
processed,32,5,1,0,0,0,0,0,0,0,1,0
processed,322,69,6,0,0,0,0,0,0,0,4,0
processed,540,100,7,0,0,0,0,0,0,0,5,0
processed,42,10,1,0,0,0,0,0,0,0,1,0
processed,133,27,1,0,0,0,0,0,0,1,1,0
processed,306,56,5,0,0,0,0,0,0,1,4,0
processed,189,43,1,0,0,0,0,0,0,2,5,1
processed,335,74,6,0,0,0,0,0,0,1,7,0
processed,1755,345,24,0,0,0,0,0,0,0,30,0
processed,974,224,16,0,0,0,0,0,0,2,17,0
processed,117,25,3,0,0,0,0,0,0,1,2,0
processed,1132,234,17,0,0,0,0,0,0,2,17,0
processed,877,176,10,0,0,0,0,0,0,3,12,1
processed,124,24,2,0,0,0,0,0,0,1,1,0
processed,243,44,4,0,0,0,0,0,0,0,4,0
processed,145,35,3,0,0,0,0,0,0,0,5,0
processed,446,107,2,0,0,0,0,0,0,5,1,0
processed,155,34,2,0,0,0,0,0,0,0,2,1
processed,361,65,3,0,0,0,0,0,0,0,6,0
processed,760,142,4,0,0,0,0,0,0,1,10,0
processed,70,17,3,0,0,0,0,0,0,1,1,0
processed,144,31,3,0,0,0,0,0,0,2,3,0
processed,528,94,4,0,0,0,0,0,0,0,3,0
processed,1238,251,10,0,0,0,0,0,0,1,20,0
processed,1228,252,18,0,0,0,0,0,0,3,12,0
processed,316,68,3,0,0,0,0,0,0,0,9,0
processed,609,128,4,0,0,0,0,0,0,2,12,0
processed,523,98,7,0,0,0,0,0,0,0,11,0
processed,100,21,1,0,0,0,0,0,0,0,2,0
processed,719,162,14,0,0,0,0,0,0,5,15,1
processed,95,15,1,0,0,0,0,0,0,0,0,0
processed,367,63,3,0,0,0,0,0,0,0,5,0
processed,457,96,3,0,0,0,0,0,0,2,6,0
processed,648,120,3,0,0,0,0,0,0,1,9,0
processed,583,103,9,0,0,0,0,0,0,0,6,0
processed,439,91,7,0,0,0,0,0,0,0,7,0
processed,102,23,2,0,0,0,0,0,0,0,3,0
processed,463,90,7,0,0,0,0,0,0,0,5,0
processed,512,98,5,0,0,0,0,0,0,0,5,0
processed,820,152,3,0,0,0,0,0,0,1,9,0
processed,227,34,2,0,0,0,0,0,0,2,3,0
processed,265,54,4,0,0,0,0,0,0,1,4,0
processed,300,58,3,0,0,0,0,0,0,0,4,1
processed,625,123,5,0,0,0,0,0,0,0,10,0
processed,1183,241,14,0,0,0,0,0,0,0,19,0
processed,509,108,4,0,0,0,0,0,0,2,4,0
processed,153,32,3,0,0,0,0,0,0,1,2,0
processed,762,154,14,0,0,0,0,0,0,1,11,0
processed,689,137,9,0,0,0,0,0,0,0,5,0
processed,458,100,5,0,0,0,0,0,0,3,7,0
processed,92,18,2,0,0,0,0,0,0,0,0,0
processed,228,40,3,0,0,0,0,0,0,0,3,0
processed,460,104,6,0,0,0,0,0,0,0,13,0
processed,77,12,2,0,0,0,0,0,0,0,2,0
processed,956,179,6,0,0,0,0,0,0,0,22,0
processed,487,99,6,0,0,0,0,0,0,1,8,0
processed,95,16,3,0,0,0,0,0,0,0,0,0
processed,322,67,1,0,0,0,0,0,0,0,6,0
processed,157,29,2,2,0,0,0,0,0,0,2,0
processed,229,46,6,0,0,0,0,0,0,0,2,0
processed,31,6,1,0,0,0,0,0,0,0,1,0
processed,740,144,8,0,0,0,0,0,0,0,12,0
processed,847,170,20,0,0,0,0,0,0,0,20,0
processed,286,53,4,0,0,0,0,0,0,0,2,0
processed,94,23,2,0,0,0,0,0,0,2,2,0
processed,100,19,4,0,0,0,0,0,0,0,2,0
processed,220,50,6,0,0,0,0,0,0,1,3,0
processed,408,85,5,0,0,0,0,0,0,1,14,0
processed,370,76,7,0,0,0,0,0,0,0,6,0
processed,322,67,2,0,0,0,0,0,0,2,6,0
processed,261,56,7,0,0,0,0,0,0,0,9,0
processed,164,32,4,0,0,0,0,0,0,0,2,0
processed,119,24,3,0,0,0,0,0,0,0,1,1
processed,522,106,3,0,0,0,0,0,0,1,7,0
processed,746,145,10,0,0,0,0,0,0,0,14,0
processed,380,67,5,0,0,0,0,0,0,0,7,0
processed,284,59,3,0,0,0,0,0,0,1,3,0
processed,204,41,2,0,0,0,0,0,0,0,3,0
processed,833,153,12,0,0,0,0,0,0,2,5,0
processed,354,65,6,0,0,0,0,0,0,0,5,0
processed,829,147,6,0,0,0,0,0,0,0,8,0
processed,610,135,10,0,0,0,0,0,0,0,15,0
processed,749,153,9,0,0,0,0,0,0,0,14,0
processed,660,129,5,0,0,0,0,0,0,3,11,0
processed,639,135,11,0,0,0,0,0,0,2,9,1
processed,38,8,1,0,0,0,0,0,0,0,0,0
processed,490,95,5,0,0,0,0,0,0,0,7,2
processed,311,59,5,0,0,0,0,0,0,0,4,1
processed,53,11,1,0,0,0,0,0,0,0,0,0
processed,142,29,2,0,0,0,0,0,0,1,4,0
processed,225,40,3,0,0,0,0,0,0,1,6,0
processed,396,81,6,0,0,0,0,0,0,0,5,0
processed,496,109,6,0,0,0,0,0,0,5,9,0
processed,1005,221,20,0,0,0,0,0,0,0,14,0
processed,322,67,8,0,0,0,0,0,0,1,5,0
processed,645,123,8,0,0,0,0,0,0,1,9,0
processed,644,122,8,0,0,0,0,0,0,2,8,2
processed,51,11,2,0,0,0,0,0,0,0,0,0
processed,178,37,7,0,0,0,0,0,0,2,6,0
processed,89,20,2,0,0,0,0,0,0,0,3,0
processed,219,41,3,0,0,0,0,0,0,0,5,0
processed,363,74,5,0,0,0,0,0,0,0,6,0
processed,563,109,5,0,0,0,0,0,0,0,10,0
processed,260,47,4,0,0,0,0,0,0,0,1,0
processed,681,140,7,0,0,0,0,0,0,0,11,0
processed,112,22,1,0,0,0,0,0,0,0,1,0
processed,249,50,4,0,0,0,0,0,0,0,4,0
processed,687,143,8,0,0,0,0,0,0,5,13,1
processed,1671,348,23,0,0,0,0,0,0,0,30,0
processed,261,47,2,0,0,0,0,0,0,0,4,0
processed,308,60,3,0,0,0,0,0,0,0,5,0
processed,391,67,4,0,0,0,0,0,0,0,4,0
processed,208,40,4,0,0,0,0,0,0,0,7,0
processed,460,90,4,0,0,0,0,0,0,1,4,0
processed,123,23,3,0,0,0,0,0,0,0,1,0
processed,314,55,3,0,0,0,0,0,0,0,7,0
processed,294,47,1,0,0,0,0,0,0,1,2,0
processed,633,124,1,0,0,0,0,0,0,1,9,0
processed,124,23,2,0,0,0,0,0,0,0,1,0
processed,646,139,8,0,0,0,0,0,0,1,12,0
processed,170,31,5,0,0,0,0,0,0,0,2,0
processed,74,17,1,1,0,0,0,0,0,0,2,0
processed,38,6,1,0,0,0,0,0,0,0,1,0
processed,477,95,4,0,0,0,0,0,0,0,5,0
processed,141,18,2,0,0,0,0,0,0,0,0,0
processed,212,45,4,0,0,0,0,0,0,1,4,0
processed,663,136,8,0,0,0,0,0,0,2,9,0
processed,653,132,9,0,0,0,0,0,0,1,9,0
processed,281,60,4,1,0,0,0,0,0,1,6,0
processed,505,99,5,0,0,0,0,0,0,1,7,0
processed,1328,285,16,0,0,0,0,0,0,6,15,2
processed,756,168,12,0,0,0,0,0,0,0,13,0
processed,380,80,5,0,0,0,0,0,0,1,2,0
processed,140,35,1,0,0,0,0,0,0,0,4,0
processed,390,87,7,0,0,0,0,0,0,3,9,0
processed,721,153,7,0,0,0,0,0,0,2,6,1
processed,273,60,4,1,0,0,0,0,0,2,8,0
processed,240,50,2,0,0,0,0,0,0,0,2,0
processed,511,106,2,0,0,0,0,0,0,1,6,0
processed,83,17,2,0,0,0,0,0,0,0,2,0
processed,73,15,1,0,0,0,0,0,0,0,1,0
processed,1482,294,3,0,0,0,0,0,0,3,32,0
processed,631,117,7,0,0,0,0,0,0,0,7,0
processed,352,76,4,0,0,0,0,0,0,0,7,0
processed,275,46,1,0,0,0,0,0,0,0,6,0
processed,147,27,1,0,0,0,0,0,0,0,1,0
processed,254,49,6,0,0,0,0,0,0,1,3,0
processed,360,73,6,0,0,0,0,0,0,0,6,0
processed,90,12,1,0,0,0,0,0,0,0,0,0
processed,436,82,3,0,0,0,0,0,0,1,7,0
processed,571,114,9,0,0,0,0,0,0,1,13,0
processed,1658,320,8,0,0,0,0,0,0,3,33,0
processed,567,132,15,0,0,0,0,0,0,1,15,0
processed,136,28,4,0,0,0,0,0,0,0,0,0
processed,783,137,9,0,0,0,0,0,0,0,12,0
processed,734,151,10,0,0,0,0,0,0,3,14,0
processed,225,50,6,0,0,0,0,0,0,2,4,0
processed,177,35,3,0,0,0,0,0,0,0,1,0
processed,315,69,2,0,0,0,0,0,0,0,5,0
processed,407,92,8,0,0,0,0,0,0,2,7,0
processed,273,54,3,0,0,0,0,0,0,0,7,0
processed,370,81,4,0,0,0,0,0,0,0,9,1
processed,274,41,3,0,0,0,0,0,0,0,1,0
processed,556,122,8,0,0,0,0,0,0,1,13,0
processed,40,10,1,0,0,0,0,0,0,1,1,0
processed,485,100,8,0,0,0,0,0,0,1,4,0
processed,293,56,5,0,0,0,0,0,0,0,4,0
processed,138,30,1,0,0,0,0,0,0,0,0,0
processed,126,28,3,0,0,0,0,0,0,0,4,0
processed,160,28,4,0,0,0,0,0,0,1,2,0
processed,410,84,4,0,0,0,0,0,0,0,10,0
processed,278,53,2,0,0,0,0,0,0,1,6,0
processed,229,48,2,0,0,0,0,0,0,0,4,0
processed,109,23,1,0,0,0,0,0,0,0,5,0
processed,128,25,2,0,0,0,0,0,0,0,3,0
processed,464,92,8,0,0,0,0,0,0,2,10,0
processed,273,44,3,0,0,0,0,0,4,0,4,0
processed,1217,253,22,0,0,0,0,0,0,0,15,1
processed,101,21,1,0,0,0,0,0,0,0,3,0
processed,277,58,2,0,0,0,0,0,0,3,2,0
processed,175,32,3,0,0,0,0,0,0,0,1,0
processed,1445,294,10,0,0,0,0,0,0,6,22,0
processed,375,75,2,0,0,0,0,0,0,2,5,0
processed,12,4,1,0,0,0,0,0,0,1,1,0
processed,134,25,3,0,0,0,0,0,0,0,2,0
processed,421,82,8,0,0,0,0,0,0,1,4,0
processed,285,61,2,0,0,0,0,0,0,3,3,0
processed,486,104,9,0,0,0,0,0,0,2,7,0
processed,740,156,11,0,0,0,0,0,0,2,7,1
processed,80,21,1,0,0,0,0,0,0,0,2,0
processed,512,99,12,0,0,0,0,0,0,0,6,0
processed,264,51,6,0,0,0,0,0,0,0,10,0
processed,559,121,4,0,0,0,0,0,0,1,10,0
processed,416,78,4,0,0,0,0,0,0,0,7,0
processed,11,3,1,0,0,0,0,0,0,0,1,0
processed,471,101,4,0,0,0,0,0,0,3,10,0
processed,120,20,3,0,0,0,0,0,0,0,0,1
processed,600,120,9,0,0,0,0,0,0,1,5,0
processed,56,13,1,0,0,0,0,0,0,0,2,0
processed,81,17,1,0,0,0,0,0,0,0,3,0
processed,1144,221,21,0,0,0,0,0,0,2,12,0
processed,129,26,1,0,0,0,0,0,0,1,2,0
processed,135,28,1,0,0,0,0,0,0,0,2,0
processed,672,122,10,0,0,0,0,0,0,1,13,0
processed,1289,250,17,0,0,0,0,0,0,7,10,1
processed,132,21,1,0,0,0,0,0,0,0,2,0
processed,792,164,8,0,0,0,0,0,0,0,15,0
processed,160,33,4,0,0,0,0,0,0,0,3,0
processed,306,52,5,1,0,0,0,0,0,1,2,0
processed,248,47,6,0,0,0,0,0,0,0,7,0
processed,161,33,3,0,0,0,0,0,0,0,2,0
processed,49,9,1,0,0,0,0,0,0,0,0,0
processed,78,18,2,1,0,0,0,0,0,1,1,0
processed,34,9,1,0,0,0,0,0,0,0,0,0
processed,298,61,4,0,0,0,0,0,0,0,3,0
processed,163,25,3,0,0,0,0,0,0,0,2,0
processed,561,109,2,0,0,0,0,0,0,2,6,1
processed,502,102,5,0,0,0,0,0,0,2,8,0
processed,808,163,5,0,0,0,0,0,0,4,16,0
processed,520,124,4,0,0,0,0,0,0,1,7,0
processed,422,80,6,0,0,0,0,0,0,0,4,0
processed,227,40,2,0,0,0,0,0,0,0,0,0
processed,632,142,5,0,0,0,0,0,0,1,10,0
processed,302,61,5,0,0,0,0,0,0,1,4,0
processed,1050,211,23,0,0,0,0,0,0,0,16,0
processed,193,44,2,0,0,0,0,0,0,0,5,0
processed,284,57,2,0,0,0,0,0,0,0,7,0
processed,549,112,4,0,0,0,0,0,0,0,10,0
processed,354,71,3,0,0,0,0,0,0,1,4,0
processed,111,22,1,0,0,0,0,0,0,0,1,0
processed,614,126,9,0,0,0,0,0,0,2,13,0
processed,240,48,6,0,0,0,0,0,0,0,6,0
processed,155,33,2,0,0,0,0,0,0,1,3,0
processed,743,160,6,0,0,0,0,0,0,1,14,0
processed,763,139,11,0,0,0,0,0,0,1,8,0
processed,510,96,8,0,0,0,0,0,0,2,10,0
processed,898,190,8,0,0,0,0,0,1,0,8,0
processed,549,101,5,0,0,0,0,0,0,0,11,0
processed,323,63,4,0,0,0,0,0,0,1,11,0
processed,558,102,8,0,0,0,0,0,0,4,11,1
processed,232,48,6,0,0,0,0,0,0,0,6,0
processed,736,155,7,0,0,0,0,0,0,3,8,0
processed,72,12,1,0,0,0,0,0,0,0,0,0
processed,257,42,7,0,0,0,0,0,0,0,4,0
processed,245,50,4,0,0,0,0,0,0,1,7,0
processed,239,53,5,0,0,0,0,0,0,1,3,0
processed,1004,209,6,0,0,0,0,0,0,1,22,0
processed,75,16,1,0,0,0,0,0,0,0,1,0
processed,120,21,1,0,0,0,0,0,0,1,1,0
processed,314,74,6,0,0,0,0,0,0,1,4,0
processed,230,43,3,1,0,0,0,0,0,0,5,0
processed,472,103,2,0,0,0,0,0,0,1,11,0
processed,495,104,5,0,0,0,0,0,0,3,5,0
processed,700,125,15,0,0,0,0,0,0,1,10,0
processed,102,20,1,0,0,0,0,0,0,0,3,0
processed,450,101,4,0,0,0,0,0,0,2,6,0
processed,54,12,1,0,0,0,0,0,0,0,4,0
processed,270,59,6,0,0,0,0,0,0,1,11,0
processed,110,18,1,0,0,0,0,0,0,0,2,0
processed,77,13,2,0,0,0,0,0,0,0,0,0
processed,234,41,5,0,0,0,0,0,0,0,3,0
processed,533,107,4,0,0,0,0,0,0,1,5,0
processed,813,159,20,0,0,0,0,0,0,5,13,0
processed,926,173,9,0,0,0,0,0,0,2,14,0
processed,761,158,10,0,0,0,0,0,0,6,11,0
processed,215,42,1,0,0,0,0,0,0,0,3,0
processed,386,73,8,0,0,0,0,0,0,0,9,0
processed,1273,265,8,1,0,0,0,0,0,3,27,0
processed,121,21,3,0,0,0,0,0,0,0,1,0
processed,174,38,4,0,0,0,0,0,0,1,4,0
processed,723,160,6,0,0,0,0,0,0,3,13,0
processed,10,3,1,0,0,0,0,0,0,0,1,0
processed,116,22,4,0,0,0,0,0,0,0,1,0
processed,490,95,5,0,0,0,0,0,0,0,7,0
processed,187,46,5,0,0,0,0,0,0,0,1,0
processed,146,17,2,0,0,0,0,0,0,0,0,0
processed,54,10,1,0,0,0,0,0,0,0,3,0
processed,816,163,11,0,0,0,0,0,0,3,6,0
processed,814,160,14,0,0,0,0,0,0,1,11,0
processed,126,31,1,0,0,0,0,0,0,0,4,0
processed,341,72,8,0,0,0,0,0,0,0,5,0
processed,54,11,2,0,0,0,0,0,0,0,0,1
processed,194,45,3,0,0,0,0,0,0,0,6,0
processed,205,47,4,0,0,0,0,0,0,0,3,0
processed,352,74,4,0,0,0,0,0,0,1,8,2
processed,40,10,1,0,0,0,0,0,0,0,0,0
processed,62,14,4,0,0,0,0,0,0,0,0,0
processed,28,4,1,0,0,0,0,0,0,0,1,0
processed,547,92,6,0,0,0,0,0,0,0,12,0
processed,391,77,7,0,0,0,0,0,0,0,8,0
processed,535,106,7,0,0,0,0,0,0,1,5,0
processed,179,37,4,0,0,0,0,0,0,0,5,0
processed,1485,284,12,0,0,0,0,0,0,2,16,0
processed,190,38,1,0,0,0,0,0,0,0,0,0
processed,121,25,1,0,0,0,0,0,0,1,5,0
processed,397,85,4,0,0,0,0,0,0,1,6,0
processed,50,10,2,0,0,0,0,0,0,0,0,0
processed,827,172,16,0,0,0,0,0,0,5,12,0
processed,28,3,1,0,0,0,0,0,0,0,0,0
processed,597,110,1,0,0,0,0,0,0,0,10,0
processed,615,117,5,0,0,0,0,0,0,0,11,0
processed,243,39,1,0,0,0,0,0,0,0,2,0
processed,500,96,7,0,0,0,0,0,0,1,3,0
processed,474,105,5,0,0,0,0,0,0,2,7,0
processed,121,26,3,0,0,0,0,0,0,0,2,0
processed,16,2,1,0,0,0,0,0,0,0,0,0
processed,84,22,2,0,0,0,0,0,0,1,1,0
processed,646,127,7,0,0,0,0,0,0,0,6,0
processed,576,119,5,0,0,0,0,0,0,1,8,0
processed,43,6,1,2,0,0,0,0,0,0,0,0
processed,85,19,1,0,0,0,0,0,0,0,3,0
processed,434,83,6,0,0,0,0,0,0,0,4,0
processed,191,35,2,0,0,0,0,0,0,0,3,0
processed,424,79,4,0,0,0,0,0,0,0,2,0
processed,721,147,12,1,0,0,0,0,0,2,13,1
processed,26,6,1,0,0,0,0,0,0,0,1,0
processed,255,47,2,0,0,0,0,0,0,0,4,0
processed,1333,284,17,0,0,0,0,0,0,10,29,0
processed,212,42,3,0,0,0,0,0,0,0,4,0
processed,663,112,5,0,0,0,0,0,0,1,8,0
processed,189,44,5,0,0,0,0,0,0,1,4,0
processed,514,94,9,0,0,0,0,0,0,0,14,0
processed,174,34,1,0,0,0,0,0,0,0,4,0
processed,69,17,4,0,0,0,0,0,0,0,3,0
processed,161,36,3,1,0,0,0,0,0,1,4,2
processed,287,60,3,0,0,0,0,0,0,1,7,0
processed,275,50,3,0,0,0,0,0,0,0,2,0
processed,508,91,8,0,0,0,0,0,0,0,8,0
processed,599,129,9,0,0,0,0,0,0,2,14,0
processed,481,100,5,0,0,0,0,0,0,1,7,0
processed,443,87,5,0,0,0,0,0,0,0,5,0
processed,661,127,8,0,0,0,0,0,0,2,11,0
processed,91,26,3,0,0,0,0,0,0,1,1,0
processed,229,44,2,0,0,0,0,0,0,0,3,0
processed,83,17,1,0,0,0,0,0,0,0,2,1
processed,191,36,1,0,0,0,0,0,0,1,4,0
processed,272,51,1,0,0,0,0,0,0,0,5,0
processed,386,80,4,0,0,0,0,0,0,0,4,0
processed,880,181,9,1,0,0,0,0,0,1,17,0
processed,111,22,1,0,0,0,0,0,0,0,1,0
processed,575,128,1,0,0,0,0,0,0,2,9,0
processed,125,29,1,0,0,0,0,0,0,0,4,0
processed,298,56,7,0,0,0,0,0,0,0,5,0
processed,312,59,5,0,0,0,0,0,0,0,3,1
processed,766,156,10,0,0,0,0,0,0,2,10,0
processed,485,94,3,0,0,0,0,0,0,2,6,0
processed,479,102,8,0,0,0,0,0,0,0,7,0
processed,303,56,5,0,0,0,0,0,0,0,3,0
processed,20,2,1,0,0,0,0,0,0,0,0,0
processed,290,60,3,0,0,0,0,0,0,0,6,0
processed,92,18,1,0,0,0,0,0,0,0,2,0
processed,285,56,7,0,0,0,0,0,0,0,3,0
processed,335,59,4,0,0,0,0,0,0,1,4,0
processed,469,88,10,0,0,0,0,0,0,0,6,0
processed,236,42,3,0,0,0,0,0,0,0,2,0
processed,88,18,2,0,0,0,0,0,0,0,1,0
processed,213,44,8,0,0,0,0,0,0,0,2,1
processed,164,30,3,0,0,0,0,0,0,0,0,0
processed,50,8,1,0,0,0,0,0,0,0,0,0
processed,30,5,1,0,0,0,0,0,0,0,0,0
processed,697,134,10,2,0,0,0,0,0,1,10,0
processed,196,39,3,0,0,0,0,0,0,1,3,0
processed,342,66,5,0,0,0,0,0,0,0,6,0
processed,528,107,19,0,0,0,0,0,0,1,6,0
processed,128,21,3,0,0,0,0,0,0,0,1,0
processed,325,65,6,0,0,0,0,0,0,0,4,0
processed,742,153,8,0,0,0,0,0,0,2,15,0
processed,38,6,1,0,0,0,0,0,0,0,1,0
processed,55,11,1,0,0,0,0,0,0,0,4,0
processed,1081,184,11,0,0,0,0,0,0,0,21,1
processed,699,143,9,0,0,0,0,0,0,1,17,0
processed,462,101,3,0,0,0,0,0,0,1,7,1
processed,361,77,1,0,0,0,0,0,0,3,7,0
processed,327,56,4,0,0,0,0,0,0,0,4,0
processed,282,54,1,0,0,0,0,0,0,0,9,0
processed,212,38,4,0,0,0,0,0,0,0,1,0
processed,252,38,1,0,0,0,0,0,0,0,9,0
processed,252,58,4,0,0,0,0,0,0,0,4,0
processed,101,19,2,0,0,0,0,0,0,0,0,0
processed,173,43,3,0,0,0,0,0,0,5,1,0
processed,188,34,3,0,0,0,0,0,0,0,2,0
processed,216,45,5,0,0,0,0,0,0,0,4,1
processed,1083,224,20,0,0,0,0,0,0,1,15,0
processed,477,100,4,0,0,0,0,0,0,1,7,0
processed,556,109,10,0,0,0,0,0,0,0,12,0
processed,460,91,7,0,0,0,0,0,0,1,5,0
processed,247,49,3,0,0,0,0,0,0,1,5,0
processed,9,2,1,0,0,0,0,0,0,0,1,0
processed,377,65,8,0,0,0,0,0,0,0,6,0
processed,409,77,6,0,0,0,0,0,0,1,5,0
processed,464,87,8,0,0,0,0,0,0,0,8,0
processed,675,135,11,0,0,0,0,0,0,1,9,0
processed,644,129,7,0,0,0,0,0,0,2,10,0
processed,625,131,7,0,0,0,0,0,0,3,8,0
processed,283,62,5,0,0,0,0,0,0,0,11,0
processed,546,116,2,0,0,0,0,0,0,0,11,0
processed,953,187,6,0,0,0,0,0,0,2,19,0
processed,1227,252,5,0,0,0,0,0,0,2,21,0
processed,110,17,1,0,0,0,0,0,0,0,2,0
processed,158,36,2,0,0,0,0,0,0,1,2,0
processed,267,49,1,0,0,0,0,0,0,1,4,0
processed,452,82,3,0,0,0,0,0,0,2,12,1
processed,476,99,1,0,0,0,0,0,0,0,8,0
processed,428,90,7,0,0,0,0,0,0,0,5,0
processed,389,77,5,0,0,0,0,0,0,3,5,0
processed,38,5,1,0,0,0,0,0,0,0,1,0
processed,105,25,4,0,0,0,0,0,0,0,8,0
processed,70,8,1,0,0,0,0,0,0,0,0,0
processed,456,104,6,0,0,0,0,0,0,0,14,0
processed,402,77,4,0,0,0,0,0,0,1,4,0
processed,154,24,3,0,0,0,0,0,0,0,3,0
processed,294,56,4,0,0,0,0,0,0,0,8,0
processed,409,78,3,0,0,0,0,0,0,1,7,1
processed,135,30,3,0,0,0,0,0,0,0,4,0
processed,34,5,1,0,0,0,0,0,0,0,1,0
processed,851,167,8,0,0,0,0,0,0,0,19,0
processed,293,63,6,0,0,0,0,0,0,4,7,0
processed,295,60,8,0,0,0,0,0,0,1,7,0
processed,55,11,1,0,0,0,0,0,0,0,2,0
processed,29,4,2,0,0,0,0,0,0,0,0,0
processed,1053,230,18,0,0,0,0,0,0,5,16,0
processed,155,26,1,0,0,0,0,0,0,1,2,0
processed,432,98,6,0,0,0,0,0,0,0,2,0
processed,426,84,5,0,0,0,0,0,0,1,5,0
processed,799,164,10,0,0,0,0,0,0,2,15,0
processed,262,62,8,0,0,0,0,0,0,0,8,0
processed,686,139,16,0,0,0,0,0,0,0,4,0
processed,175,29,2,0,0,0,0,0,0,0,1,0
processed,156,26,2,0,0,0,0,0,0,0,1,0
processed,1378,267,17,0,0,0,0,0,0,0,15,0
processed,153,33,7,0,0,0,0,0,0,1,3,0
processed,418,81,6,0,0,0,0,0,0,0,8,0
processed,12,3,1,0,0,0,0,0,0,0,1,0
processed,947,172,7,1,0,0,0,0,0,3,8,0
processed,704,112,4,0,0,0,0,0,0,3,6,0
processed,467,108,4,0,0,0,0,0,0,2,13,0
processed,832,170,14,0,0,0,0,0,0,4,8,1
processed,820,171,3,0,0,0,0,0,0,3,16,0
processed,154,36,3,0,0,0,0,0,0,1,4,0
processed,289,64,4,0,0,0,0,0,2,0,9,1
processed,279,55,4,0,0,0,0,0,0,1,3,0
processed,254,52,3,0,0,0,0,0,0,0,5,0
processed,346,70,8,0,0,0,0,0,0,0,9,0
processed,714,148,5,0,0,0,0,0,0,2,9,0
processed,872,180,10,0,0,0,0,0,0,0,12,0
processed,265,50,2,0,0,0,0,0,1,0,7,0
processed,260,51,4,0,0,0,0,0,0,0,2,1
processed,1301,274,11,0,0,0,0,0,0,3,18,0
processed,488,95,6,0,0,0,0,0,0,0,3,0
processed,550,102,3,0,0,0,0,0,0,0,9,0
processed,114,26,3,0,0,0,0,0,2,0,2,0
processed,224,33,1,0,0,0,0,0,0,0,1,1
processed,603,117,9,0,0,0,0,0,0,1,8,0
processed,1239,276,15,0,0,0,0,0,0,4,15,0
processed,435,92,8,0,0,0,0,0,0,4,14,0
processed,54,10,2,0,0,0,0,0,0,0,1,1
processed,516,109,5,3,0,0,0,0,0,0,9,0
processed,401,85,3,0,0,0,0,0,0,1,11,0
processed,538,117,7,3,0,0,0,0,0,2,6,0
processed,152,29,1,0,0,0,0,0,0,0,2,0
processed,225,41,5,0,0,0,0,0,0,0,2,0
processed,675,133,8,0,0,0,0,0,0,0,10,0
processed,79,14,1,0,0,0,0,0,0,0,0,0
processed,70,15,1,0,0,0,0,0,0,0,4,0
processed,770,161,7,0,0,0,0,0,0,1,6,1
processed,1444,297,14,1,0,0,0,0,0,3,31,0
processed,247,49,3,0,0,0,0,0,0,0,3,0
processed,49,10,2,0,0,0,0,0,0,0,1,0
processed,328,67,3,0,0,0,0,0,0,0,3,0
processed,291,51,2,0,0,0,0,0,0,0,3,0
processed,89,18,3,0,0,0,0,0,0,0,5,0
processed,39,8,1,0,0,0,0,0,0,0,1,0
processed,261,46,1,0,0,0,0,0,0,0,0,0
processed,308,51,2,0,0,0,0,0,0,0,5,0
processed,150,29,2,0,0,0,0,0,0,0,4,0
processed,168,31,3,0,0,0,0,0,0,1,2,0
processed,309,57,5,0,0,0,0,0,0,1,3,0
processed,117,20,2,0,0,0,0,0,0,0,3,0
processed,627,136,12,0,0,0,0,0,0,1,13,0
processed,230,50,5,0,0,0,0,0,0,2,4,0
processed,113,18,1,0,0,0,0,0,0,0,2,0
processed,409,83,10,0,0,0,0,0,0,0,11,0
processed,242,43,1,0,0,0,0,0,0,0,5,0
processed,560,114,7,0,0,0,0,0,0,0,10,1
processed,117,22,3,0,0,0,0,0,0,0,1,0
processed,372,76,14,0,0,0,0,0,0,1,10,2
processed,340,65,4,0,1,0,0,0,0,1,8,0
processed,507,102,4,0,0,0,0,0,0,0,7,0
processed,333,70,3,0,0,0,0,0,0,0,8,0
processed,466,108,4,0,0,0,0,0,0,2,9,0
processed,79,16,3,0,0,0,0,0,0,0,2,0
processed,619,119,7,0,0,0,0,0,0,1,13,0
processed,216,34,4,0,0,0,0,0,0,0,5,0
processed,147,25,2,0,0,0,0,0,0,1,1,0
processed,177,23,1,0,0,0,0,0,0,0,2,0
processed,737,142,5,0,0,0,0,0,0,0,18,0
processed,1294,264,14,0,0,0,0,0,0,0,17,0
processed,149,33,4,0,0,0,0,0,0,0,2,0
processed,68,10,1,0,0,0,0,0,0,0,2,0
processed,183,37,4,0,0,0,0,0,0,1,4,0
processed,743,149,2,3,0,0,0,0,0,3,12,0
processed,186,35,4,0,0,0,0,0,0,0,2,0
processed,190,36,3,0,0,0,0,0,0,1,3,0
processed,248,55,5,0,0,0,0,0,0,0,4,0
processed,527,111,12,0,0,0,0,0,0,2,6,1
processed,355,73,4,0,0,0,0,0,0,0,7,0
processed,466,100,5,0,0,0,0,0,0,1,10,0
processed,203,38,3,0,0,0,0,0,0,0,4,0
processed,1183,255,9,0,0,0,0,0,0,2,11,0
processed,1123,198,5,2,0,0,0,0,0,2,16,0
processed,300,52,1,0,0,0,0,0,0,0,3,0
processed,99,19,1,0,0,0,0,0,0,1,3,0
processed,241,47,2,0,0,0,0,0,0,0,1,0
processed,424,91,5,0,0,0,0,0,0,1,13,0
processed,483,100,4,0,0,0,0,0,0,0,6,0
processed,995,201,7,0,0,0,0,0,0,0,26,0
processed,198,33,5,0,0,0,0,0,0,0,1,0
processed,296,55,4,0,0,0,0,0,0,1,6,1
processed,720,156,6,0,0,0,0,0,0,1,6,0
processed,730,157,9,0,0,0,0,0,0,2,11,0
processed,90,19,2,0,0,0,0,0,0,0,1,0
processed,94,17,1,0,0,0,0,0,0,0,4,0
processed,403,82,5,0,0,0,0,0,0,2,4,0
processed,394,86,3,0,0,0,0,0,0,0,8,0
processed,133,28,1,0,0,0,0,0,0,0,1,0
processed,53,13,1,0,0,0,0,0,0,0,2,0
processed,492,99,5,0,0,0,0,0,0,3,5,1
processed,131,24,4,0,0,0,0,0,0,0,2,0
processed,200,34,2,0,0,0,0,0,0,0,1,0
processed,1762,360,21,2,0,0,0,0,0,4,25,0
processed,702,137,8,0,0,0,0,0,0,0,13,1
processed,833,151,1,0,0,0,0,0,0,2,11,0
processed,62,13,2,0,0,0,0,0,0,0,1,0
processed,635,115,2,0,0,0,0,0,0,1,7,1
processed,536,112,4,0,0,0,0,0,0,5,6,0
processed,98,20,3,2,0,0,0,0,0,0,3,0
processed,203,41,7,0,0,0,0,0,0,0,3,0
processed,599,120,13,0,0,0,0,0,0,1,8,0
processed,403,74,4,0,0,0,0,0,0,2,4,0
processed,750,160,15,0,0,0,0,0,0,4,13,0
processed,640,118,6,0,0,0,0,0,0,0,10,0
processed,105,23,4,0,0,0,0,0,0,1,1,0
processed,695,148,10,0,0,0,0,0,0,2,12,0
processed,146,33,3,0,0,0,0,0,0,0,2,0
processed,826,163,10,0,0,0,0,0,0,1,16,0
processed,460,102,6,0,0,0,0,0,0,2,9,0
processed,107,22,3,0,0,0,0,0,0,0,2,0
processed,439,89,6,0,0,0,0,0,0,0,6,0
processed,139,25,3,0,0,0,0,0,0,0,4,0
processed,613,135,5,0,0,0,0,0,0,4,8,0
processed,477,94,1,0,0,0,0,0,0,0,5,1
processed,272,53,3,0,0,0,0,0,0,2,5,0
processed,1808,410,14,0,0,0,0,0,0,1,48,1
processed,600,126,14,0,0,0,0,0,0,2,17,0
processed,149,23,3,0,0,0,0,0,0,0,1,0
processed,199,41,4,0,0,0,0,0,0,2,2,1
processed,592,115,5,0,0,0,0,0,0,3,10,0
processed,391,76,8,0,0,0,0,0,0,0,3,0
processed,368,72,3,0,0,0,0,0,0,0,6,1
processed,115,26,3,0,0,0,0,0,0,0,1,0
processed,519,93,2,0,0,0,0,0,0,0,4,2
processed,703,146,6,0,0,0,0,0,0,1,10,0
processed,198,42,3,0,0,0,0,0,0,0,5,0
processed,79,12,2,0,0,0,0,0,0,0,0,0
processed,125,23,2,0,0,0,0,0,0,0,0,0
processed,135,24,4,0,0,0,0,0,0,0,2,0
processed,113,27,2,0,0,0,0,0,0,1,1,0
processed,620,125,12,0,0,0,0,0,0,0,9,0
processed,1292,262,29,0,0,0,0,0,0,3,21,0
processed,1005,202,1,9,0,0,0,0,0,2,13,0
processed,328,65,3,0,0,0,0,0,0,0,6,0
processed,669,135,3,0,0,0,0,0,0,0,13,0
processed,1156,220,8,0,0,0,0,0,0,0,22,0
processed,157,29,1,0,0,0,0,0,0,0,2,0
processed,418,84,4,0,0,0,0,0,1,3,17,0
processed,251,46,4,0,0,0,0,0,0,1,2,0
processed,151,28,2,0,0,0,0,0,0,0,2,0
processed,639,130,6,0,0,0,0,0,0,0,7,0
processed,45,11,1,0,0,0,0,0,0,0,1,0
processed,213,45,2,0,0,0,0,0,0,0,6,0
processed,72,12,2,0,0,0,0,0,0,0,1,0
processed,346,73,2,0,0,0,0,0,0,1,4,0
processed,514,106,8,0,0,0,0,0,0,4,13,1
processed,38,8,2,0,0,0,0,0,0,0,1,0
processed,576,105,5,0,0,0,0,0,0,1,4,0
processed,212,42,3,0,0,0,0,0,0,0,2,0
processed,503,101,6,0,0,0,0,0,0,1,7,0
processed,135,25,1,0,0,0,0,0,0,0,8,0
processed,197,42,4,0,0,0,0,0,0,1,2,0
processed,204,45,3,0,0,0,0,0,0,0,6,0
processed,447,79,2,0,0,0,0,0,0,1,1,0
processed,299,55,1,1,0,0,0,0,0,1,3,0
processed,108,18,2,0,0,0,0,0,0,0,4,0
processed,169,30,2,0,0,0,0,0,0,1,4,0
processed,547,114,6,0,0,0,0,0,0,0,6,0
processed,350,67,6,0,0,0,0,0,0,1,6,0
processed,425,80,3,0,0,0,0,0,0,1,7,0
processed,492,88,1,0,0,0,0,0,0,1,6,0
processed,1224,204,5,4,0,0,0,0,0,1,19,0
processed,224,48,8,0,0,0,0,0,0,0,4,0
processed,445,86,3,0,0,0,0,0,0,1,7,0
processed,239,45,2,0,0,0,0,0,0,0,4,0
processed,304,58,2,0,0,0,0,0,0,1,3,0
processed,199,36,1,0,0,0,0,0,0,0,4,0
processed,581,102,1,0,0,0,0,0,0,2,9,0
processed,204,41,1,0,0,0,0,0,0,0,7,0
processed,526,101,5,0,0,0,0,0,0,0,7,0
processed,661,130,10,0,0,0,0,0,0,2,17,0
processed,548,109,4,0,0,0,0,0,0,3,12,0
processed,274,58,5,0,0,0,0,0,0,1,5,0
processed,644,122,8,0,0,0,0,0,0,1,8,0
processed,310,57,2,0,0,0,0,0,0,0,5,0
processed,322,61,6,0,0,0,0,0,0,1,4,1
processed,570,122,6,0,0,0,0,0,0,1,16,0
processed,376,73,3,0,0,0,0,0,0,0,7,0
processed,317,65,6,0,0,0,0,0,0,1,4,0
processed,499,110,5,0,0,0,0,0,0,5,14,0
processed,264,49,4,0,0,0,0,0,0,0,1,0
processed,124,25,3,0,0,0,0,0,0,1,2,0
processed,19,4,1,0,0,0,0,0,0,0,1,0
processed,1112,223,9,0,0,0,0,0,0,3,18,0
processed,308,45,4,0,0,0,0,0,0,1,3,0
processed,850,155,7,0,0,0,0,0,0,0,27,0
processed,486,107,5,0,0,0,0,0,0,1,9,0
processed,514,99,2,0,0,0,0,0,0,2,4,1
processed,604,144,1,0,0,0,0,0,0,0,9,0
processed,1030,206,10,2,0,0,0,0,0,2,13,2
processed,325,68,1,0,0,0,0,0,0,5,6,0
processed,349,67,3,0,0,0,0,0,0,1,9,0
processed,126,18,3,0,0,0,0,0,0,0,1,0
processed,819,164,15,0,0,0,0,0,0,1,9,0
processed,565,107,8,0,0,0,0,0,0,0,7,0
processed,57,10,2,0,0,0,0,0,0,1,1,0
processed,571,102,6,0,0,0,0,0,0,1,9,0
processed,504,103,10,0,0,0,0,0,0,2,9,0
processed,332,71,11,0,0,0,0,0,0,0,5,2
processed,84,19,1,0,0,0,0,0,0,0,2,0
processed,329,74,6,0,0,0,0,0,0,0,7,0
processed,1806,383,15,0,0,0,0,0,0,0,23,0
processed,701,143,11,0,0,0,0,0,0,0,12,1
processed,137,27,3,0,0,0,0,0,0,0,1,0
processed,291,55,4,0,0,0,0,0,0,0,7,0
processed,1247,257,8,0,0,0,0,0,0,4,19,0
processed,530,103,1,0,0,0,0,0,0,1,8,0
processed,321,66,4,0,0,0,0,0,0,0,0,1
processed,626,126,6,0,0,0,0,0,0,0,17,0
processed,233,51,4,0,0,0,0,0,0,0,6,0
processed,371,62,6,0,0,0,0,0,0,0,3,0
processed,774,138,9,0,0,0,0,0,0,0,6,0
processed,420,80,9,0,0,0,0,0,0,0,7,0
processed,349,46,1,0,0,0,0,0,0,0,0,0
processed,357,72,5,0,0,0,0,0,0,1,4,0
processed,134,23,1,0,0,0,0,0,0,0,0,0
processed,119,22,1,0,0,0,0,0,0,0,2,0
processed,183,36,8,0,0,0,0,0,0,0,3,0
processed,648,140,6,0,0,0,0,0,0,4,16,0
processed,367,72,1,0,0,0,0,0,0,1,4,0
processed,654,129,7,1,0,0,0,0,0,1,7,1
processed,10,1,1,0,0,0,0,0,0,0,0,0
processed,501,110,9,0,0,0,0,0,0,1,5,0
processed,1616,318,14,0,0,0,0,0,0,1,21,0
processed,170,32,1,1,0,0,0,0,0,1,5,0
processed,259,47,3,0,0,0,0,0,0,1,4,0
processed,517,107,7,0,0,0,0,0,0,1,7,1
processed,583,120,7,2,0,0,0,0,2,2,9,0
processed,642,128,7,0,0,0,0,0,0,1,7,0
processed,685,126,5,3,0,0,0,0,0,0,8,0
processed,416,70,7,0,0,0,0,0,0,0,7,0
processed,651,132,5,0,0,0,0,0,0,2,8,2
processed,606,129,8,0,0,0,0,0,0,2,22,0
processed,182,38,4,0,0,0,0,0,0,0,8,0
processed,509,108,6,0,0,0,0,0,0,0,12,0
processed,1090,207,5,0,0,0,0,0,0,3,14,1
processed,119,27,3,0,0,0,0,0,0,0,2,0
processed,260,55,4,0,0,0,0,0,0,1,8,0
processed,553,121,9,0,0,0,0,0,0,1,6,0
processed,547,126,10,0,0,0,0,0,1,2,11,0
processed,20,4,1,0,0,0,0,0,0,0,2,0
processed,38,8,1,0,0,0,0,0,0,1,2,0
processed,146,27,6,0,0,0,0,0,0,0,1,0
processed,499,94,7,0,0,0,0,0,1,1,6,0
processed,138,31,1,0,0,0,0,0,0,0,4,0
processed,656,145,5,0,0,0,0,0,0,1,15,0
processed,831,179,11,0,0,0,0,0,0,3,13,1
processed,40,10,1,0,0,0,0,0,0,0,1,0
processed,483,92,3,0,0,0,0,0,0,0,8,0
processed,543,110,8,0,0,0,0,0,0,2,13,0
processed,579,132,7,0,0,0,0,0,0,1,18,0
processed,459,85,3,0,0,0,0,0,0,1,3,0
processed,27,6,1,0,0,0,0,0,0,0,1,0
processed,138,27,2,0,0,0,0,0,0,0,2,0
processed,180,39,3,0,0,0,0,0,0,1,1,0
processed,207,40,5,0,0,0,0,0,0,0,4,0
processed,561,114,5,0,0,0,0,0,0,1,7,0
processed,189,40,7,0,0,0,0,0,0,2,2,0
processed,329,62,4,0,0,0,0,0,0,0,1,0
processed,218,38,1,0,0,0,0,0,0,0,2,0
processed,120,25,2,0,0,0,0,0,0,0,1,0
processed,27,5,1,0,0,0,0,0,0,0,1,0
processed,114,22,1,0,0,0,0,0,0,0,1,0
processed,195,36,1,0,0,0,0,0,0,1,5,0
processed,280,67,21,0,0,0,0,0,0,1,3,0
processed,558,116,6,0,0,0,0,0,0,1,8,0
processed,523,102,6,0,0,0,0,0,0,0,5,0
processed,1986,394,14,0,0,0,0,0,0,1,21,1
processed,1173,243,20,0,0,0,0,0,0,4,14,0
processed,488,98,9,0,0,0,0,0,0,2,10,0
processed,489,101,2,0,0,0,0,0,0,0,8,0
processed,346,72,6,0,0,0,0,0,0,0,5,0
processed,125,27,2,0,0,0,0,0,0,0,1,0
processed,710,153,7,0,0,0,0,0,0,1,16,0
processed,217,31,2,0,0,0,0,0,0,0,3,0
processed,544,104,8,0,0,0,0,0,0,3,10,2
processed,618,126,7,0,0,0,0,0,0,5,9,0
processed,547,101,6,0,0,0,0,0,0,3,7,0
processed,263,53,3,0,0,0,0,0,0,0,6,0
processed,485,106,11,0,0,0,0,0,0,0,10,0
processed,307,74,5,0,0,0,0,0,0,3,0,0
processed,72,14,1,0,0,0,0,0,0,0,2,0
processed,63,13,1,0,0,0,0,0,0,0,1,0
processed,356,79,4,0,0,0,0,0,0,1,4,0
processed,156,32,3,0,0,0,0,0,0,0,1,0
processed,44,9,3,0,0,0,0,0,0,0,0,0
processed,82,17,3,0,0,0,0,0,0,0,1,0
processed,153,24,2,0,0,0,0,0,0,0,0,0
processed,466,91,4,0,0,0,0,0,0,0,8,0
processed,192,43,1,0,0,0,0,0,0,0,5,0
processed,103,16,4,0,0,0,0,0,0,0,1,0
processed,1658,337,31,0,0,0,0,0,1,4,15,1
processed,299,42,1,0,0,0,0,0,0,0,3,0
processed,47,8,1,0,0,0,0,0,0,0,0,0
processed,455,94,10,0,0,0,0,0,0,1,12,0
processed,283,58,6,0,0,0,0,0,0,0,6,0
processed,1126,258,24,0,0,0,0,0,0,2,27,0
processed,244,47,4,0,0,0,0,0,0,0,3,0
processed,168,28,2,0,0,0,0,0,0,0,3,0
processed,1204,225,9,0,0,0,0,0,0,2,16,0
processed,496,122,7,0,0,0,0,0,0,1,11,0
processed,12,3,1,0,0,0,0,0,0,0,1,0
processed,743,142,1,0,0,0,0,0,0,0,10,0
processed,400,79,5,0,0,0,0,0,0,0,11,1
processed,148,36,3,0,0,0,0,0,0,1,8,0
processed,86,17,1,0,0,0,0,0,0,0,2,0
processed,655,118,3,0,0,0,0,0,0,1,6,0
processed,213,34,4,0,0,0,0,0,0,0,0,0
processed,593,123,6,0,0,0,0,0,0,3,7,0
processed,1497,292,12,0,0,0,0,0,0,4,18,0
processed,2068,433,33,0,0,0,0,0,0,10,45,0
processed,74,14,1,0,0,0,0,0,0,0,2,0
processed,124,21,2,0,0,0,0,0,0,0,0,0
processed,217,46,4,0,0,0,0,0,0,0,2,0
processed,539,106,13,0,0,0,0,0,0,4,5,0
processed,359,68,3,0,0,0,0,0,0,0,2,0
processed,164,36,2,0,0,0,0,0,0,1,1,0
processed,591,115,6,0,0,0,0,0,0,4,7,0
processed,854,182,6,0,0,0,0,0,0,2,8,0
processed,252,54,2,0,0,0,0,0,0,0,1,0
processed,701,134,8,0,0,0,0,0,0,2,10,0
processed,328,58,5,0,0,0,0,0,0,0,4,0
processed,322,57,3,0,0,0,0,0,0,0,9,0
processed,322,67,5,0,0,0,0,0,0,0,9,0
processed,588,125,5,0,0,0,0,0,0,3,9,0
processed,698,143,9,0,0,0,0,0,0,1,11,0
processed,384,66,3,0,0,0,0,0,0,0,2,0
processed,881,193,5,0,0,0,0,0,0,0,19,0
processed,539,106,8,0,0,0,0,0,0,1,6,2
processed,127,20,1,0,0,0,0,0,0,0,2,0
processed,183,33,2,1,0,0,0,0,0,0,2,0
processed,617,112,3,0,0,0,0,0,0,2,11,0
processed,182,35,2,0,0,0,0,0,0,0,1,0
processed,243,44,4,0,0,0,0,0,0,0,3,0
processed,137,29,4,0,0,0,0,0,0,0,4,0
processed,347,68,2,0,0,0,0,0,0,1,3,0
processed,82,17,2,0,0,0,0,0,0,0,0,0
processed,738,153,8,0,0,0,0,0,0,3,11,0
processed,1402,279,12,0,0,0,0,0,0,1,15,1
processed,957,194,10,0,0,0,0,0,0,3,17,0
processed,92,14,2,0,0,0,0,0,0,0,0,0
processed,193,39,3,0,0,0,0,0,0,1,2,0
processed,99,18,1,0,0,0,0,0,0,0,1,0
processed,629,109,7,0,0,0,0,0,0,0,11,0
processed,172,37,2,0,0,0,0,0,0,0,3,0
processed,622,119,9,0,0,0,0,0,0,2,10,0
processed,28,5,2,0,0,0,0,0,0,0,0,0
processed,293,64,5,0,0,0,0,0,0,0,6,0
processed,527,108,1,0,0,0,0,0,0,1,8,0
processed,435,99,5,0,0,0,0,0,0,1,7,0
processed,437,96,8,0,0,0,0,0,0,1,8,0
processed,311,55,6,0,0,0,0,0,0,0,3,0
processed,234,49,2,0,0,0,0,0,0,0,5,0
processed,206,37,2,2,0,0,0,0,0,0,7,0
processed,1090,222,16,0,0,0,0,0,0,3,21,0
processed,248,47,1,0,0,0,0,0,0,0,4,0
processed,1303,240,3,0,0,0,0,0,0,2,18,1
processed,292,57,3,0,0,0,0,0,0,0,4,0
processed,521,106,8,0,0,0,0,0,0,0,11,0
processed,184,41,1,0,0,0,0,0,0,0,7,0
processed,70,12,1,0,0,0,0,0,0,0,0,0
processed,461,100,6,0,0,0,0,0,0,1,6,0
processed,377,73,7,0,0,0,0,0,0,0,6,0
processed,191,25,2,1,0,0,0,0,0,0,2,0
processed,326,71,1,0,0,0,0,0,0,2,2,0
processed,241,53,1,0,0,0,0,0,0,0,1,0
processed,443,90,5,0,0,0,0,0,0,0,0,0
processed,805,164,10,0,0,0,0,0,0,0,12,0
processed,1462,293,14,9,0,0,0,0,0,0,33,0
processed,189,35,4,0,0,0,0,0,0,0,0,2
processed,231,53,5,0,0,0,0,0,0,1,5,0
processed,41,8,2,0,0,0,0,0,0,0,0,0
processed,568,116,2,0,0,0,0,0,0,1,13,0
processed,896,177,7,0,0,0,0,0,0,1,13,0
processed,406,84,3,0,0,0,0,0,0,0,8,0
processed,191,41,3,0,0,0,0,0,0,0,3,1
processed,677,142,13,0,0,0,0,0,2,2,10,1
processed,1572,333,11,0,0,0,0,0,0,2,21,0
processed,1463,287,22,0,0,0,0,0,0,2,19,0
processed,242,48,2,0,0,0,0,0,0,0,10,0
processed,486,98,7,1,0,0,0,0,0,3,8,0
processed,1844,351,9,0,0,0,0,0,0,0,14,0
processed,1324,266,21,0,0,0,0,0,0,1,11,0
processed,624,115,4,0,0,0,0,0,0,1,6,0
processed,32,6,1,0,0,0,0,0,0,0,0,0
processed,123,19,2,0,0,0,0,0,0,1,0,0
processed,571,129,4,0,0,0,0,0,0,3,11,0
processed,2244,439,34,0,0,0,0,0,0,4,50,0
processed,193,41,3,0,0,0,0,0,0,0,3,0
processed,151,31,4,0,0,0,0,0,0,2,4,0
processed,285,73,4,0,0,0,0,0,0,0,7,0
processed,330,64,4,0,0,0,0,0,0,1,3,0
processed,47,10,1,0,0,0,0,0,0,0,1,0
processed,300,58,6,0,0,0,0,0,0,0,5,0
processed,508,102,1,0,0,0,0,0,0,2,4,0
processed,155,37,3,0,0,0,0,0,0,0,2,0
processed,110,24,4,0,0,0,0,0,0,1,3,0
processed,295,54,2,0,0,0,0,0,0,1,4,0
processed,149,29,4,0,0,0,0,0,0,0,1,0
processed,314,67,4,0,0,0,0,0,0,3,4,0
processed,1556,319,19,0,0,0,0,0,0,4,19,0
processed,907,169,9,0,0,0,0,0,0,0,19,0
processed,291,56,6,0,0,0,0,0,0,0,5,0
processed,150,37,5,0,0,0,0,0,0,0,2,0
processed,329,74,5,1,0,0,0,0,0,1,9,0
processed,449,90,7,1,0,0,0,0,0,0,4,1
processed,115,27,1,0,0,0,0,0,0,0,1,0
processed,419,86,6,0,0,0,0,0,0,3,7,0
processed,269,60,1,0,0,0,0,0,0,0,1,0
processed,19,3,1,0,0,0,0,0,0,0,0,0
processed,519,95,7,0,0,0,0,0,0,0,5,0
processed,167,36,5,0,0,0,0,0,0,1,4,0
processed,439,83,4,0,0,0,0,0,0,0,9,0
processed,3,1,1,0,0,0,0,0,0,0,1,0
processed,566,105,6,0,0,0,0,0,0,0,1,0
processed,144,27,3,0,0,0,0,0,0,0,2,0
processed,390,78,5,0,0,0,0,0,0,1,6,0
processed,376,72,4,0,0,0,0,0,0,0,5,0
processed,450,104,1,0,0,0,0,0,0,3,14,0
processed,44,9,3,0,0,0,0,0,0,0,1,0
processed,926,216,8,0,0,0,0,0,0,0,16,0
processed,335,72,5,0,0,0,0,0,0,0,4,0
processed,966,150,10,0,0,0,0,0,0,1,7,1
processed,59,13,3,0,0,0,0,0,0,0,2,0
processed,326,73,9,0,0,0,0,0,0,2,6,0
processed,97,19,1,0,0,0,0,0,0,1,1,0
processed,183,36,4,0,0,0,0,0,0,0,2,0
processed,202,41,2,0,0,0,0,0,0,0,3,0
processed,948,193,14,0,0,0,0,0,0,0,6,0
processed,83,17,2,0,0,0,0,0,0,0,2,0
processed,422,88,4,0,0,0,0,0,0,0,8,0
processed,2455,488,26,0,0,0,0,0,0,2,31,0
processed,165,34,1,0,0,0,0,0,0,2,0,0
processed,241,50,2,0,0,0,0,0,0,0,4,0
processed,207,39,2,0,0,0,0,0,0,0,5,0
processed,601,110,10,0,0,0,0,0,0,0,4,2
processed,99,18,1,0,0,0,0,0,0,0,4,0
processed,59,12,2,0,0,0,0,0,0,0,0,0
processed,184,36,3,0,0,0,0,0,0,0,1,0
processed,163,33,2,0,0,0,0,0,0,0,4,0
processed,196,39,5,0,0,0,0,0,0,0,6,1
processed,409,92,4,0,0,0,0,0,0,1,9,0
processed,359,79,4,0,0,0,0,0,0,1,6,0
processed,519,109,8,0,0,0,0,0,0,2,7,0
processed,107,23,2,0,0,0,0,0,0,0,3,0
processed,978,195,22,0,0,0,0,0,0,2,24,1
processed,292,60,7,0,0,0,0,0,0,2,3,0
processed,750,166,6,0,0,0,0,0,0,2,10,0
processed,573,107,6,0,0,0,0,0,0,0,16,0
processed,93,16,1,0,0,0,0,0,0,0,1,0
processed,333,65,4,0,0,0,0,0,0,0,11,0
processed,411,71,1,0,0,0,0,0,0,0,2,0
processed,218,44,2,0,0,0,0,0,0,0,1,0
processed,119,23,1,0,0,0,0,0,0,0,2,0
processed,499,92,5,0,0,0,0,0,0,0,10,0
processed,437,93,6,0,0,0,0,0,0,1,8,0
processed,336,64,3,0,0,0,0,0,0,0,4,0
processed,385,74,2,0,0,0,0,0,0,0,7,0
processed,200,33,4,0,0,0,0,0,0,0,3,0
processed,259,55,5,0,0,0,0,0,0,0,5,0
processed,205,33,1,0,0,0,0,0,0,0,5,0
processed,516,107,7,0,0,0,0,0,0,1,8,1
processed,556,120,15,0,0,0,0,0,0,2,7,0
processed,1275,223,13,0,0,0,0,0,0,4,14,0
processed,213,42,2,0,0,0,0,0,0,1,4,0
processed,941,203,14,0,0,0,0,0,0,1,13,0
processed,1448,288,17,0,0,0,0,0,0,3,24,0
processed,208,39,3,0,0,0,0,0,0,1,3,0
processed,500,84,5,0,0,0,0,0,0,2,3,0
processed,463,92,6,0,0,0,0,0,0,0,5,0
processed,399,71,6,0,0,0,0,0,0,0,6,0
processed,565,116,3,0,0,0,0,0,0,1,14,0
processed,98,21,1,0,0,0,0,0,0,0,2,0
processed,1044,226,11,0,0,0,0,0,0,1,19,2
processed,195,42,1,0,0,0,0,0,0,0,7,0
processed,58,8,1,0,0,0,0,0,0,0,0,0
processed,222,39,1,0,0,0,0,0,0,0,3,0
processed,118,24,1,0,0,0,0,0,0,0,4,0
processed,474,95,1,0,0,0,0,0,0,2,6,0
processed,614,126,11,0,0,0,0,0,0,2,14,0
processed,493,103,6,0,0,0,0,0,0,0,7,0
processed,40,9,1,0,0,0,0,0,0,0,0,0
processed,227,49,1,0,0,0,0,0,0,1,6,0
processed,105,20,4,0,0,0,0,0,0,0,1,0
processed,69,14,1,0,0,0,0,0,0,0,2,0
processed,453,88,4,0,0,0,0,0,0,0,9,0
processed,37,5,1,0,0,0,0,0,0,0,0,0
processed,1657,324,19,1,0,0,0,0,0,1,35,0
processed,96,21,3,0,0,0,0,0,0,0,2,0
processed,78,13,1,0,0,0,0,0,0,0,4,0
processed,633,125,8,0,0,0,0,0,0,2,12,0
processed,587,119,7,0,0,0,0,0,0,0,7,2
processed,764,160,4,0,0,0,0,0,0,2,13,0
processed,580,130,8,0,0,0,0,0,0,4,11,0
processed,117,20,3,0,0,0,0,0,0,0,0,0
processed,687,145,9,0,0,0,0,0,0,2,7,1
processed,750,150,11,0,0,0,0,0,0,0,10,0
processed,50,8,1,0,0,0,0,0,0,0,1,0
processed,43,7,1,0,0,0,0,0,0,0,1,0
processed,57,11,1,0,0,0,0,0,0,0,1,0
processed,122,29,6,0,0,0,0,0,0,0,2,0
processed,431,91,6,0,0,0,0,0,0,2,8,1
processed,385,71,3,0,0,0,0,0,0,1,5,0
processed,430,84,5,0,0,0,0,0,0,0,2,0
processed,164,31,1,0,0,0,0,0,0,1,2,0
processed,266,54,3,0,0,0,0,0,0,0,5,0
processed,510,99,6,0,0,0,0,0,0,0,11,0
processed,178,36,4,0,0,0,0,0,0,1,0,0
processed,15,2,1,0,0,0,0,0,0,0,1,0
processed,268,49,5,0,0,0,0,0,0,0,3,0
processed,875,167,14,0,0,0,0,0,0,2,12,0
processed,119,24,3,0,0,0,0,0,0,0,0,1
processed,42,5,2,0,0,0,0,0,0,0,0,0
processed,153,28,4,0,0,0,0,0,0,0,4,0
processed,220,43,5,0,0,0,0,0,0,1,1,0
processed,648,124,11,0,0,0,0,0,0,1,6,0
processed,187,41,1,0,0,0,0,0,0,1,2,0
processed,480,91,9,0,0,0,0,0,0,0,3,0
processed,266,54,2,0,0,0,0,0,0,0,7,0
processed,261,58,8,0,0,0,0,0,0,1,3,0
processed,476,99,7,0,0,0,0,0,0,1,6,0
processed,24,4,1,0,0,0,0,0,0,0,0,0
processed,66,12,2,0,0,0,0,0,0,0,1,0
processed,189,37,2,0,0,0,0,0,0,1,2,0
processed,210,38,2,0,0,0,0,0,0,0,6,0
processed,1030,206,10,0,0,0,0,0,0,0,17,0
processed,235,37,4,0,0,0,0,0,0,1,1,0
processed,465,107,14,0,0,0,0,0,0,5,8,0
processed,157,30,3,0,0,0,0,0,0,0,2,0
processed,876,188,12,6,0,0,0,0,0,6,12,0
processed,163,33,1,0,0,0,0,0,0,0,2,0
processed,89,13,4,0,0,0,0,0,0,0,1,0
processed,276,56,6,0,0,0,0,0,0,0,6,0
processed,687,137,14,0,0,0,0,0,0,3,10,0
processed,362,73,8,0,0,0,0,0,0,0,1,0
processed,475,103,8,0,0,0,0,0,0,0,7,0
processed,197,41,3,0,0,0,0,0,0,0,4,0
processed,262,49,4,0,0,0,0,0,0,0,4,0
processed,577,90,3,0,0,0,0,0,0,2,6,0
processed,672,140,6,1,0,0,0,0,0,0,19,0
processed,58,12,1,0,0,0,0,0,0,0,1,0
processed,373,75,6,0,0,0,0,0,0,0,7,0
processed,66,11,1,0,0,0,0,0,0,1,1,0
processed,180,36,2,0,0,0,0,0,0,0,2,0
processed,477,97,1,0,0,0,0,0,0,0,12,0
processed,231,35,2,0,0,0,0,0,0,0,5,0
processed,153,29,1,0,0,0,0,0,0,0,2,0
processed,271,53,3,0,0,0,0,0,0,0,7,0
processed,502,99,5,0,0,0,0,0,0,1,3,0
processed,400,84,5,0,0,0,0,0,0,0,4,0
processed,94,15,2,0,0,0,0,0,0,0,1,0
processed,265,54,4,0,0,0,0,0,0,0,6,0
processed,462,94,7,0,0,0,0,0,0,1,7,0
processed,83,13,1,0,0,0,0,0,0,0,1,0
processed,4207,876,19,0,0,0,0,0,0,4,84,0
processed,255,49,1,0,0,0,0,0,0,0,0,0
processed,214,50,3,0,0,0,0,0,0,0,5,0
processed,605,130,1,0,0,0,0,0,0,3,13,0
processed,49,9,1,0,0,0,0,0,0,0,0,0
processed,140,23,1,0,0,0,0,0,0,0,0,0
processed,998,212,10,0,0,0,0,0,0,3,10,0
processed,224,48,2,0,0,0,0,0,0,1,3,0
processed,1367,296,5,0,0,0,0,0,0,0,35,0
processed,154,26,3,0,0,0,0,0,0,0,1,0
processed,674,142,9,0,0,0,0,0,0,0,7,0
processed,244,49,1,0,0,0,0,0,0,0,1,0
processed,581,111,9,0,0,0,0,0,0,0,5,0
processed,158,26,4,0,0,0,0,0,0,0,0,0
processed,1810,387,26,0,0,0,0,0,0,3,30,2
processed,220,40,5,0,0,0,0,0,0,0,2,0
processed,290,65,6,0,0,0,0,0,0,2,6,0
processed,165,22,3,0,0,0,0,0,0,0,3,0
processed,186,38,2,0,0,0,0,0,0,0,6,0
processed,232,47,3,0,0,0,0,0,1,0,1,0
processed,445,90,1,0,0,0,0,0,0,1,9,0
processed,541,108,5,0,0,0,0,0,0,1,11,0
processed,151,18,1,0,0,0,0,0,0,0,3,0
processed,242,47,1,0,0,0,0,0,0,0,0,0
processed,118,25,2,0,0,0,0,0,0,1,2,0
processed,356,80,9,0,0,0,0,0,0,0,3,0
processed,327,71,4,0,0,0,0,0,0,0,2,0
processed,406,78,10,0,0,0,0,0,0,1,4,0
processed,498,104,14,0,0,0,0,0,0,1,5,0
processed,1044,221,9,0,0,0,0,0,0,1,16,0
processed,705,163,5,0,0,0,0,0,0,2,11,0
processed,145,32,1,0,0,0,0,0,0,0,6,0
processed,568,111,4,0,0,0,0,0,0,0,10,0
processed,476,85,8,0,0,0,0,0,0,0,3,0
processed,56,12,3,0,0,0,0,0,0,0,3,0
processed,113,19,2,0,0,0,0,0,0,0,1,0
processed,348,61,2,0,0,0,0,0,0,0,3,0
processed,603,122,5,0,0,0,0,0,0,3,16,0
processed,159,29,2,0,0,0,0,0,0,0,3,0
processed,124,22,3,0,0,0,0,0,0,0,2,0
processed,446,88,12,0,0,0,0,0,0,1,12,0
processed,366,76,5,0,0,0,0,0,0,0,7,0
processed,834,177,2,0,0,0,0,0,1,2,15,0
processed,336,60,1,0,0,0,0,0,0,0,8,0
processed,270,58,2,0,0,0,0,0,0,1,2,0
processed,275,63,4,0,0,0,0,0,0,0,3,0
processed,477,100,11,0,0,0,0,0,1,1,9,0
processed,476,97,8,0,0,0,0,0,0,1,8,0
processed,93,18,3,0,0,0,0,0,0,0,2,0
processed,117,25,2,0,0,0,0,0,0,0,1,0
processed,252,50,4,0,0,0,0,0,0,1,1,0
processed,993,213,9,0,0,0,0,0,0,3,15,0
processed,660,128,7,0,0,0,0,0,0,1,12,0
processed,26,7,1,0,0,0,0,0,0,0,1,0
processed,14,3,1,0,0,0,0,0,0,0,0,0
processed,88,15,1,0,0,0,0,0,0,0,1,0
processed,126,26,3,0,0,0,0,0,0,0,3,0
processed,265,55,1,0,0,0,0,0,0,0,4,0
processed,463,98,7,0,0,0,0,0,0,1,3,0
processed,50,8,1,0,0,0,0,0,0,0,2,0
processed,331,69,5,0,0,0,0,0,0,2,4,0
processed,829,161,9,0,0,0,0,0,0,0,15,0
processed,55,10,1,0,0,0,0,0,0,0,1,0
processed,316,63,5,0,0,0,0,0,0,0,9,0
processed,455,91,6,0,0,0,0,0,0,0,6,0
processed,955,204,5,0,0,0,0,0,0,0,18,0
processed,4,1,1,0,0,0,0,0,0,0,1,0
processed,229,45,2,0,0,0,0,0,0,2,2,0
processed,144,27,3,0,0,0,0,0,0,0,1,0
processed,656,135,6,0,0,0,0,0,0,3,5,0
processed,367,72,6,0,0,0,0,0,0,2,5,0
processed,660,135,7,0,0,0,0,0,0,2,11,10
processed,215,44,2,0,0,0,0,0,0,0,5,0
processed,745,140,9,0,0,0,0,0,0,1,8,0
processed,253,50,3,0,0,0,0,0,0,0,7,0
processed,736,169,10,0,0,0,0,0,0,0,21,0
processed,83,10,1,0,0,0,0,0,0,0,0,0
processed,70,14,1,0,0,0,0,0,0,1,1,0
processed,256,52,6,0,0,0,0,0,0,0,4,0
processed,684,142,10,0,0,0,0,0,0,1,16,0
processed,818,137,5,0,0,0,0,0,0,3,7,0
processed,110,25,3,0,0,0,0,0,0,1,0,0
processed,52,7,1,0,0,0,0,0,0,0,1,0
processed,361,71,6,0,0,0,0,0,0,0,8,0
processed,823,146,5,0,0,0,0,0,0,3,8,2
processed,631,130,6,0,0,0,0,0,0,2,13,0
processed,997,196,14,1,0,0,0,0,0,2,4,0
processed,217,43,4,0,0,0,0,0,0,0,5,0
processed,46,8,1,0,0,0,0,0,0,0,0,0
processed,60,9,1,0,0,0,0,0,0,0,2,0
processed,40,7,1,0,0,0,0,0,0,0,2,0
processed,942,178,10,0,0,0,0,0,0,1,11,0
processed,42,9,2,0,0,0,0,0,0,0,0,0
processed,393,78,5,0,0,0,0,0,0,0,11,0
processed,76,15,2,0,0,0,0,0,0,0,2,0
processed,206,39,1,1,0,0,0,0,0,0,4,0
processed,59,8,2,0,0,0,0,0,0,0,0,0
processed,679,140,7,0,0,0,0,0,0,3,12,0
processed,230,36,1,0,0,0,0,0,0,0,4,0
processed,418,77,5,0,0,0,0,0,0,0,4,0
processed,486,98,9,0,0,0,0,0,0,1,5,0
processed,1342,301,20,0,0,0,0,0,0,10,22,0
processed,491,96,10,0,0,0,0,0,0,1,6,0
processed,683,112,7,0,0,0,0,0,0,0,6,0
processed,84,16,1,0,0,0,0,0,0,0,0,0
processed,120,22,1,0,0,0,0,0,0,0,1,0
processed,224,47,1,0,0,0,0,0,0,0,6,0
processed,586,128,3,0,0,0,0,0,0,1,6,0
processed,154,29,4,0,0,0,0,0,0,0,4,1
processed,307,71,6,0,0,0,0,0,0,1,3,0
processed,559,105,10,0,0,0,0,0,0,0,5,0
processed,29,7,1,0,0,0,0,0,0,0,1,0
processed,474,99,9,0,0,0,0,0,0,1,8,1
processed,355,79,2,0,0,0,0,0,0,0,5,0
processed,121,25,1,0,0,0,0,0,0,0,1,1
processed,907,180,9,0,0,0,0,0,0,0,7,0
processed,40,8,1,0,0,0,0,0,0,0,2,0
processed,82,15,1,0,0,0,0,0,0,1,2,0
processed,1151,226,8,0,0,0,0,0,0,3,14,0
processed,227,38,2,0,0,0,0,0,0,0,3,0
processed,366,70,3,0,0,0,0,0,0,0,4,0
processed,550,110,11,0,0,0,0,0,0,1,10,0
processed,496,79,3,0,0,0,0,0,0,0,10,0
processed,930,174,14,0,0,0,0,0,0,2,15,0
processed,299,65,5,0,0,0,0,0,0,1,9,0
processed,493,97,5,3,0,0,0,0,0,3,3,0
processed,126,23,2,0,0,0,0,0,0,0,3,0
processed,345,82,2,0,0,0,0,0,0,0,10,0
processed,185,35,1,0,0,0,0,0,0,0,2,0
processed,910,180,9,0,0,0,0,0,0,0,9,0
processed,199,42,5,0,0,0,0,0,0,0,3,0
processed,248,47,4,0,0,0,0,0,0,0,4,0
processed,302,60,3,0,0,0,0,0,0,1,5,0
processed,221,45,5,0,0,0,0,0,0,0,2,0
processed,257,50,4,0,0,0,0,0,0,2,7,0
processed,126,27,3,0,0,0,0,0,0,0,5,0
processed,141,26,4,0,0,0,0,0,0,0,4,0
processed,510,100,7,0,0,0,0,0,0,1,6,0
processed,897,184,15,0,0,0,0,0,0,1,12,0
processed,58,13,3,0,0,0,0,0,0,0,1,1
processed,760,159,8,0,0,0,0,0,0,2,17,0
processed,207,38,4,0,0,0,0,0,0,0,4,0
processed,131,25,4,0,0,0,0,0,0,0,2,0
processed,156,35,3,0,0,0,0,0,0,0,2,0
processed,388,74,6,0,0,0,0,0,0,0,8,0
processed,391,71,10,0,0,0,0,0,0,1,6,0
processed,481,93,9,0,0,0,0,0,0,2,4,0
processed,160,32,2,0,0,0,0,0,0,0,0,0
processed,620,128,5,0,0,0,0,0,0,3,5,1
processed,479,92,2,0,0,0,0,0,0,3,5,0
processed,487,101,7,0,0,0,0,0,0,3,5,0
processed,196,43,5,0,0,0,0,0,0,1,5,0
processed,326,63,7,0,0,0,0,0,0,0,3,0
processed,45,10,2,0,0,0,0,0,0,0,1,0
processed,571,119,8,0,0,0,0,0,0,1,5,0
processed,214,41,1,0,0,0,0,0,0,1,3,0
processed,540,108,3,0,0,0,0,0,0,0,11,0
processed,127,26,1,0,0,0,0,0,0,0,0,0
processed,776,163,6,0,0,0,0,0,0,6,10,0
processed,557,110,10,0,0,0,0,0,0,1,11,0
processed,323,68,5,0,0,0,0,0,0,0,6,0
processed,151,26,1,0,0,0,0,0,0,0,1,0
processed,862,186,9,0,0,0,0,0,0,2,18,0
processed,1245,243,19,0,0,0,0,0,0,6,14,0
processed,743,151,7,1,0,0,0,0,0,0,13,0
processed,614,130,9,0,0,0,0,0,0,3,9,0
processed,618,128,8,0,0,0,0,0,0,0,13,0
processed,899,190,13,0,0,0,0,0,0,0,12,0
processed,114,21,2,0,0,0,0,0,0,0,2,0
processed,579,124,6,0,0,0,0,0,0,1,9,0
processed,166,31,1,0,0,0,0,0,0,0,2,0
processed,485,98,5,0,0,0,0,0,0,0,9,0
processed,293,64,6,0,0,0,0,0,0,1,6,0
processed,122,25,1,0,0,0,0,0,0,0,2,0
processed,134,34,3,0,0,0,0,0,0,0,1,0
processed,476,97,8,0,0,0,0,0,0,0,9,0
processed,192,37,4,0,0,0,0,0,0,0,2,0
processed,83,17,1,0,0,0,0,0,0,0,0,0
processed,246,59,4,0,0,0,0,0,0,0,2,0
processed,171,31,2,0,0,0,0,0,0,0,3,0
processed,69,14,2,0,0,0,0,0,0,0,1,0
processed,405,81,6,0,0,0,0,0,0,1,4,1
processed,158,31,2,0,0,0,0,0,0,0,2,0
processed,743,147,7,0,0,0,0,0,0,3,5,0
processed,61,7,1,0,0,0,0,0,0,0,0,0
processed,97,21,4,0,0,0,0,0,0,0,1,0
processed,141,35,1,0,0,0,0,0,0,0,5,0
processed,707,143,3,1,0,0,0,0,0,0,11,0
processed,610,131,7,0,0,0,0,0,0,2,10,0
processed,109,24,3,0,0,0,0,0,0,1,1,0
processed,1147,231,13,0,0,0,0,0,0,1,8,2
processed,760,150,5,0,0,0,0,0,0,5,8,0
processed,778,148,7,0,0,0,0,0,0,1,11,0
processed,130,21,2,0,0,0,0,0,0,1,0,0
processed,120,25,2,0,0,0,0,0,0,0,1,0
processed,505,99,9,0,0,0,0,0,0,0,9,0
processed,241,41,3,0,0,0,0,0,0,0,5,0
processed,268,54,4,0,0,0,0,0,0,0,4,0
processed,249,43,5,0,0,0,0,0,0,0,2,0
processed,535,101,4,0,0,0,0,0,0,1,12,0
processed,652,131,9,0,0,0,0,0,0,1,7,0
processed,355,71,1,0,0,0,0,0,0,1,4,0
processed,831,181,16,0,0,0,0,0,0,1,11,0
processed,1531,315,18,0,0,0,0,0,0,2,17,0
processed,150,28,5,0,0,0,0,0,0,0,2,0
processed,140,32,6,0,0,0,0,0,0,0,1,0
processed,494,111,10,0,0,0,0,0,0,2,6,0
processed,800,160,9,0,0,0,0,0,0,1,17,1
processed,32,5,1,0,0,0,0,0,0,0,1,0
processed,78,12,3,0,0,0,0,0,0,0,1,0
processed,145,30,2,0,0,0,0,0,0,1,3,0
processed,232,47,5,0,0,0,0,0,0,1,4,0
processed,106,25,2,0,0,0,0,0,0,0,4,0
processed,168,35,3,0,0,0,0,0,0,0,3,0
processed,333,65,4,0,0,0,0,0,0,0,11,0
processed,253,58,3,0,0,0,0,0,0,2,6,0
processed,1477,311,14,0,0,0,0,0,0,1,24,0
processed,374,65,5,0,0,0,0,0,0,0,6,0
processed,416,90,7,0,0,0,0,0,0,1,7,0
processed,414,83,4,0,0,0,0,0,0,0,6,0
processed,70,12,1,0,0,0,0,0,0,0,0,0
processed,139,29,1,0,0,0,0,0,0,0,3,0
processed,100,18,1,0,0,0,0,0,0,0,4,0
processed,580,120,2,0,0,0,0,0,0,0,9,0
processed,688,140,6,0,0,0,0,0,0,2,17,0
processed,238,40,1,0,0,0,0,0,0,0,2,0
processed,287,61,5,2,0,0,0,0,0,1,4,0
processed,657,116,5,0,0,0,0,0,0,0,7,0
processed,127,21,3,0,0,0,0,0,0,0,1,0
processed,79,18,7,0,0,0,0,0,0,0,2,0
processed,105,17,2,0,0,0,0,0,0,0,0,0
processed,576,120,4,0,0,0,0,0,0,1,5,0
processed,827,180,10,0,0,0,0,0,0,4,11,0
processed,381,68,3,0,0,0,0,0,0,0,4,0
processed,199,37,3,0,0,0,0,0,0,1,1,0
processed,520,103,7,0,0,0,0,0,0,2,4,0
processed,219,52,4,0,0,0,0,0,0,1,3,0
processed,591,116,4,0,0,0,0,0,0,4,18,0
processed,129,28,1,0,0,0,0,0,0,1,3,1
processed,525,105,8,0,0,0,0,0,0,1,8,1
processed,509,92,6,0,0,0,0,0,0,1,7,0
processed,692,147,5,1,0,0,0,0,0,2,4,0
processed,835,171,14,0,0,0,0,0,0,2,11,1
processed,391,83,15,0,0,0,0,0,0,2,4,0
processed,68,15,1,0,0,0,0,0,0,0,4,0
processed,628,129,9,0,0,0,0,0,0,0,17,0
processed,326,63,6,0,0,0,0,0,0,1,4,0
processed,486,108,9,0,0,0,0,0,0,1,7,1
processed,319,69,6,0,0,0,0,0,0,0,3,0
processed,205,39,3,0,0,0,0,0,0,0,5,1
processed,787,161,18,1,0,0,0,0,0,2,18,0
processed,197,34,1,0,0,0,0,0,0,0,6,1
processed,370,80,7,0,0,0,0,0,0,0,5,0
processed,189,35,5,0,0,0,0,0,0,1,4,0
processed,445,100,7,0,0,0,0,0,0,1,10,1
processed,421,89,4,0,0,0,0,0,0,0,16,0
processed,159,35,2,0,0,0,0,0,0,0,4,0
processed,59,14,4,0,0,0,0,0,0,0,2,0
processed,119,16,1,0,0,0,0,0,0,0,0,0
processed,1018,198,4,0,0,0,0,0,0,3,11,0
processed,622,129,11,0,0,0,0,0,0,1,15,0
processed,583,109,8,0,0,0,0,0,0,1,5,0
processed,347,68,4,0,0,0,0,0,0,2,7,0
processed,98,21,2,0,0,0,0,0,0,0,2,0
processed,442,93,9,0,0,0,0,0,0,0,8,0
processed,33,5,1,0,0,0,0,0,0,0,0,0
processed,508,103,9,0,0,0,0,0,0,1,8,0
processed,90,22,1,0,0,0,0,0,0,1,1,0
processed,231,45,7,0,0,0,0,0,0,0,8,0
processed,1277,260,6,0,0,0,0,0,0,1,11,1
processed,117,25,5,0,0,0,0,0,0,0,2,0
processed,146,34,3,0,0,0,0,0,0,0,3,0
processed,4,1,1,0,0,0,0,0,0,0,1,0
processed,578,117,6,0,0,0,0,0,0,1,5,0
processed,629,138,13,0,0,0,0,0,0,3,4,0
processed,596,133,10,0,0,0,0,0,0,1,8,0
processed,443,82,4,0,0,0,0,0,0,2,7,0
processed,271,52,5,0,0,0,0,0,0,0,2,0
processed,106,25,1,0,0,0,0,0,0,0,2,0
processed,768,148,11,0,0,0,0,0,0,1,4,0
processed,499,87,1,0,0,0,0,0,0,1,7,0
processed,337,64,4,0,0,0,0,0,0,0,9,0
processed,430,85,3,0,0,0,0,0,0,0,6,0
processed,123,33,2,0,0,0,0,0,0,0,1,0
processed,425,79,6,0,0,0,0,0,0,0,5,0
processed,268,45,5,0,0,0,0,0,0,0,6,0
processed,219,42,1,0,0,0,0,0,0,0,0,2
processed,159,31,1,0,0,0,0,0,0,0,3,0
processed,106,15,1,0,0,0,0,0,0,0,1,0
processed,1093,218,12,0,0,0,0,0,0,3,13,2
processed,91,22,2,0,0,0,0,0,0,1,1,0
processed,295,52,10,0,0,0,0,0,0,0,5,0
processed,417,86,3,0,0,0,0,0,1,0,3,0
processed,296,67,3,0,0,0,0,0,0,1,3,0
processed,612,120,10,0,0,0,0,0,0,3,2,0
processed,138,28,2,0,0,0,0,0,0,0,1,0
processed,207,34,1,0,0,0,0,0,0,0,2,0
processed,879,176,11,0,0,0,0,0,0,0,13,0
processed,50,12,1,0,0,0,0,0,0,1,1,0
processed,137,36,2,0,0,0,0,0,0,1,2,0
processed,211,43,3,0,0,0,0,0,0,0,1,0
processed,66,14,1,0,0,0,0,0,0,0,3,0
processed,419,98,2,0,0,0,0,0,0,1,9,0
processed,74,17,1,0,0,0,0,0,0,0,1,0
processed,58,11,1,0,0,0,0,0,0,0,1,0
processed,544,103,8,0,0,0,0,0,0,1,7,0
processed,260,56,5,0,0,0,0,0,2,0,1,0
processed,503,104,6,2,0,0,0,0,0,4,6,0
processed,1091,214,5,0,0,0,0,0,0,2,12,0
processed,634,126,9,0,0,0,0,0,0,1,12,0
processed,467,95,4,0,0,0,0,0,0,2,13,0
processed,47,7,1,0,0,0,0,0,0,0,1,0
processed,196,40,1,0,0,0,0,0,0,0,2,0
processed,510,104,9,0,0,0,0,0,0,2,12,0
processed,76,10,1,0,0,0,0,0,0,0,0,0
processed,171,31,3,0,0,0,0,0,0,0,3,0
processed,248,48,4,0,0,0,0,0,0,1,5,0
processed,116,27,3,0,0,0,0,0,0,0,3,0
processed,153,26,3,0,0,0,0,0,0,0,2,0
processed,129,26,1,0,0,0,0,0,0,0,1,0
processed,356,72,7,0,0,0,0,0,0,0,7,0
processed,126,32,2,0,0,0,0,0,0,0,5,0
processed,651,123,10,0,0,0,0,0,0,1,11,0
processed,250,55,5,0,0,0,0,0,0,1,1,0
processed,132,28,2,0,0,0,0,0,0,0,2,0
processed,117,21,3,0,0,0,0,0,0,0,1,0
processed,114,27,1,0,0,0,0,0,1,0,1,0
processed,665,139,15,0,0,0,0,0,0,0,8,1
processed,645,145,7,0,0,0,0,0,0,0,10,0
processed,465,87,7,0,0,0,0,0,0,0,5,0
processed,1548,345,28,0,0,0,0,0,0,5,26,0
processed,9,2,1,0,0,0,0,0,0,0,1,0
processed,41,11,1,0,0,0,0,0,0,0,1,0
processed,167,33,1,0,0,0,0,0,0,0,5,0
processed,309,69,6,0,0,0,0,0,0,0,7,0
processed,553,117,8,0,0,0,0,0,0,0,13,0
processed,279,56,5,0,0,0,0,0,0,0,3,0
processed,80,17,3,0,0,0,0,0,0,0,3,0
processed,125,21,2,0,0,0,0,0,0,0,0,0
processed,542,111,4,0,0,0,0,0,0,4,6,0
processed,415,71,3,2,0,0,0,0,0,0,7,0
processed,36,6,1,0,0,0,0,0,0,0,1,0
processed,526,114,7,0,0,0,0,0,0,1,4,0
processed,446,88,4,0,0,0,0,0,0,1,5,0
processed,632,120,8,0,0,0,0,0,0,0,3,0
processed,743,140,4,0,0,0,0,0,0,1,8,0
processed,152,32,3,0,0,0,0,0,0,0,3,0
processed,289,58,1,0,0,0,0,0,0,1,4,0
processed,292,64,3,0,0,0,0,0,0,0,6,0
processed,58,12,1,0,0,0,0,0,0,0,1,0
processed,423,75,6,0,0,0,0,0,0,1,3,0
processed,646,115,1,0,0,0,0,0,0,1,8,0
processed,208,49,3,0,0,0,0,0,0,1,10,0
processed,325,73,6,0,0,0,0,0,0,0,7,0
processed,73,12,1,0,0,0,0,0,0,0,2,0
processed,91,17,1,0,0,0,0,0,0,0,2,0
processed,1505,328,18,1,0,0,0,0,0,3,20,0
processed,1223,266,9,0,0,0,0,0,0,0,22,1
processed,192,33,1,0,0,0,0,0,0,0,1,0
processed,661,143,9,0,0,0,0,0,0,0,12,0
processed,397,77,12,0,0,0,0,0,0,1,10,0
processed,137,33,6,0,0,0,0,0,0,0,2,0
processed,304,62,5,0,0,0,0,0,0,0,6,0
processed,131,24,1,0,0,0,0,0,0,0,2,0
processed,450,97,10,0,0,0,0,0,0,0,12,0
processed,120,24,3,0,0,0,0,0,0,0,0,0
processed,544,116,5,0,0,0,0,0,0,2,4,0
processed,70,19,1,0,0,0,0,0,0,0,1,0
processed,112,24,1,0,0,0,0,0,0,0,1,1
processed,61,15,2,0,0,0,0,0,0,0,1,0
processed,167,33,5,0,0,0,0,0,0,0,5,0
processed,155,27,1,0,0,0,0,0,0,0,4,0
processed,115,19,1,1,0,0,0,0,0,0,2,0
processed,633,125,6,0,0,0,0,0,0,0,20,0
processed,8,2,1,0,0,0,0,0,0,0,1,0
processed,139,25,2,0,0,0,0,0,0,0,1,0
processed,590,125,7,0,0,0,0,0,0,1,10,0
processed,604,111,3,0,0,0,0,0,0,0,4,0
processed,536,106,7,0,0,0,0,0,0,1,6,0
processed,229,45,2,0,0,0,0,0,0,0,8,0
processed,160,32,5,0,0,0,0,0,0,0,3,0
processed,102,18,2,0,0,0,0,0,0,0,2,0
processed,479,82,4,0,0,0,0,0,0,0,4,0
processed,840,176,7,0,0,0,0,0,0,1,16,0
processed,580,127,4,0,0,0,0,0,0,4,6,0
processed,77,21,2,0,0,0,0,0,0,0,4,0
processed,532,103,7,0,0,0,0,0,0,1,7,0
processed,970,193,8,0,0,0,0,0,0,0,14,0
processed,738,138,7,0,0,0,0,0,0,1,12,0
processed,221,44,1,1,0,0,0,0,0,0,3,0
processed,203,36,1,0,0,0,0,0,0,0,3,0
processed,32,7,1,0,0,0,0,0,0,0,1,0
processed,602,108,5,0,0,0,0,0,0,4,6,1
processed,102,34,4,0,0,0,0,0,0,3,4,0
processed,766,174,13,0,0,0,0,0,0,7,14,0
processed,410,62,1,0,0,0,0,0,0,0,6,0
processed,108,24,1,0,0,0,0,0,0,0,1,0
processed,114,24,2,0,0,0,0,0,0,0,2,0
processed,612,125,4,0,0,0,0,0,0,0,13,0
processed,293,52,3,0,0,0,0,0,0,1,3,1
processed,487,112,7,0,0,0,0,0,0,4,4,0
processed,298,65,3,0,0,0,0,0,0,2,7,1
processed,256,51,4,0,0,0,0,0,0,0,2,0
processed,522,100,8,0,0,0,0,0,0,0,7,0
processed,95,21,1,0,0,0,0,0,0,0,4,0
processed,589,94,3,0,0,0,0,0,0,1,4,0
processed,194,30,1,0,0,0,0,0,0,0,1,0
processed,164,30,3,0,0,0,0,0,0,0,2,0
processed,569,126,6,0,0,0,0,0,0,0,11,0
processed,363,77,4,0,0,0,0,0,0,0,7,0
processed,177,40,4,0,0,0,0,0,0,1,10,0
processed,94,19,1,0,0,0,0,0,0,0,0,0
processed,19,5,1,0,0,0,0,0,0,0,1,0
processed,129,23,2,0,0,0,0,0,0,0,3,0
processed,501,102,4,0,0,0,0,0,0,0,14,0
processed,1721,349,17,0,0,0,0,0,0,1,34,0
processed,405,67,8,0,0,0,0,0,0,1,4,0
processed,430,79,5,0,0,0,0,0,0,0,4,0
processed,195,31,2,0,0,0,0,0,0,0,3,0
processed,383,75,4,0,0,0,0,0,0,1,8,0
processed,34,7,1,0,0,0,0,0,0,0,2,0
processed,554,113,11,0,0,0,0,0,0,1,8,1
processed,134,31,4,0,0,0,0,0,0,0,1,0
processed,824,162,13,0,0,0,0,0,0,0,19,1
processed,98,21,1,0,0,0,0,0,0,1,1,0
processed,177,38,5,0,0,0,0,0,0,1,2,0
processed,166,31,2,0,0,0,0,0,0,0,2,0
processed,485,96,5,0,0,0,0,0,0,4,4,0
processed,960,166,8,3,0,0,0,0,1,0,13,0
processed,467,96,4,0,0,0,0,0,0,3,5,0
processed,468,83,8,0,0,0,0,0,0,4,8,0
processed,215,38,3,0,0,0,0,0,0,0,4,0
processed,1109,237,30,1,0,0,0,0,0,0,17,0
processed,116,23,1,0,0,0,0,0,0,1,1,0
processed,304,49,1,0,0,0,0,0,0,0,3,0
processed,230,52,3,0,0,0,0,0,0,0,9,0
processed,276,47,4,0,0,0,0,0,0,0,4,0
processed,76,13,4,0,0,0,0,0,0,0,0,0
processed,766,149,8,1,0,0,0,0,0,0,23,0
processed,919,192,9,0,0,0,0,0,0,2,20,0
processed,476,101,9,0,0,0,0,0,0,0,8,0
processed,884,170,1,0,0,0,0,0,0,1,20,0
processed,215,35,3,0,0,0,0,0,0,0,4,0
processed,73,13,1,0,0,0,0,0,0,0,2,0
processed,337,75,7,0,0,0,0,0,0,2,11,0
processed,348,66,6,0,0,0,0,0,0,0,4,0
processed,425,84,5,0,0,0,0,0,0,0,9,0
processed,736,131,11,0,0,0,0,0,0,2,5,0
processed,895,190,7,0,0,0,0,0,0,1,14,0
processed,288,50,3,0,0,0,0,0,0,0,4,2
processed,187,39,4,0,0,0,0,0,0,1,3,0
processed,1282,251,10,0,0,0,0,0,0,3,16,0
processed,495,103,4,0,0,0,0,0,0,1,9,0
processed,24,5,1,0,0,0,0,0,0,0,0,0
processed,451,93,8,0,0,0,0,0,0,1,10,1
processed,416,82,7,0,0,0,0,0,0,1,5,0
processed,35,7,1,0,0,0,0,0,0,0,1,0
processed,144,31,1,0,0,0,0,0,0,0,2,0
processed,1441,307,17,0,0,0,0,0,0,2,21,0
processed,690,127,8,0,0,0,0,0,0,0,6,0
processed,308,60,5,0,0,0,0,0,0,0,2,0
processed,91,20,2,0,0,0,0,0,0,0,4,0
processed,401,88,4,0,0,0,0,0,0,1,4,1
processed,305,56,7,0,0,0,0,0,0,0,5,0
processed,90,19,2,0,0,0,0,0,0,0,2,0
processed,187,35,3,0,0,0,0,0,0,0,2,2
processed,241,46,4,0,0,0,0,0,0,1,0,0
processed,1582,281,19,0,0,0,0,0,0,4,27,0
processed,177,37,5,0,0,0,0,0,0,0,5,0
processed,843,162,8,0,0,0,0,0,0,0,12,0
processed,460,98,8,0,0,0,0,0,0,0,6,0
processed,179,40,1,0,0,0,0,0,0,0,2,0
processed,615,128,6,0,0,0,0,0,0,0,13,0
processed,659,124,5,0,0,0,0,0,0,0,7,0
processed,56,13,1,0,0,0,0,0,0,0,0,0
processed,159,25,2,0,0,0,0,0,0,0,2,0
processed,96,17,2,0,0,0,0,0,0,0,1,0
processed,526,98,7,0,0,0,0,0,0,2,4,0
processed,609,131,9,0,0,0,0,0,0,6,7,0
processed,733,144,13,0,0,0,0,0,0,0,8,0
processed,240,48,3,0,0,0,0,0,0,0,7,0
processed,410,79,8,0,0,0,0,0,0,2,2,0
processed,750,152,20,0,0,0,0,0,0,1,13,0
processed,1565,307,14,7,0,0,0,0,0,3,13,1
processed,1203,228,11,2,0,0,0,0,0,3,12,0
processed,744,145,6,0,0,0,0,0,0,1,12,0
processed,1016,213,15,0,0,0,0,0,0,3,12,0
processed,208,44,7,0,0,0,0,0,0,1,5,0
processed,304,64,6,0,0,0,0,0,0,0,4,0
processed,775,154,6,0,0,0,0,0,0,2,7,0
processed,588,102,5,0,0,0,0,0,0,0,3,0
processed,799,157,11,0,0,0,0,0,0,3,7,2
processed,588,104,4,0,0,0,0,0,0,1,15,0
processed,166,36,3,0,0,0,0,0,0,1,2,0
processed,896,167,4,0,0,0,0,0,0,1,16,0
processed,225,49,2,0,0,0,0,0,0,0,3,0
processed,449,98,4,0,0,0,0,0,0,1,2,0
processed,259,57,3,0,0,0,0,0,0,2,3,0
processed,13,4,1,0,0,0,0,0,0,0,1,0
processed,191,32,2,1,0,0,0,0,0,1,0,0
processed,1598,347,7,1,0,0,0,0,0,2,38,0
processed,127,28,2,0,0,0,0,0,0,1,1,0
processed,167,31,1,0,0,0,0,0,0,0,1,0
processed,211,41,3,0,0,0,0,0,0,0,4,0
processed,286,56,5,0,0,0,0,0,0,2,6,0
processed,378,78,4,0,0,0,0,0,0,0,6,0
processed,491,101,7,0,0,0,0,0,0,1,8,0
processed,567,114,12,0,0,0,0,0,0,1,6,0
processed,161,30,1,0,0,0,0,0,0,0,2,0
processed,610,126,7,0,0,0,0,0,0,1,9,0
processed,255,54,3,0,0,0,0,0,0,2,8,0
processed,224,44,2,0,0,0,0,0,0,0,4,0
processed,471,105,4,0,0,0,0,0,0,1,4,0
processed,235,49,1,0,0,0,0,0,0,0,7,0
processed,23,5,1,0,0,0,0,0,0,0,3,0
processed,248,40,2,0,0,0,0,0,0,0,6,0
processed,395,83,5,0,0,0,0,0,0,1,11,0
processed,424,86,6,0,0,0,0,0,0,0,7,0
processed,261,52,1,0,0,0,0,0,0,0,4,0
processed,586,128,7,0,0,0,0,0,0,0,12,0
processed,229,47,1,0,0,0,0,0,0,0,4,0
processed,51,11,2,0,0,0,0,0,0,0,0,0
processed,494,84,5,0,0,0,0,0,0,0,5,0
processed,604,130,16,0,0,0,0,0,0,3,11,1
processed,349,66,2,0,0,0,0,0,0,1,7,0
processed,1362,282,17,0,0,0,0,0,0,2,22,0
processed,102,25,2,0,0,0,0,0,0,0,4,0
processed,86,22,2,0,0,0,0,0,0,3,2,0
processed,1054,227,18,0,0,0,0,0,0,0,24,0
processed,130,28,3,0,0,0,0,0,0,0,1,0
processed,221,47,4,0,0,0,0,0,0,0,3,0
processed,251,51,7,0,0,0,0,0,0,0,5,0
processed,49,6,1,0,0,0,0,0,0,0,0,0
processed,946,188,8,0,0,0,0,0,0,4,10,0
processed,564,118,10,0,0,0,0,0,0,0,13,0
processed,282,56,3,0,0,0,0,0,0,0,3,0
processed,528,114,11,0,0,0,0,0,0,1,11,0
processed,468,92,8,0,0,0,0,0,0,0,6,0
processed,225,47,2,0,0,0,0,0,0,0,4,0
processed,719,152,11,0,0,0,0,0,0,1,5,0
processed,180,28,1,0,0,0,0,0,0,0,3,0
processed,714,130,3,0,0,0,0,0,0,3,7,1
processed,746,148,9,0,0,0,0,0,0,3,18,0
processed,195,41,4,0,0,0,0,0,0,1,4,0
processed,162,35,3,0,0,0,0,0,0,0,4,0
processed,217,38,1,0,0,0,0,0,0,1,4,0
processed,76,18,3,0,0,0,0,0,0,0,1,0
processed,332,69,3,0,0,0,0,0,0,2,10,0
processed,541,115,5,0,0,0,0,0,0,0,12,0
processed,280,41,4,0,0,0,0,0,0,0,3,0
processed,823,169,10,0,0,0,0,0,0,0,10,0
processed,290,59,5,0,0,0,0,0,0,1,3,0
processed,153,29,7,0,0,0,0,0,0,0,4,0
processed,455,75,1,0,0,0,0,0,0,0,7,0
processed,519,105,10,0,0,0,0,0,0,0,10,0
processed,120,24,5,0,0,0,0,0,0,0,2,0
processed,10,3,1,0,0,0,0,0,0,0,1,0
processed,132,30,3,0,0,0,0,0,0,0,3,0
processed,394,88,2,0,0,0,0,0,0,3,3,0
processed,116,25,3,0,0,0,0,0,0,0,2,0
processed,180,31,4,0,0,0,0,0,0,1,1,0
processed,693,133,10,0,0,0,0,0,2,0,11,0
processed,263,51,2,0,0,0,0,0,0,0,2,0
processed,504,110,7,0,0,0,0,0,0,1,6,0
processed,589,120,9,0,0,0,0,0,0,2,6,1
processed,593,120,7,0,0,0,0,0,0,2,3,0
processed,449,90,6,0,0,0,0,0,0,0,8,0
processed,449,93,5,0,0,0,0,0,0,1,4,0
processed,118,24,2,0,0,0,0,0,0,0,0,0
processed,289,59,5,0,0,0,0,0,0,1,9,0
processed,235,47,4,0,0,0,0,0,0,1,4,0
processed,654,116,7,0,0,0,0,0,0,1,6,0
processed,529,106,7,0,0,0,0,0,0,0,8,1
processed,610,138,2,0,0,0,0,0,0,3,6,0
processed,48,11,1,0,0,0,0,0,0,0,2,0
processed,88,18,2,0,0,0,0,0,0,0,4,0
processed,172,34,3,0,0,0,0,0,0,0,5,0
processed,543,112,16,0,0,0,0,0,0,0,7,0
processed,846,183,16,0,0,0,0,0,0,2,24,0
processed,245,49,3,0,0,0,0,0,0,0,4,0
processed,162,33,1,0,0,0,0,0,0,1,4,0
processed,1107,212,10,0,0,0,0,0,0,1,14,0
processed,83,18,1,0,0,0,0,0,0,0,1,0
processed,527,102,6,0,0,0,0,0,0,0,6,1
processed,981,188,10,0,0,0,0,0,0,0,6,0
processed,109,16,1,0,0,0,0,0,0,0,0,0
processed,792,160,6,0,0,0,0,0,0,1,11,0
processed,258,55,3,0,0,0,0,0,0,1,2,0
processed,223,43,3,0,0,0,0,0,0,0,4,0
processed,895,169,8,0,0,0,0,0,0,2,16,0
processed,397,68,2,0,0,0,0,0,0,2,3,0
processed,161,29,1,0,0,0,0,0,0,0,2,0
processed,342,72,5,0,0,0,0,0,0,1,5,0
processed,815,156,11,0,0,0,0,0,0,1,8,1
processed,244,56,6,0,0,0,0,0,0,0,0,0
processed,256,45,5,0,0,0,0,0,0,0,5,0
processed,304,56,4,0,0,0,0,0,0,0,3,0
processed,117,23,2,0,0,0,0,0,0,0,3,0
processed,232,47,6,0,0,0,0,0,0,0,5,0
processed,411,82,4,0,0,0,0,0,0,1,8,0
processed,242,52,1,0,0,0,0,0,0,0,6,0
processed,302,60,4,0,0,0,0,0,0,0,6,0
processed,164,34,2,0,0,0,0,0,0,0,4,0
processed,76,15,2,0,0,0,0,0,0,0,2,0
processed,235,48,4,0,0,0,0,0,0,3,1,0
processed,165,29,5,0,0,0,0,0,0,0,2,0
processed,79,16,2,0,0,0,0,0,0,0,2,0
processed,1689,337,30,0,0,0,0,0,0,3,17,0
processed,664,123,1,0,0,0,0,0,0,1,12,1
processed,338,72,4,0,0,0,0,0,0,1,7,1
processed,53,10,1,0,0,0,0,0,0,0,2,0
processed,191,43,2,0,0,0,0,0,0,0,5,0
processed,1534,308,12,0,0,0,0,0,0,3,9,1
processed,317,65,2,0,0,0,0,0,0,0,4,0
processed,174,42,3,1,0,0,0,0,0,1,3,0
processed,213,50,1,0,0,0,0,0,0,0,5,0
processed,54,9,2,0,0,0,0,0,0,0,0,0
processed,208,40,2,0,0,0,0,0,0,1,2,0
processed,40,6,2,0,0,0,0,0,0,0,1,0
processed,42,11,1,0,0,0,0,0,0,0,2,0
processed,338,74,5,0,0,0,0,0,0,1,7,0
processed,548,103,3,0,0,0,0,0,0,1,13,0
processed,300,63,11,0,0,0,0,0,0,0,5,0
processed,444,88,3,0,0,0,0,0,0,0,9,0
processed,1030,229,11,0,0,0,0,0,0,10,13,0
processed,912,167,8,0,0,0,0,0,0,5,14,1
processed,113,26,2,0,0,0,0,0,0,0,3,0
processed,519,95,6,0,0,0,0,0,0,0,5,0
processed,755,163,6,0,0,0,0,0,0,1,8,0
processed,1023,213,14,0,0,0,0,0,0,1,23,0
processed,55,13,1,0,0,0,0,0,0,0,0,0
processed,64,16,3,0,0,0,0,0,0,0,3,0
processed,606,132,8,0,0,0,0,0,0,1,12,0
processed,490,109,8,0,0,0,0,0,0,0,7,1
processed,541,117,7,0,0,0,0,0,0,0,8,0
processed,198,41,5,0,0,0,0,0,0,0,1,0
processed,102,22,1,0,0,0,0,0,0,0,4,0
processed,587,108,4,0,0,0,0,0,0,1,13,0
processed,102,18,2,0,0,0,0,0,0,0,0,0
processed,118,19,1,0,0,0,0,0,0,0,2,0
processed,279,62,2,0,0,0,0,0,0,2,3,0
processed,1619,334,9,0,0,0,0,0,0,7,35,0
processed,24,7,1,0,0,0,0,0,0,0,1,0
processed,211,41,4,0,0,0,0,0,0,0,3,0
processed,144,34,1,0,0,0,0,0,0,1,5,0
processed,616,144,6,0,0,0,0,0,0,6,12,0
processed,1024,198,7,2,0,0,0,0,0,5,14,2
processed,190,42,1,0,0,0,0,0,0,2,4,0
processed,115,26,2,0,0,0,0,0,0,1,3,0
processed,955,191,14,0,0,0,0,0,0,0,11,0
processed,177,27,2,0,0,0,0,0,0,0,1,0
processed,438,90,3,0,0,0,0,0,0,1,4,0
processed,205,43,3,0,0,0,0,0,0,0,5,0
processed,138,26,1,0,0,0,0,0,0,0,1,0
processed,2,1,1,0,0,0,0,0,0,0,0,0
processed,235,47,4,0,0,0,0,0,0,0,6,0
processed,169,33,1,0,0,0,0,0,0,0,1,0
processed,361,77,4,0,0,0,0,0,0,1,14,0
processed,59,11,1,0,0,0,0,0,0,0,3,1
processed,511,102,6,0,0,0,0,0,0,0,8,0
processed,126,26,1,0,0,0,0,0,0,0,1,0
processed,481,94,7,0,0,0,0,0,0,1,7,0
processed,602,113,7,0,0,0,0,0,0,1,10,0
processed,143,26,3,0,0,0,0,0,0,0,2,0
processed,595,114,7,0,0,0,0,0,0,2,4,0
processed,751,152,6,0,0,0,0,0,0,1,10,0
processed,1385,280,13,0,0,0,0,0,0,5,36,0
processed,297,59,6,0,0,0,0,0,0,1,4,0
processed,118,19,3,0,0,0,0,0,0,0,2,0
processed,33,6,1,0,0,0,0,0,0,0,0,0
processed,213,41,2,0,0,0,0,0,0,0,1,0
processed,246,51,1,2,0,0,0,0,0,0,2,0
processed,241,50,4,0,0,0,0,0,0,0,7,0
processed,459,88,5,0,0,0,0,0,0,0,5,0
processed,233,47,6,0,0,0,0,0,0,1,5,0
processed,678,148,11,0,0,0,0,0,0,2,6,1
processed,377,71,7,0,0,0,0,0,0,0,5,0
processed,180,36,5,0,0,0,0,0,0,0,2,0
processed,622,118,9,0,0,0,0,0,0,1,10,0
processed,421,85,6,0,0,0,0,0,0,3,8,0
processed,555,124,15,0,0,0,0,0,0,1,11,0
processed,1034,198,5,0,0,0,0,0,0,1,7,1
processed,319,68,5,0,0,0,0,0,0,2,2,0
processed,301,63,3,0,0,0,0,0,0,2,5,0
processed,402,82,7,0,0,0,0,0,0,1,8,0
processed,445,102,6,0,0,0,0,0,0,2,10,0
processed,193,35,6,0,0,0,0,0,0,0,3,0
processed,39,6,1,0,0,0,0,0,0,0,0,0
processed,190,42,2,0,0,0,0,0,0,0,2,0
processed,180,34,4,0,0,0,0,0,0,1,4,0
processed,547,114,10,0,0,0,0,0,0,1,11,0
processed,184,38,2,0,0,0,0,0,0,3,2,0
processed,134,20,1,0,0,0,0,0,0,0,4,0
processed,341,73,5,0,0,0,0,0,0,2,5,0
processed,135,24,1,0,0,0,0,0,0,0,1,0
processed,495,97,8,0,0,0,0,0,0,0,11,0
processed,27,6,1,0,0,0,0,0,0,0,1,0
processed,648,137,6,0,0,0,0,0,0,1,9,0
processed,31,7,1,0,0,0,0,0,0,0,2,0
processed,573,112,4,0,0,0,0,0,0,1,6,0
processed,466,89,5,0,0,0,0,0,0,0,3,1
processed,884,166,8,0,0,0,0,0,0,2,10,0
processed,503,109,5,0,0,0,0,0,0,1,15,1
processed,898,164,10,1,0,0,0,0,0,1,11,1
processed,449,91,7,0,0,0,0,0,0,0,8,0
processed,190,43,3,0,0,0,0,0,0,0,5,0
processed,387,76,7,0,0,0,0,0,0,2,9,0
processed,259,46,3,0,0,0,0,0,0,1,4,0
processed,137,32,4,0,0,0,0,0,0,0,3,0
processed,0,0,0,0,0,0,0,0,0,0,0,0
processed,729,141,12,0,0,0,0,0,0,2,11,0
processed,195,40,1,0,0,0,0,0,0,2,0,0
processed,481,91,9,0,0,0,0,0,0,0,6,0
processed,290,65,7,0,0,0,0,0,0,1,2,0
processed,136,29,2,0,0,0,0,0,0,0,2,0
processed,1107,242,21,0,0,0,0,0,0,3,19,1
processed,354,68,5,0,0,0,0,0,0,0,1,0
processed,581,115,5,0,0,0,0,0,0,0,13,0
processed,503,92,1,0,0,0,0,0,0,0,7,0
processed,892,169,7,0,0,0,0,0,0,0,22,0
processed,21,4,1,0,0,0,0,0,0,0,2,0
processed,655,135,7,0,0,0,0,0,0,2,16,0
processed,344,74,7,0,0,0,0,0,0,0,15,0
processed,279,52,5,0,0,0,0,0,0,1,6,0
processed,1096,184,2,7,0,0,0,0,0,5,10,0
processed,448,87,4,0,0,0,0,0,0,0,9,0
processed,366,87,3,0,0,0,0,0,0,0,9,0
processed,214,43,3,0,0,0,0,0,0,0,4,0
processed,318,62,4,0,0,0,0,0,0,0,10,0
processed,103,18,1,0,0,0,0,0,0,0,2,0
processed,1344,254,14,0,0,0,0,0,0,0,12,0
processed,433,90,5,0,0,0,0,0,0,0,8,0
processed,242,48,5,0,0,0,0,0,0,0,4,0
processed,105,14,1,0,0,0,0,0,0,0,1,0
processed,512,102,7,0,0,0,0,0,0,0,4,0
processed,350,67,3,0,0,0,0,0,0,0,5,0
processed,316,66,4,1,0,0,0,0,0,1,9,0
processed,263,51,3,0,0,0,0,0,0,1,5,0
processed,277,61,2,0,0,0,0,0,0,0,6,0
processed,79,13,2,0,0,0,0,0,0,0,2,0
processed,864,159,5,0,0,0,0,0,0,2,21,0
processed,309,55,2,0,0,0,0,0,0,1,2,0
processed,870,172,10,0,0,0,0,0,0,2,14,0
processed,691,144,6,0,0,0,0,0,0,1,10,0
processed,66,14,1,0,0,0,0,0,0,0,2,0
processed,306,63,8,0,0,0,0,0,0,2,4,1
processed,492,107,3,0,0,0,0,0,0,3,17,0
processed,347,59,4,0,0,0,0,0,0,1,3,0
processed,484,88,1,0,0,0,0,0,0,1,8,0
processed,1320,258,6,0,0,0,0,0,0,4,15,0
processed,504,115,7,0,0,0,0,0,0,4,6,0
processed,68,13,1,0,0,0,0,0,0,0,1,0
processed,358,78,8,0,0,0,0,0,0,1,6,1
processed,84,18,1,0,0,0,0,0,0,0,1,0
processed,523,92,1,0,0,0,0,0,0,1,11,0
processed,92,24,3,0,0,0,0,0,0,2,1,0
processed,48,7,1,0,0,0,0,0,0,0,0,0
processed,365,70,5,0,0,0,0,0,0,0,5,0
processed,98,22,1,0,0,0,0,0,0,0,2,0
processed,119,22,2,0,0,0,0,0,0,0,2,0
processed,226,47,2,0,0,0,0,0,0,1,7,0
processed,188,41,6,0,0,0,0,0,0,0,5,0
processed,404,81,6,0,0,0,0,0,0,0,4,1
processed,198,35,4,0,0,0,0,0,0,0,7,2
processed,323,70,8,0,0,0,0,0,0,2,9,0
processed,14,3,1,0,0,0,0,0,0,0,0,0
processed,180,42,1,0,0,0,0,0,0,2,6,0
processed,62,16,1,0,0,0,0,0,0,0,4,0
processed,59,11,1,0,0,0,0,0,0,0,2,0
processed,1189,248,21,0,0,0,0,0,0,1,20,1
processed,370,73,3,0,0,0,0,0,0,0,6,0
processed,536,112,2,0,0,0,0,0,0,0,6,0
processed,793,141,4,0,0,0,0,0,0,2,8,0
processed,34,7,1,0,0,0,0,0,0,0,1,0
processed,256,59,3,0,0,0,0,0,0,1,4,0
processed,360,68,6,0,0,0,0,0,0,1,9,0
processed,57,12,1,0,0,0,0,0,0,0,2,0
processed,151,35,2,1,0,0,0,0,0,0,4,0
processed,399,78,4,0,0,0,0,0,0,0,6,0
processed,547,102,6,0,0,0,0,0,0,0,5,0
processed,251,45,5,0,0,0,0,0,0,0,30,0
processed,102,20,1,0,0,0,0,0,0,0,4,0
processed,247,54,7,0,0,0,0,0,0,0,4,1
processed,430,82,3,0,0,0,0,0,0,0,3,0
processed,203,49,3,0,0,0,0,0,0,0,1,0
processed,257,46,3,0,0,0,0,0,0,0,2,0
processed,554,128,13,0,0,0,0,0,0,3,13,0
processed,148,23,1,0,0,0,0,0,0,0,1,0
processed,442,78,6,0,0,0,0,0,0,0,5,1
processed,426,94,4,0,0,0,0,0,0,3,9,0
processed,112,21,1,0,0,0,0,0,0,1,0,0
processed,487,106,8,0,0,0,0,0,0,3,9,0
processed,962,189,16,4,0,0,0,0,0,2,13,1
processed,208,46,2,0,0,0,0,0,0,0,1,0
processed,883,182,9,0,0,0,0,0,0,1,15,1
processed,87,17,2,0,0,0,0,0,0,0,1,0
processed,123,29,1,0,0,0,0,0,0,0,0,0
processed,188,39,6,0,0,0,0,0,0,0,2,0
processed,79,15,2,0,0,0,0,0,0,0,3,0
processed,7,2,1,0,0,0,0,0,0,0,0,0
processed,54,11,1,0,0,0,0,0,0,0,1,0
processed,129,28,1,0,0,0,0,0,0,0,4,0
processed,224,37,1,0,0,0,0,0,0,0,4,0
processed,514,105,5,0,0,0,0,0,0,1,6,0
processed,277,56,7,0,0,0,0,0,0,1,4,0
processed,45,9,2,0,0,0,0,0,0,0,0,0
processed,647,136,8,0,0,0,0,0,0,0,10,0
processed,603,120,5,0,0,0,0,0,0,3,7,0
processed,269,50,4,0,0,0,0,0,0,0,2,0
processed,1507,299,20,0,0,0,0,0,1,0,21,0
processed,901,190,13,0,0,0,0,0,0,2,20,0
processed,223,49,4,0,0,0,0,0,0,1,4,0
processed,514,100,11,0,0,0,0,0,0,1,6,0
processed,123,25,2,0,0,0,0,0,0,0,1,0
processed,163,34,3,0,0,0,0,0,0,1,4,0
processed,1622,333,13,0,0,0,0,0,0,2,19,0
processed,99,22,3,0,0,0,0,0,0,0,0,0
processed,154,31,1,0,0,0,0,0,0,0,2,0
processed,251,52,3,0,0,0,0,0,0,0,3,0
processed,956,216,15,0,0,0,0,0,0,3,22,0
processed,1324,262,17,0,0,0,0,0,0,1,21,0
processed,97,19,1,0,0,0,0,0,0,0,2,0
processed,414,74,4,0,0,0,0,0,0,3,5,0
processed,764,131,2,0,0,0,0,0,1,1,14,0
processed,60,13,1,0,0,0,0,0,0,0,1,0
processed,625,132,7,1,0,0,0,0,0,0,12,0
processed,188,36,1,0,0,0,0,0,0,0,5,0
processed,732,151,11,0,0,0,0,0,0,2,10,0
processed,447,94,1,0,0,0,0,0,0,2,5,0
processed,180,42,1,0,0,0,0,0,0,0,4,0
processed,330,62,4,0,0,0,0,0,0,1,4,0
processed,532,110,8,0,0,0,0,0,0,0,5,0
processed,193,39,2,0,0,0,0,0,0,0,3,0
processed,305,54,5,0,0,0,0,0,0,0,1,0
processed,452,88,6,0,0,0,0,0,0,1,3,0
processed,4,1,1,0,0,0,0,0,0,0,1,0
processed,1427,313,21,0,0,0,0,0,0,2,17,0
processed,1660,346,11,2,0,0,0,0,0,1,26,0
processed,293,52,1,0,0,0,0,0,0,0,6,0
processed,229,44,3,0,0,0,0,0,0,0,1,0
processed,499,102,3,0,0,0,0,0,0,0,8,0
processed,317,60,6,0,0,0,0,0,0,0,2,0
processed,159,30,1,0,0,0,0,0,0,2,4,0
processed,83,12,1,0,0,0,0,0,0,0,0,0
processed,75,13,1,0,0,0,0,0,0,0,0,0
processed,249,49,1,0,0,0,0,0,0,0,9,1
processed,962,197,8,0,0,0,0,0,0,4,20,1
processed,467,107,5,0,0,0,0,0,0,2,8,0
processed,478,98,7,0,0,0,0,0,0,2,6,0
processed,502,102,5,0,0,0,0,0,0,3,14,0
processed,406,84,6,0,0,0,0,0,0,0,4,0
processed,530,113,5,0,0,0,0,0,0,2,5,0
processed,716,158,8,0,0,0,0,0,0,1,14,0
processed,371,67,6,0,0,0,0,0,0,0,2,0
processed,519,115,7,0,0,0,0,0,0,2,14,0
processed,473,87,3,0,0,0,0,0,0,0,10,0
processed,516,105,4,3,0,0,0,0,0,0,6,0
processed,493,106,11,0,0,0,0,0,0,0,8,0
processed,607,123,10,0,0,0,0,0,0,0,10,0
processed,161,31,1,0,0,0,0,0,0,0,5,0
processed,73,15,2,0,0,0,0,0,0,0,0,0
processed,55,12,1,0,0,0,0,0,0,0,3,0
processed,305,57,5,0,0,0,0,0,0,1,6,0
processed,428,88,5,0,0,0,0,0,0,4,6,0
processed,655,122,5,0,0,0,0,0,0,0,5,0
processed,295,62,7,0,0,0,0,0,0,1,6,0
processed,192,46,2,0,0,0,0,0,0,0,3,0
processed,485,89,6,0,0,0,0,0,0,2,4,0
processed,2040,439,20,0,0,0,0,0,0,0,29,0
processed,443,77,8,0,0,0,0,0,0,0,3,0
processed,204,49,3,0,0,0,0,0,0,4,6,0
processed,466,98,14,0,0,0,0,0,0,1,12,0
processed,230,47,3,0,0,0,0,0,0,0,2,0
processed,373,76,9,0,0,0,0,0,0,0,8,1
processed,786,174,8,0,0,0,0,0,0,1,11,0
processed,488,102,12,0,0,0,0,0,0,4,19,0
processed,826,157,4,6,0,0,0,0,0,1,4,0
processed,506,98,1,0,0,0,0,0,0,1,8,0
processed,117,24,3,0,0,0,0,0,0,1,0,0
processed,271,52,3,0,0,0,0,0,0,1,3,0
processed,649,117,3,0,0,0,0,0,0,1,10,0
processed,260,50,3,0,0,0,0,0,0,1,8,0
processed,189,41,3,0,0,0,0,0,0,2,2,0
processed,8,2,1,0,0,0,0,0,0,0,1,0
processed,503,99,7,0,0,0,0,0,0,0,7,0
processed,190,38,1,0,0,0,0,0,0,0,2,0
processed,521,103,14,0,0,0,0,0,0,1,6,0
processed,319,57,3,0,0,0,0,0,0,0,4,0
processed,253,46,3,0,0,0,0,0,0,0,3,0
processed,268,56,7,0,0,0,0,0,0,2,1,0
processed,210,41,4,0,0,0,0,0,0,1,4,0
processed,901,168,11,0,0,0,0,0,0,0,9,0
processed,282,51,5,0,0,0,0,0,0,0,3,0
processed,194,30,1,0,0,0,0,0,0,1,4,0
processed,63,12,1,0,0,0,0,0,0,0,1,0
processed,193,40,1,0,0,0,0,0,0,0,3,0
processed,38,8,1,0,0,0,0,0,0,0,3,0
processed,566,113,3,0,0,0,0,0,0,0,11,0
processed,233,35,1,0,0,0,0,0,0,0,3,0
processed,100,19,1,0,0,0,0,0,0,0,3,0
processed,1227,256,9,0,0,0,0,0,0,1,9,0
processed,352,65,3,0,0,0,0,0,0,0,4,0
processed,281,58,4,0,0,0,0,0,0,2,3,0
processed,149,30,3,0,0,0,0,0,0,0,2,0
processed,319,70,3,0,0,0,0,0,0,1,4,0
processed,302,65,5,0,0,0,0,0,0,0,5,0
processed,36,10,1,0,0,0,0,0,0,0,7,0
processed,422,82,10,0,0,0,0,0,0,0,8,0
processed,160,32,2,0,0,0,0,0,0,0,2,0
processed,104,20,1,0,0,0,0,0,0,0,1,0
processed,566,124,9,0,0,0,0,0,0,0,5,0
processed,88,19,1,0,0,0,0,0,0,0,2,0
processed,416,83,7,0,0,0,0,0,1,0,56,0
processed,276,54,6,0,0,0,0,0,0,1,5,0
processed,1945,389,17,0,0,0,0,0,0,0,27,0
processed,642,136,5,0,0,0,0,0,0,0,12,0
processed,494,101,4,0,0,0,0,0,0,3,5,0
processed,276,60,9,0,0,0,0,0,0,0,8,0
processed,352,68,2,1,0,0,0,0,0,2,3,0
processed,147,28,2,0,0,0,0,0,0,0,2,0
processed,90,21,3,0,0,0,0,0,0,0,2,0
processed,1207,254,15,0,0,0,0,0,0,4,24,0
processed,458,95,5,0,0,0,0,0,0,1,7,0
processed,144,28,3,0,0,0,0,0,0,0,2,0
processed,282,52,4,0,0,0,0,0,0,0,4,0
processed,205,45,3,0,0,0,0,0,0,0,5,0
processed,368,75,6,0,0,0,0,0,0,0,8,0
processed,168,31,2,0,0,0,0,0,0,0,6,0
processed,574,120,6,0,0,0,0,0,0,0,9,0
processed,265,58,4,0,0,0,0,0,0,1,3,0
processed,101,18,1,0,0,0,0,0,0,0,1,0
processed,487,102,6,0,0,0,0,0,0,2,8,0
processed,233,43,5,0,0,0,0,0,0,0,5,0
processed,756,147,7,0,0,0,0,0,0,1,11,0
processed,683,148,11,0,0,0,0,0,0,1,11,0
processed,303,52,3,0,0,0,0,0,0,1,3,0
processed,524,104,7,0,0,0,0,0,0,1,2,0
processed,296,57,5,0,0,0,0,0,0,0,3,0
processed,645,132,7,0,0,0,0,0,0,3,12,0
processed,134,21,2,0,0,0,0,0,0,0,0,0
processed,47,12,1,0,0,0,0,0,0,0,0,0
processed,199,43,4,0,0,0,0,0,0,0,4,0
processed,819,168,7,0,0,0,0,0,0,1,8,0
processed,222,39,4,0,0,0,0,0,0,0,2,0
processed,185,40,1,0,0,0,0,0,0,1,4,0
processed,33,4,1,0,0,0,0,0,0,0,0,1
processed,987,205,8,0,0,0,0,0,0,1,24,0
processed,573,121,12,0,0,0,0,0,0,0,12,0
processed,1420,224,18,0,0,0,0,0,2,1,19,0
processed,149,34,1,0,0,0,0,0,0,0,2,0
processed,262,44,3,0,0,0,0,0,0,0,3,0
processed,516,108,7,0,0,0,0,0,0,0,12,0
processed,391,81,6,0,0,0,0,0,0,0,7,0
processed,664,138,5,0,0,0,0,0,0,3,9,2
processed,174,40,4,0,0,0,0,0,0,0,9,0
processed,157,32,3,0,0,0,0,0,0,1,6,0
processed,21,3,1,0,0,0,0,0,0,0,0,0
processed,1222,238,11,0,0,0,0,0,0,2,14,0
processed,804,137,6,0,0,0,0,0,0,0,12,1
processed,484,106,5,0,0,0,0,0,0,1,6,0
processed,148,33,1,0,0,0,0,0,0,1,1,0
processed,298,55,1,0,0,0,0,0,0,0,7,0
processed,520,99,6,0,0,0,0,0,0,0,6,0
processed,106,21,1,0,0,0,0,0,0,0,0,0
processed,1765,366,13,0,0,0,0,0,0,0,30,0
processed,502,98,4,0,0,0,0,0,0,0,9,0
processed,818,164,15,0,0,0,0,0,0,1,7,0
processed,428,73,3,0,0,0,0,0,0,0,6,0
processed,574,113,12,0,0,0,0,0,0,0,9,0
processed,407,80,6,1,0,0,0,0,0,0,7,0
processed,515,108,4,0,0,0,0,0,0,1,9,0
processed,461,98,4,0,0,0,0,0,0,1,9,0
processed,1378,284,11,0,0,0,0,0,0,7,20,0
processed,132,31,1,0,0,0,0,0,0,1,3,0
processed,4,1,1,0,0,0,0,0,0,0,0,0
processed,207,47,3,0,0,0,0,0,0,1,2,0
processed,193,42,4,0,0,0,0,0,0,1,2,0
processed,275,54,4,0,0,0,0,0,0,1,2,0
processed,76,19,2,0,0,0,0,0,0,0,3,0
processed,290,63,5,0,0,0,0,0,0,0,3,0
processed,407,65,1,0,0,0,0,0,0,0,6,0
processed,610,121,16,0,0,0,0,0,0,0,17,0
processed,210,42,2,0,0,0,0,0,0,0,2,0
processed,425,83,5,0,0,0,0,0,0,1,4,1
processed,274,49,3,0,0,0,0,0,0,0,5,0
processed,442,98,9,0,0,0,0,0,0,0,6,0
processed,81,13,2,0,0,0,0,0,0,0,0,0
processed,437,84,9,0,0,0,0,0,0,0,7,0
processed,79,13,2,0,0,0,0,0,0,0,0,0
processed,748,160,6,1,0,0,0,0,0,5,14,0
processed,490,99,5,0,0,0,0,0,0,0,6,0
processed,1936,392,30,0,0,0,0,0,0,0,33,0
processed,28,6,1,0,0,0,0,0,0,0,1,0
processed,539,128,5,0,0,0,0,0,0,7,12,0
processed,29,5,1,0,0,0,0,0,0,0,0,0
processed,104,17,1,0,0,0,0,0,0,0,2,1
processed,112,23,3,0,0,0,0,0,0,0,2,0
processed,259,47,3,0,0,0,0,0,0,0,3,0
processed,180,36,2,1,0,0,0,0,0,0,6,0
processed,117,27,3,0,0,0,0,0,0,0,1,0
processed,177,34,1,0,0,0,0,0,0,0,3,0
processed,831,162,7,0,0,0,0,0,0,2,11,0
processed,162,18,1,3,0,0,0,0,0,0,2,0
processed,157,25,3,0,0,0,0,0,0,0,1,0
processed,292,54,2,0,0,0,0,0,0,0,4,0
processed,141,28,5,0,0,0,0,0,0,1,2,0
processed,1202,241,23,0,0,0,0,0,0,4,10,1
processed,560,117,1,0,0,0,0,0,0,0,13,0
processed,490,92,7,0,0,0,0,0,0,1,8,3
processed,543,125,10,0,0,0,0,0,0,0,9,0
processed,923,189,9,0,0,0,0,0,0,1,14,0
processed,572,112,6,2,0,0,0,0,0,1,8,1
processed,90,12,1,0,0,0,0,0,0,0,0,0
processed,311,66,3,0,0,0,0,0,0,0,5,0
processed,132,26,2,0,0,0,0,0,0,1,1,0
processed,779,167,6,0,0,0,0,0,0,4,11,0
processed,617,126,12,0,0,0,0,0,0,1,8,0
processed,220,46,4,0,0,0,0,0,0,0,0,0
processed,450,89,10,0,0,0,0,0,0,0,11,0
processed,196,41,4,0,0,0,0,0,0,0,4,0
processed,3215,614,4,1,0,0,0,0,0,5,51,1
processed,371,72,2,0,0,0,0,0,0,0,5,0
processed,330,61,1,0,0,0,0,0,0,1,7,0
processed,517,101,8,0,0,0,0,0,0,0,14,0
processed,24,6,1,0,0,0,0,0,0,1,0,0
processed,518,101,3,0,0,0,0,0,0,0,8,0
processed,145,24,2,0,0,0,0,0,0,0,0,0
processed,1175,195,7,0,0,0,0,0,0,3,11,0
processed,177,31,3,0,0,0,0,0,0,1,1,0
processed,110,22,2,0,0,0,0,0,0,0,4,0
processed,334,57,4,0,0,0,0,0,0,0,5,0
processed,237,43,1,0,0,0,0,0,0,0,3,0
processed,791,177,9,0,0,0,0,0,0,1,9,0
processed,146,24,1,0,0,0,0,0,0,0,0,2
processed,34,6,2,0,0,0,0,0,0,0,0,0
processed,128,26,1,0,0,0,0,0,0,0,2,0
processed,285,56,7,0,0,0,0,0,0,0,3,0
processed,185,37,1,0,0,0,0,0,0,0,6,0
processed,471,104,4,0,0,0,0,0,0,4,10,0
processed,58,11,2,0,0,0,0,0,0,0,0,0
processed,389,86,6,0,0,0,0,0,0,1,4,0
processed,320,71,9,0,0,0,0,0,0,1,4,0
processed,327,73,7,0,0,0,0,0,0,2,1,0
processed,83,15,1,0,0,0,0,0,0,0,0,0
processed,916,175,6,0,0,0,0,0,0,0,15,1
processed,451,88,5,0,0,0,0,0,0,0,7,0
processed,1883,388,16,0,0,0,0,0,0,4,24,0
processed,327,73,6,0,0,0,0,0,0,1,7,0
processed,24,8,2,0,0,0,0,0,0,1,2,0
processed,724,134,1,1,0,0,0,0,0,0,15,0
processed,150,32,6,0,0,0,0,0,0,1,2,0
processed,135,22,1,0,0,0,0,0,0,0,1,2
processed,1305,276,16,0,0,0,0,0,0,0,27,0
processed,252,53,7,0,0,0,0,0,0,0,5,0
processed,1425,291,6,0,0,0,0,0,0,3,24,0
processed,545,105,4,0,0,0,0,0,0,1,10,0
processed,499,99,7,0,0,0,0,0,0,1,8,0
processed,868,170,10,4,0,0,0,0,0,1,18,0
processed,803,203,6,0,0,0,0,0,0,3,23,0
processed,93,22,2,0,0,0,0,0,0,1,1,0
processed,143,30,1,0,0,0,0,0,0,0,5,0
processed,101,23,2,0,0,0,0,0,0,1,0,0
processed,998,205,10,0,0,0,0,0,0,0,21,0
processed,758,147,6,0,0,0,0,0,0,1,6,0
processed,313,61,8,0,0,0,0,0,0,0,9,0
processed,572,108,9,0,0,0,0,0,0,0,4,0
processed,202,35,1,0,0,0,0,0,1,0,2,0
processed,151,34,2,0,0,0,0,0,0,0,1,0
processed,548,116,7,0,0,0,0,0,0,2,4,0
processed,225,43,3,0,0,0,0,0,0,1,6,0
processed,125,25,2,0,0,0,0,0,0,0,1,0
processed,361,67,4,0,0,0,0,0,0,0,5,0
processed,83,10,1,0,0,0,0,0,0,0,0,0
processed,81,16,1,1,0,0,0,0,0,1,1,0
processed,658,146,4,0,0,0,0,0,0,0,7,0
processed,217,44,5,0,0,0,0,0,0,1,3,0
processed,589,114,3,0,0,0,0,0,0,0,11,0
processed,143,23,3,0,0,0,0,0,0,0,0,0
processed,766,152,16,0,0,0,0,0,0,1,7,0
processed,749,151,8,0,0,0,0,0,0,1,12,0
processed,234,44,6,0,0,0,0,0,0,0,3,0
processed,103,21,1,0,0,0,0,0,0,0,4,0
processed,206,43,3,0,0,0,0,0,0,0,4,1
processed,15,3,1,0,0,0,0,0,0,0,0,0
processed,527,106,4,0,0,0,0,0,0,0,7,0
processed,265,48,4,0,0,0,0,0,0,0,4,0
processed,544,111,13,0,0,0,0,0,0,0,8,0
processed,102,23,1,0,0,0,0,0,0,0,6,0
processed,429,81,5,0,0,0,0,0,0,0,6,0
processed,14,3,1,0,0,0,0,0,0,0,0,0
processed,929,172,7,0,0,0,0,0,0,0,13,0
processed,122,20,1,0,0,0,0,0,0,0,0,0
processed,2255,457,13,0,0,0,0,0,0,6,17,0
processed,92,20,1,0,0,0,0,0,0,0,0,0
processed,364,74,1,1,0,0,0,0,0,1,6,0
processed,206,36,3,0,0,0,0,0,0,0,2,0
processed,65,10,1,0,0,0,0,0,0,0,1,0
processed,122,31,3,0,0,0,0,0,0,1,2,0
processed,7,2,1,0,0,0,0,0,0,0,1,0
processed,36,6,1,0,0,0,0,0,0,0,1,0
processed,447,100,8,0,0,0,0,0,0,0,12,0
processed,182,35,2,0,0,0,0,0,0,1,2,0
processed,718,138,7,0,0,0,0,0,0,0,10,0
processed,155,26,3,0,0,0,0,0,0,0,3,0
processed,271,48,3,0,0,0,0,0,0,0,3,0
processed,4460,914,40,0,0,0,0,0,0,1,85,1
processed,59,14,3,1,0,0,0,0,0,0,0,0
processed,337,75,7,0,0,0,0,0,0,1,9,0
processed,51,12,1,0,0,0,0,0,0,0,0,0
processed,439,98,5,0,0,0,0,0,0,3,5,1
processed,647,137,7,0,0,0,0,0,0,2,11,0
processed,45,8,2,0,0,0,0,0,0,0,0,0
processed,140,32,2,0,0,0,0,0,0,0,3,0
processed,463,82,6,0,0,0,0,0,0,3,9,1
processed,2077,413,26,0,0,0,0,0,0,3,30,0
processed,97,17,3,0,0,0,0,0,0,0,1,0
processed,110,19,3,0,0,0,0,0,0,0,0,0
processed,101,23,2,0,0,0,0,0,0,0,2,0
processed,66,14,2,0,0,0,0,0,0,0,4,0
processed,401,80,1,0,0,0,0,0,0,0,7,0
processed,183,43,1,0,0,0,0,0,0,1,4,0
processed,344,76,5,0,0,0,0,0,0,1,6,0
processed,617,128,9,4,0,0,0,0,0,2,8,0
processed,284,52,1,0,0,0,0,0,0,0,3,0
processed,106,23,3,0,0,0,0,0,0,0,1,0
processed,398,74,1,0,0,0,0,0,0,0,5,0
processed,438,86,2,0,0,0,0,0,0,2,9,0
processed,296,57,4,0,0,0,0,0,0,0,6,0
processed,1139,234,15,0,0,0,0,0,0,1,15,0
processed,284,54,4,0,0,0,0,0,0,0,4,0
processed,714,152,7,0,0,0,0,0,0,3,16,0
processed,1532,284,13,1,0,0,0,0,0,2,10,0
processed,686,153,8,0,0,0,0,0,0,1,15,0
processed,329,64,6,0,0,0,0,0,0,0,3,0
processed,182,32,2,0,0,0,0,0,0,0,2,0
processed,462,97,8,0,0,0,0,0,0,0,5,0
processed,333,62,6,0,0,0,0,0,0,0,0,0
processed,187,34,3,0,0,0,0,0,0,0,4,0
processed,151,39,9,0,0,0,0,0,2,0,2,0
processed,82,16,6,0,0,0,0,0,0,0,3,0
processed,242,45,3,0,0,0,0,0,0,0,4,0
processed,137,23,5,0,0,0,0,0,0,0,4,0
processed,258,55,2,0,0,0,0,0,0,0,9,0
processed,311,51,6,0,0,0,0,0,0,0,5,0
processed,195,39,2,0,0,0,0,0,0,0,5,0
processed,254,61,2,0,0,0,0,0,0,0,0,0
processed,729,141,7,0,0,0,0,0,0,0,8,0
processed,438,97,11,0,0,0,0,0,0,2,11,0
processed,552,100,9,4,0,0,0,0,0,0,6,0
processed,392,82,3,0,0,0,0,0,0,1,3,0
processed,573,122,6,0,0,0,0,0,0,0,8,0
processed,244,49,5,0,0,0,0,0,0,1,4,0
processed,96,18,4,0,0,0,0,0,0,1,1,0
processed,500,102,7,0,0,0,0,0,0,0,4,0
processed,343,62,7,0,0,0,0,0,0,0,10,0
processed,430,75,6,0,0,0,0,0,0,1,4,0
processed,619,135,12,0,0,0,0,0,0,1,8,0
processed,126,25,3,0,0,0,0,0,0,0,4,0
processed,731,137,7,0,0,0,0,0,0,0,11,0
processed,366,70,4,0,0,0,0,0,0,0,7,0
processed,612,128,8,0,0,0,0,0,0,3,10,1
processed,185,41,3,0,0,0,0,0,0,1,4,0
processed,282,54,2,0,0,0,0,0,0,0,6,0
processed,237,49,3,0,0,0,0,0,0,0,5,0
processed,142,25,2,0,0,0,0,0,0,0,1,0
processed,340,66,5,0,0,0,0,0,0,0,11,0
processed,119,24,1,0,0,0,0,0,0,0,0,0
processed,304,65,5,0,0,0,0,0,0,1,8,0
processed,869,159,3,0,0,0,0,0,0,0,15,0
processed,826,153,15,0,0,0,0,0,0,0,9,0
processed,117,19,3,0,0,0,0,0,0,0,2,0
processed,539,108,8,0,0,0,0,0,0,0,7,0
processed,495,110,8,3,0,0,0,0,0,0,8,0
processed,581,119,7,0,0,0,0,0,0,2,12,0
processed,411,87,4,0,0,0,0,0,0,0,7,0
processed,560,109,6,0,0,0,0,0,0,1,4,0
processed,882,158,2,1,0,0,0,0,0,1,10,0
processed,516,118,11,0,0,0,0,0,0,0,9,0
processed,336,55,1,0,0,0,0,0,0,0,8,1
processed,502,94,4,0,0,0,0,0,0,3,8,0
processed,611,119,5,0,0,0,0,0,0,1,7,0
processed,197,42,2,0,0,0,0,0,0,1,1,0
processed,943,190,13,0,0,0,0,0,0,4,18,0
processed,46,9,1,0,0,0,0,0,0,0,1,0
processed,1306,291,16,0,0,0,0,0,0,0,31,0
processed,22,4,1,0,0,0,0,0,0,0,0,0
processed,333,76,1,0,0,0,0,0,0,2,6,0
processed,349,74,1,0,0,0,0,0,0,0,9,0
processed,472,88,8,0,0,0,0,0,0,0,6,0
processed,42,8,1,0,0,0,0,0,0,0,1,0
processed,97,20,1,0,0,0,0,0,0,0,1,0
processed,399,90,7,0,0,0,0,0,0,1,6,0
processed,819,156,2,0,0,0,0,0,0,1,17,0
processed,507,106,11,0,0,0,0,0,0,1,10,0
processed,246,55,3,0,0,0,0,0,0,0,3,0
processed,132,24,2,0,0,0,0,0,0,0,0,0
processed,935,183,14,0,0,0,0,0,0,1,89,0
processed,11,3,1,0,0,0,0,0,0,0,1,0
processed,248,53,4,0,0,0,0,0,0,0,3,0
processed,245,44,4,0,0,0,0,0,0,1,6,0
processed,451,90,3,0,0,0,0,0,0,1,7,0
processed,959,194,10,0,0,0,0,0,0,1,14,0
processed,755,129,2,0,0,0,0,0,0,1,9,0
processed,183,40,1,0,0,0,0,0,0,0,6,0
processed,330,63,1,0,0,0,0,0,0,0,5,0
processed,227,60,2,0,0,0,0,0,0,0,4,0
processed,528,101,6,0,0,0,0,0,0,0,8,0
processed,384,81,8,0,0,0,0,0,0,0,4,0
processed,219,47,4,0,0,0,0,0,0,2,1,0
processed,154,36,5,0,0,0,0,0,0,0,3,0
processed,296,52,3,0,0,0,0,0,0,0,3,0
processed,4,1,1,0,0,0,0,0,0,0,1,0
processed,235,48,5,0,0,0,0,0,0,0,3,2
processed,148,28,4,0,0,0,0,0,0,0,4,0
processed,501,96,5,0,0,0,0,0,0,0,13,0
processed,186,33,4,0,0,0,0,0,0,0,3,0
processed,40,7,1,0,0,0,0,0,0,0,0,0
processed,9,1,1,0,0,0,0,0,0,0,0,0
processed,851,161,2,0,0,0,0,0,0,0,14,0
processed,503,100,7,0,0,0,0,0,0,0,63,0
processed,475,95,5,0,0,0,0,0,0,0,10,0
processed,1157,249,20,0,0,0,0,0,0,1,18,0
processed,350,73,7,0,0,0,0,0,0,1,8,0
processed,191,43,4,0,0,0,0,0,0,0,4,0
processed,733,146,16,0,0,0,0,0,0,3,14,0
processed,220,50,6,0,0,0,0,0,0,1,3,0
processed,160,31,1,0,0,0,0,0,0,0,6,0
processed,40,7,1,0,0,0,0,0,0,0,0,0
processed,104,24,1,0,0,0,0,0,0,0,2,0
processed,30,6,1,0,0,0,0,0,0,0,0,0
processed,483,98,3,0,0,0,0,0,0,1,10,0
processed,229,45,5,0,0,0,0,0,0,0,2,0
processed,80,17,1,0,0,0,0,0,0,0,2,0
processed,563,106,5,0,0,0,0,0,0,0,5,0
processed,519,105,9,0,0,0,0,0,0,1,4,0
processed,426,82,4,0,0,0,0,0,0,2,5,1
processed,292,61,4,0,0,0,0,0,0,0,2,0
processed,107,18,2,0,0,0,0,0,0,0,2,0
processed,477,105,6,0,0,0,0,0,0,0,12,0
processed,616,145,9,0,0,0,0,0,0,4,15,0
processed,57,11,1,0,0,0,0,0,0,0,0,0
processed,201,43,2,0,0,0,0,0,0,1,5,1
processed,1173,234,6,0,0,0,0,0,0,3,18,1
processed,479,89,1,0,0,0,0,0,0,1,3,0
processed,145,22,2,0,0,0,0,0,0,0,1,0
processed,138,28,2,0,0,0,0,0,0,0,2,0
processed,368,81,10,0,0,0,0,0,0,1,6,0
processed,302,59,6,0,0,0,0,0,0,0,2,0
processed,340,71,5,0,0,0,0,0,0,1,6,0
processed,288,60,3,0,0,0,0,0,0,0,4,0
processed,166,35,6,0,0,0,0,0,0,1,4,0
processed,314,66,6,0,0,0,0,0,0,0,3,0
processed,345,68,5,0,0,0,0,0,0,2,4,1
processed,177,39,1,0,0,0,0,0,0,0,3,0
processed,786,152,10,0,0,0,0,0,0,0,9,0
processed,535,103,6,0,0,0,0,0,0,1,8,0
processed,397,85,8,0,0,0,0,0,0,2,10,0
processed,458,105,1,0,0,0,0,0,0,1,7,0
processed,503,101,12,0,0,0,0,0,0,2,5,0
processed,133,29,3,0,0,0,0,0,0,0,3,0
processed,453,92,5,0,0,0,0,0,0,0,3,0
processed,511,108,7,0,0,0,0,0,0,1,9,0
processed,447,89,8,0,0,0,0,0,0,0,6,0
processed,353,71,20,0,0,0,0,0,0,0,8,0
processed,541,103,5,0,0,0,0,0,0,1,3,0
processed,653,123,7,0,0,0,0,0,0,1,8,0
processed,356,68,3,0,0,0,0,0,0,0,5,0
processed,149,25,1,0,0,0,0,0,0,0,2,0
processed,125,21,1,0,0,0,0,0,0,0,2,0
processed,817,157,9,0,0,0,0,0,0,1,10,0
processed,1190,241,18,0,0,0,0,0,0,3,14,0
processed,15,4,1,0,0,0,0,0,0,0,0,0
processed,311,63,5,0,0,0,0,0,0,2,0,0
processed,333,67,4,0,0,0,0,0,0,0,5,0
processed,142,25,2,0,0,0,0,0,0,0,3,0
processed,1123,223,11,2,0,0,0,0,0,4,17,0
processed,86,13,2,0,0,0,0,0,0,0,1,0
processed,454,90,8,0,0,0,0,0,0,2,4,0
processed,633,121,5,0,0,0,0,0,0,2,4,0
processed,567,104,5,0,0,0,0,0,0,1,9,0
processed,140,26,3,0,0,0,0,0,0,0,2,0
processed,152,25,2,0,0,0,0,0,0,1,4,0
processed,516,115,5,0,0,0,0,0,0,3,8,0
processed,479,102,5,0,0,0,0,0,0,0,9,0
processed,56,9,2,0,0,0,0,0,0,0,0,0
processed,303,57,5,0,0,0,0,0,0,0,2,1
processed,415,85,6,0,0,0,0,0,0,1,8,0
processed,1027,201,13,4,0,0,0,0,0,4,20,0
processed,192,34,2,0,0,0,0,0,0,0,2,0
processed,111,22,2,0,0,0,0,0,0,0,2,0
processed,205,45,5,0,0,0,0,0,0,0,5,0
processed,223,43,2,0,0,0,0,0,0,0,5,0
processed,120,26,1,0,0,0,0,0,0,0,2,0
processed,706,138,11,0,0,0,0,0,0,0,7,0
processed,539,127,6,0,0,0,0,0,0,1,9,0
processed,191,40,2,0,0,0,0,0,0,0,3,0
processed,307,54,2,0,0,0,0,0,0,0,5,0
processed,503,102,4,0,0,0,0,0,0,0,8,0
processed,205,50,3,0,0,0,0,0,0,1,3,0
processed,213,41,1,0,0,0,0,0,0,1,3,0
processed,109,21,3,0,0,0,0,0,0,0,3,0
processed,1007,212,16,0,0,0,0,0,0,3,19,0
processed,176,38,6,0,0,0,0,0,0,0,5,0
processed,475,106,9,0,0,0,0,0,0,3,13,0
processed,214,43,1,0,0,0,0,0,0,0,5,0
processed,683,155,5,1,0,0,0,0,0,2,8,0
processed,259,59,4,0,0,0,0,0,0,1,4,0
processed,282,66,4,0,0,0,0,0,0,3,8,0
processed,170,36,2,0,0,0,0,0,0,0,1,0
processed,574,109,7,0,0,0,0,0,0,0,6,0
processed,1092,215,13,2,0,0,0,0,0,1,17,2
processed,764,163,13,0,0,0,0,0,1,0,10,0
processed,194,38,1,0,0,0,0,0,0,0,4,0
processed,103,17,2,0,0,0,0,0,0,0,0,0
processed,87,22,1,0,0,0,0,0,0,1,3,0
processed,847,167,10,0,0,0,0,0,0,0,18,1
processed,73,14,2,0,0,0,0,0,0,0,0,0
processed,656,147,7,0,0,0,0,0,0,1,16,0
processed,357,79,5,0,0,0,0,0,0,2,10,0
processed,290,66,6,0,0,0,0,0,0,1,5,0
processed,151,29,3,0,0,0,0,0,0,0,7,0
processed,167,38,3,0,0,0,0,0,0,0,5,0
processed,73,13,1,0,0,0,0,0,0,0,1,0
processed,1772,340,20,0,0,0,0,0,2,0,22,0
processed,484,95,5,0,0,0,0,0,0,0,8,0
processed,543,97,7,0,0,0,0,0,0,0,7,0
processed,206,42,3,0,0,0,0,0,0,0,4,0
processed,1191,254,13,0,0,0,0,0,1,1,30,0
processed,60,12,1,0,0,0,0,0,0,0,2,0
processed,483,85,1,0,0,0,0,0,0,0,6,0
processed,258,44,2,0,0,0,0,0,0,0,3,0
processed,42,8,1,0,0,0,0,0,0,0,0,0
processed,215,45,2,0,0,0,0,0,0,0,2,0
processed,382,88,7,0,0,0,0,0,0,1,7,0
processed,145,30,2,0,0,0,0,0,0,0,2,0
processed,494,92,8,0,0,0,0,0,0,2,5,0
processed,84,11,3,0,0,0,0,0,0,0,1,0
processed,436,89,7,0,0,0,0,0,0,2,1,0
processed,1026,178,8,0,0,0,0,0,0,0,23,0
processed,209,35,2,0,0,0,0,0,0,0,1,0
processed,16,2,1,0,0,0,0,0,0,0,1,0
processed,69,16,2,0,0,0,0,0,0,0,0,0
processed,638,139,4,0,0,0,0,0,0,5,9,0
processed,105,24,1,0,0,0,0,0,0,0,4,0
processed,448,94,8,0,0,0,0,0,0,1,11,0
processed,377,66,3,0,0,0,0,0,0,1,6,0
processed,331,61,6,0,0,0,0,0,0,2,5,0
processed,395,66,1,0,0,0,0,0,0,1,10,0
processed,436,94,5,0,0,0,0,0,0,0,14,0
processed,254,55,4,0,0,0,0,0,0,0,4,0
processed,638,140,7,0,0,0,0,0,0,1,14,0
processed,620,121,10,0,0,0,0,0,0,2,8,0
processed,239,47,4,0,0,0,0,0,0,1,4,0
processed,128,24,1,0,0,0,0,0,0,0,3,0
processed,2,1,1,0,0,0,0,0,0,0,0,0
processed,190,36,3,0,0,0,0,0,0,0,5,0
processed,144,29,2,0,0,0,0,0,0,0,3,0
processed,203,41,1,0,0,0,0,0,0,0,3,0
processed,348,73,5,0,0,0,0,0,0,0,4,0
processed,140,24,1,0,0,0,0,0,0,1,1,0
processed,742,161,10,0,0,0,0,0,0,0,14,0
processed,751,139,9,0,0,0,0,0,0,0,9,0
processed,767,145,1,0,0,0,0,0,0,3,6,0
processed,451,95,5,0,0,0,0,0,0,0,11,0
processed,114,26,3,0,0,0,0,0,0,0,2,0
processed,19,4,1,0,0,0,0,0,0,0,1,0
processed,562,103,5,0,0,0,0,0,0,2,13,0
processed,189,36,3,0,0,0,0,0,0,0,3,0
processed,500,89,3,0,0,0,0,0,0,0,9,0
processed,371,65,2,0,0,0,0,0,0,2,3,0
processed,122,24,4,0,0,0,0,0,0,0,1,0
processed,520,101,6,0,0,0,0,0,0,0,5,0
processed,60,17,2,0,0,0,0,0,0,0,1,0
processed,65,12,2,0,0,0,0,0,0,0,1,0
processed,426,93,7,0,0,0,0,0,0,1,9,0
processed,354,63,1,0,0,0,0,0,0,1,8,0
processed,39,11,1,0,0,0,0,0,0,0,0,0
processed,330,66,3,0,0,0,0,0,0,0,2,0
processed,1063,224,7,0,0,0,0,0,0,1,14,0
processed,2046,416,19,0,0,0,0,0,0,7,35,0
processed,250,49,3,0,0,0,0,0,0,0,5,0
processed,493,93,5,2,0,0,0,0,0,0,6,0
processed,255,45,1,0,0,0,0,0,0,0,4,0
processed,145,30,1,0,0,0,0,0,0,0,2,0
processed,134,23,2,0,0,0,0,0,0,0,1,0
processed,298,68,5,0,0,0,0,0,0,0,8,0
processed,341,61,1,0,0,0,0,0,0,1,5,0
processed,112,21,1,0,0,0,0,0,0,0,3,0
processed,180,34,1,0,0,0,0,0,0,0,3,0
processed,1160,237,14,0,0,0,0,0,0,1,17,0
processed,1227,252,16,0,0,0,0,0,0,3,12,0
processed,1177,230,6,1,0,0,0,0,0,4,7,1
processed,467,93,7,0,0,0,0,0,0,0,8,0
processed,55,10,1,0,0,0,0,0,0,0,0,0
processed,360,65,4,0,0,0,0,0,0,0,4,0
processed,506,107,7,0,0,0,0,0,0,1,12,0
processed,1428,293,8,0,0,0,0,0,0,1,24,0
processed,214,34,3,0,0,0,0,0,0,0,7,0
processed,527,100,15,0,0,0,0,0,0,0,7,0
processed,428,77,6,0,0,0,0,0,0,0,4,0
processed,995,194,12,0,0,0,0,0,0,0,18,0
processed,501,98,4,0,0,0,0,0,0,0,11,0
processed,655,128,6,0,0,0,0,0,0,2,12,0
processed,493,95,4,0,0,0,0,0,0,0,7,0
processed,451,86,1,0,0,0,0,0,0,0,9,0
processed,2260,490,30,0,0,0,0,0,0,1,35,1
processed,541,111,8,0,0,0,0,0,0,1,7,0
processed,315,70,4,0,0,0,0,0,0,1,6,0
processed,285,54,3,0,0,0,0,0,0,0,4,0
processed,81,16,3,0,0,0,0,0,0,0,1,0
processed,448,96,7,0,0,0,0,0,0,5,14,0
processed,470,95,5,0,0,0,0,0,0,2,6,0
processed,503,90,4,0,0,0,0,0,0,3,10,0
processed,1082,209,8,0,0,0,0,0,0,0,17,0
processed,1091,199,11,0,0,0,0,0,0,1,11,1
processed,921,190,9,0,0,0,0,0,0,0,10,0
processed,470,89,3,0,0,0,0,0,0,3,7,0
processed,1695,346,24,0,0,0,0,0,0,2,46,0
processed,1033,199,6,0,0,0,0,0,0,0,13,0
processed,530,101,2,0,0,0,0,0,0,1,9,2
processed,580,113,9,0,0,0,0,0,0,1,6,2
processed,8,2,1,0,0,0,0,0,0,0,0,0
processed,41,8,1,0,0,0,0,0,0,0,0,0
processed,270,60,3,0,0,0,0,0,0,0,4,0
processed,255,57,1,0,0,0,0,0,0,2,5,0
processed,152,34,1,0,0,0,0,0,0,0,1,0
processed,9,1,1,0,0,0,0,0,0,0,0,0
processed,143,25,2,0,0,0,0,0,0,0,3,0
processed,59,11,1,0,0,0,0,0,0,0,1,0
processed,146,29,1,0,0,0,0,0,0,0,6,0
processed,562,99,8,0,0,0,0,0,0,0,12,0
processed,1015,193,6,0,0,0,0,0,0,2,25,0
processed,545,117,8,0,0,0,0,0,0,0,8,1
processed,107,24,1,0,0,0,0,0,0,0,1,0
processed,354,75,5,0,0,0,0,0,0,1,4,0
processed,9,1,1,0,0,0,0,0,0,0,0,0
processed,610,131,6,0,0,0,0,0,0,0,7,0
processed,203,36,5,0,0,0,0,0,0,0,3,0
processed,515,114,4,0,0,0,0,0,0,2,9,0
processed,1434,305,14,0,0,0,0,0,0,2,18,0
processed,997,202,11,0,0,0,0,0,0,1,15,0
processed,304,58,3,0,0,0,0,0,0,0,2,0
processed,582,107,5,0,0,0,0,0,0,1,7,0
processed,381,76,4,0,0,0,0,0,0,0,13,0
processed,509,94,10,0,0,0,0,0,0,1,4,0
processed,94,19,2,0,0,0,0,0,0,1,3,0
processed,168,30,3,0,0,0,0,0,0,0,3,0
processed,164,38,3,0,0,0,0,0,0,0,3,0
processed,627,128,6,0,0,0,0,0,0,0,10,0
processed,202,35,1,0,0,0,0,0,0,0,2,1
processed,1059,201,22,0,0,0,0,0,0,3,19,0
processed,242,40,5,0,0,0,0,0,0,0,5,0
processed,366,76,1,0,0,0,0,0,0,0,6,0
processed,865,178,12,0,0,0,0,0,0,0,14,0
processed,562,121,14,0,0,0,0,0,0,3,4,0
processed,44,10,5,0,0,0,0,0,0,0,1,0
processed,239,54,7,0,0,0,0,0,0,0,4,0
processed,196,39,4,0,0,0,0,0,0,0,2,0
processed,469,97,9,0,0,0,0,0,0,1,11,0
processed,1536,347,16,0,0,0,0,0,0,13,22,0
processed,473,109,4,0,0,0,0,0,0,0,8,0
processed,153,31,3,0,0,0,0,0,0,0,3,0
processed,96,19,4,0,0,0,0,0,0,0,6,0
processed,225,52,10,0,0,0,0,0,0,0,3,0
processed,324,58,1,0,0,0,0,0,0,0,2,0
processed,449,93,4,0,0,0,0,0,0,1,13,0
processed,107,20,2,0,0,0,0,0,0,0,1,0
processed,177,40,2,0,0,0,0,0,0,0,6,0
processed,261,51,5,0,0,0,0,0,0,0,1,0
processed,621,130,13,0,0,0,0,0,0,1,4,0
processed,70,13,2,0,0,0,0,0,0,0,2,0
processed,258,51,7,0,0,0,0,0,0,0,3,0
processed,308,57,4,0,0,0,0,0,0,0,5,0
processed,126,28,2,0,0,0,0,0,0,0,4,0
processed,1112,242,9,0,0,0,0,0,0,5,15,0
processed,77,17,3,0,0,0,0,0,1,0,0,0
processed,138,27,4,0,0,0,0,0,0,0,0,0
processed,85,22,2,0,0,0,0,0,0,0,1,0
processed,372,80,1,0,0,0,0,0,0,3,3,0
processed,369,63,5,0,0,0,0,0,0,0,9,0
processed,759,149,8,0,0,0,0,0,0,1,12,0
processed,767,151,6,0,0,0,0,0,0,1,11,0
processed,171,30,1,0,0,0,0,0,0,0,3,0
processed,777,163,7,0,0,0,0,0,0,2,12,0
processed,549,101,3,0,0,0,0,0,0,0,4,0
processed,1409,276,8,0,0,0,0,0,0,3,25,0
processed,260,51,3,0,0,0,0,0,0,1,4,0
processed,528,98,1,0,0,0,0,0,0,0,4,1
processed,146,27,5,0,0,0,0,0,0,1,2,0
processed,1044,215,13,0,0,0,0,0,0,2,13,0
processed,416,73,3,0,0,0,0,0,0,0,4,0
processed,160,39,5,0,0,0,0,0,0,0,3,0
processed,198,42,1,0,0,0,0,0,0,1,7,0
processed,843,167,5,0,0,0,0,0,0,1,11,0
processed,165,36,3,0,0,0,0,0,0,0,5,0
processed,483,90,4,0,0,0,0,0,0,0,8,0
processed,312,64,4,0,0,0,0,0,0,2,4,0
processed,369,77,5,0,0,0,0,0,0,0,3,0
processed,291,61,3,0,0,0,0,0,0,0,4,0
processed,174,37,2,0,0,0,0,0,0,1,7,0
processed,869,181,10,0,0,0,0,0,0,1,15,0
processed,193,45,4,0,0,0,0,0,0,3,5,0
processed,423,84,3,0,0,0,0,0,0,0,5,0
processed,75,15,1,0,0,0,0,0,0,0,2,0
processed,231,49,1,0,0,0,0,0,0,0,5,0
processed,216,41,1,0,0,0,0,0,0,0,3,0
processed,220,36,2,0,0,0,0,0,0,0,3,0
processed,166,32,3,0,0,0,0,0,0,0,4,0
processed,418,82,7,0,0,0,0,0,0,0,5,0
processed,119,22,1,0,0,0,0,0,0,0,3,0
processed,323,74,4,0,0,0,0,0,0,1,4,1
processed,65,13,2,0,0,0,0,0,0,0,1,0
processed,1895,391,12,0,0,0,0,0,0,7,27,0
processed,620,123,6,0,0,0,0,0,1,1,6,0
processed,693,144,18,3,0,0,0,0,0,3,10,0
processed,539,115,2,0,0,0,0,0,0,1,11,0
processed,477,106,8,0,0,0,0,0,0,2,13,0
processed,758,155,5,0,0,0,0,0,0,3,14,0
processed,328,66,7,0,0,0,0,0,0,2,3,0
processed,322,67,8,0,0,0,0,0,0,0,13,0
processed,289,63,3,0,0,0,0,0,0,0,2,1
processed,50,11,1,0,0,0,0,0,0,0,0,0
processed,141,31,4,0,0,0,0,0,0,0,3,0
processed,437,93,5,0,0,0,0,0,0,2,5,0
processed,506,100,11,0,0,0,0,0,0,2,9,0
processed,723,124,8,0,0,0,0,0,0,0,7,1
processed,922,187,10,6,0,0,0,0,0,3,9,0
processed,166,33,3,0,0,0,0,0,0,1,4,0
processed,523,102,5,0,0,0,0,0,0,2,9,0
processed,583,136,10,0,0,0,0,0,0,1,10,0
processed,1145,265,15,0,0,0,0,0,0,4,26,0
processed,135,27,2,0,0,0,0,0,0,0,4,0
processed,699,133,10,0,0,0,0,0,0,1,8,0
processed,644,133,6,0,0,0,0,0,0,1,15,0
processed,237,45,4,0,0,0,0,0,0,0,2,0
processed,616,127,10,0,0,0,0,0,0,1,9,0
processed,594,120,8,0,0,0,0,0,0,0,5,0
processed,163,34,4,0,0,0,0,0,0,1,5,0
processed,41,5,1,0,0,0,0,0,0,0,0,0
processed,385,62,1,1,0,0,0,0,0,0,3,0
processed,623,130,1,0,0,0,0,0,0,0,19,0
processed,231,45,3,0,0,0,0,0,0,0,4,0
processed,1240,258,22,0,0,0,0,0,0,1,29,0
processed,689,141,7,0,0,0,0,0,0,0,20,0
processed,101,20,2,0,0,0,0,0,0,0,2,0
processed,900,184,11,0,0,0,0,0,0,1,9,0
processed,801,155,11,0,0,0,0,0,0,0,13,0
processed,233,57,3,0,0,0,0,0,0,1,6,0
processed,267,56,5,0,0,0,0,0,0,1,7,0
processed,37,6,1,0,0,0,0,0,0,0,1,0
processed,187,34,4,0,0,0,0,0,0,0,3,0
processed,74,15,1,0,0,0,0,0,0,0,0,0
processed,655,124,6,0,0,0,0,0,0,3,11,0
processed,50,9,1,0,0,0,0,0,0,0,0,0
processed,833,172,14,6,0,0,0,0,0,1,19,0
processed,41,10,2,0,0,0,0,0,0,0,0,0
processed,280,46,2,0,0,0,0,0,0,0,3,0
processed,634,125,8,0,0,0,0,0,0,0,10,0
processed,102,22,1,0,0,0,0,0,0,0,2,0
processed,228,41,5,0,0,0,0,0,0,0,5,0
processed,403,76,5,0,0,0,0,0,0,0,7,0
processed,55,11,3,0,0,0,0,0,0,0,3,0
processed,918,176,7,0,0,0,0,0,0,1,13,0
processed,578,123,2,0,0,0,0,0,0,1,13,0
processed,122,22,1,0,0,0,0,0,0,0,1,0
processed,1124,231,10,0,0,0,0,0,0,1,7,0
processed,960,196,20,0,0,0,0,0,0,1,11,1
processed,366,88,4,0,0,0,0,0,0,1,9,0
processed,673,143,8,0,0,0,0,0,0,0,8,0
processed,492,91,9,0,0,0,0,0,0,2,8,0
processed,548,109,8,0,0,0,0,0,0,2,10,0
processed,46,7,3,0,0,0,0,0,0,0,1,0
processed,844,178,4,0,0,0,0,0,0,3,10,0
processed,322,66,6,0,0,0,0,0,0,2,3,0
processed,204,36,3,0,0,0,0,0,0,0,4,0
processed,1347,273,10,0,0,0,0,0,0,0,27,0
processed,970,175,8,0,0,0,0,0,0,1,9,0
processed,538,117,9,0,0,0,0,0,0,4,10,0
processed,828,181,12,0,0,0,0,0,0,1,18,0
processed,587,117,7,0,0,0,0,0,0,1,10,0
processed,147,30,4,0,0,0,0,0,0,0,2,0
processed,385,70,8,2,0,0,0,0,0,1,4,0
processed,837,178,7,0,0,0,0,0,0,2,13,0
processed,636,120,7,0,0,0,0,0,0,1,10,0
processed,720,145,5,0,0,0,0,0,0,2,14,0
processed,617,123,6,0,0,0,0,0,0,2,10,1
processed,514,105,11,0,0,0,0,0,0,1,8,0
processed,146,31,3,0,0,0,0,0,0,0,5,0
processed,59,11,1,0,0,0,0,0,0,0,1,0
processed,208,44,7,0,0,0,0,0,0,0,4,0
processed,467,106,6,0,0,0,0,0,0,1,9,0
processed,335,69,8,0,0,0,0,0,0,0,6,0
processed,142,27,3,0,0,0,0,0,0,0,3,0
processed,1093,222,20,0,0,0,0,0,0,6,13,0
processed,132,22,2,0,0,0,0,0,0,0,1,0
processed,43,7,1,0,0,0,0,0,0,0,1,0
processed,856,185,4,0,0,0,0,0,0,1,15,0
processed,298,55,4,0,0,0,0,0,0,0,2,0
processed,488,108,7,0,0,0,0,0,0,3,5,0
processed,598,119,9,0,0,0,0,0,0,2,7,0
processed,810,127,9,0,0,0,0,0,0,1,10,0
processed,473,97,8,0,0,0,0,0,0,3,6,0
processed,118,27,3,0,0,0,0,0,0,0,3,0
processed,577,116,8,2,0,0,0,0,0,2,8,1
processed,106,16,1,0,0,0,0,0,0,0,1,0
processed,1435,310,16,0,0,0,0,0,0,2,19,0
processed,740,128,7,1,0,0,0,0,0,2,5,0
processed,90,18,2,0,0,0,0,0,0,0,1,0
processed,498,102,7,0,0,0,0,0,0,0,7,0
processed,591,110,4,0,0,0,0,0,0,2,6,0
processed,1232,248,9,0,0,0,0,0,0,1,13,0
processed,112,24,3,0,0,0,0,0,0,0,2,0
processed,146,31,1,0,0,0,0,0,0,0,4,0
processed,447,87,5,0,0,0,0,0,0,0,4,0
processed,192,34,1,0,0,0,0,0,0,0,6,0
processed,472,92,5,0,0,0,0,0,0,0,9,0
processed,121,21,5,0,0,0,0,0,0,0,1,0
processed,439,84,3,0,0,0,0,0,0,0,4,0
processed,93,18,1,0,0,0,0,0,0,0,0,0
processed,487,97,4,0,0,0,0,0,0,0,8,0
processed,120,27,4,0,0,0,0,0,0,1,2,0
processed,52,11,3,0,0,0,0,0,0,0,0,0
processed,884,177,5,0,0,0,0,0,0,7,15,0
processed,321,71,2,0,0,0,0,0,0,0,6,0
processed,341,68,5,0,0,0,0,0,0,0,2,0
processed,402,90,6,0,0,0,0,0,0,3,7,0
processed,655,124,4,0,0,0,0,0,0,1,15,0
processed,839,182,20,0,0,0,0,0,0,1,15,1
processed,473,88,2,0,0,0,0,0,0,0,10,0
processed,96,17,3,0,0,0,0,0,0,0,1,0
processed,708,154,7,0,0,0,0,0,0,5,7,0
processed,446,84,4,0,0,0,0,0,0,0,5,0
processed,249,48,4,0,0,0,0,0,0,1,8,0
processed,535,94,6,0,0,0,0,0,0,0,7,1
processed,264,55,3,0,0,0,0,0,0,0,6,0
processed,874,165,11,0,0,0,0,0,0,0,12,0
processed,359,71,7,0,0,0,0,0,0,1,5,0
processed,417,79,3,0,0,0,0,0,0,0,7,0
processed,185,32,4,0,0,0,0,0,0,0,1,0
processed,233,49,3,0,0,0,0,0,0,1,4,1
processed,453,98,6,0,0,0,0,0,0,1,7,0
processed,419,82,6,0,0,0,0,0,0,0,8,0
processed,253,48,2,0,0,0,0,0,0,0,2,0
processed,320,66,4,0,0,0,0,0,0,0,6,0
processed,77,17,3,0,0,0,0,0,0,1,4,0
processed,118,25,1,0,0,0,0,0,0,0,2,0
processed,175,33,3,0,0,0,0,0,0,0,5,0
processed,524,116,7,0,0,0,0,0,0,3,13,0
processed,16,2,1,0,0,0,0,0,0,0,0,0
processed,505,110,5,0,0,0,0,0,0,1,5,0
processed,133,30,2,0,0,0,0,0,0,0,1,0
processed,263,61,2,0,0,0,0,0,0,1,7,0
processed,226,52,3,0,0,0,0,0,0,2,0,0
processed,8,2,1,0,0,0,0,0,0,0,1,0
processed,383,78,4,0,0,0,0,0,0,2,10,0
processed,474,91,3,0,0,0,0,0,0,0,5,0
processed,215,49,6,0,0,0,0,0,0,0,4,0
processed,185,32,4,0,0,0,0,0,0,0,2,0
processed,119,24,1,0,0,0,0,0,0,0,2,0
processed,631,122,7,0,0,0,0,0,0,0,5,1
processed,1089,211,16,0,0,0,0,0,0,2,12,2
processed,195,36,4,0,0,0,0,0,0,0,3,0
processed,154,34,3,0,0,0,0,0,0,1,4,0
processed,303,55,2,0,0,0,0,0,0,0,1,0
processed,532,107,6,0,0,0,0,0,0,2,8,0
processed,52,12,2,0,0,0,0,0,0,0,1,0
processed,2276,439,30,6,1,0,0,0,0,2,29,0
processed,436,91,5,0,0,0,0,0,0,2,10,0
processed,46,10,1,0,0,0,0,0,0,0,1,0
processed,41,8,2,0,0,0,0,0,0,0,0,0
processed,365,62,1,0,0,0,0,0,0,1,3,0
processed,490,105,5,0,0,0,0,0,0,1,7,0
processed,83,19,3,0,0,0,0,0,0,0,2,0
processed,196,46,5,0,0,0,0,0,0,0,1,0
processed,568,112,5,0,0,0,0,0,0,0,10,0
processed,304,62,5,0,0,0,0,0,0,0,4,0
processed,125,26,1,0,0,0,0,0,0,0,0,0
processed,107,24,3,0,0,0,0,0,0,0,2,0
processed,27,9,1,2,0,0,0,0,0,0,0,0
processed,388,84,5,0,0,0,0,0,0,0,16,0
processed,140,32,2,0,0,0,0,0,0,0,4,0
processed,433,94,6,0,0,0,0,0,0,3,7,0
processed,506,99,5,0,0,0,0,0,0,4,3,0
processed,391,67,3,0,0,0,0,0,0,0,3,0
processed,522,98,6,0,0,0,0,0,0,1,8,1
processed,715,147,7,0,0,0,0,0,0,1,12,0
processed,2440,494,14,0,0,0,0,0,0,9,28,0
processed,371,62,7,0,0,0,0,0,0,0,7,0
processed,570,116,2,0,0,0,0,0,0,2,5,0
processed,39,8,1,0,0,0,0,0,0,0,1,0
processed,282,58,2,0,0,0,0,0,0,0,4,0
processed,100,20,2,0,0,0,0,0,0,1,1,1
processed,97,15,1,0,0,0,0,0,0,0,0,0
processed,1702,358,21,0,0,0,0,0,0,8,20,0
processed,1206,248,3,0,0,0,0,0,0,1,19,0
processed,592,131,6,0,0,0,0,0,0,0,6,0
processed,351,72,3,0,0,0,0,0,0,0,4,0
processed,41,8,1,0,0,0,0,0,0,0,1,0
processed,1025,227,4,0,0,0,0,0,0,0,28,0
processed,455,92,7,0,0,0,0,0,0,0,10,0
processed,203,36,4,0,0,0,0,0,0,0,2,0
processed,55,12,3,0,0,0,0,0,0,0,1,0
processed,846,169,11,0,0,0,0,0,0,1,20,0
processed,298,61,5,0,0,0,0,0,0,0,2,0
processed,390,73,2,0,0,0,0,0,0,0,8,0
processed,888,194,8,0,1,0,0,0,0,1,21,0
processed,538,104,4,0,0,0,0,0,0,1,5,0
processed,712,135,13,0,0,0,0,0,0,1,10,0
processed,954,184,6,0,0,0,0,0,0,2,8,0
processed,59,13,1,0,0,0,0,0,0,0,1,0
processed,863,172,14,0,0,0,0,0,0,1,21,0
processed,301,56,5,0,0,0,0,0,0,0,1,0
processed,139,35,4,0,0,0,0,0,0,2,1,0
processed,530,100,6,0,0,0,0,0,0,0,11,0
processed,486,99,7,0,0,0,0,0,0,1,12,0
processed,837,167,10,0,0,0,0,0,0,0,10,0
processed,382,73,5,0,0,0,0,0,0,0,3,0
processed,619,127,6,0,0,0,0,0,0,1,7,0
processed,2450,462,23,2,0,0,0,0,0,7,40,0
processed,134,27,1,0,0,0,0,0,0,0,1,0
processed,569,112,11,0,0,0,0,0,0,0,4,0
processed,488,94,1,0,0,0,0,0,0,0,10,0
processed,279,59,4,0,0,0,0,0,0,1,2,0
processed,196,40,2,0,0,0,0,0,0,0,5,0
processed,287,62,2,0,0,0,0,0,0,2,5,0
processed,685,125,8,0,0,0,0,0,0,1,7,0
processed,65,9,1,0,0,0,0,0,0,0,0,0
processed,587,119,8,0,0,0,0,0,0,1,10,0
processed,218,42,3,0,0,0,0,0,0,0,5,0
processed,95,21,1,0,0,0,0,0,0,0,0,0
processed,911,209,10,0,0,0,0,0,0,2,14,0
processed,394,82,6,0,0,0,0,0,0,0,6,1
processed,270,52,5,0,0,0,0,0,0,0,2,0
processed,1249,260,14,0,0,0,0,0,0,0,20,0
processed,445,92,7,0,0,0,0,0,0,1,13,0
processed,303,64,5,0,0,0,0,0,0,1,4,0
processed,317,68,3,6,0,0,0,0,0,1,1,0
processed,492,101,6,0,0,0,0,0,0,0,9,0
processed,687,122,8,0,0,0,0,0,0,1,8,0
processed,238,46,7,0,0,0,0,0,0,2,1,0
processed,457,94,5,0,0,0,0,0,0,0,7,0
processed,631,130,9,0,0,0,0,0,0,0,13,0
processed,907,197,11,0,0,0,0,0,0,3,19,0
processed,81,15,2,0,0,0,0,0,0,0,2,0
processed,197,34,2,0,0,0,0,0,0,0,2,0
processed,664,125,5,0,0,0,0,0,0,0,14,0
processed,188,41,2,0,0,0,0,0,0,0,3,0
processed,533,112,9,0,0,0,0,0,0,1,7,0
processed,298,58,3,0,0,0,0,0,0,0,6,0
processed,520,116,5,0,0,0,0,0,0,2,12,0
processed,337,74,1,0,0,0,0,0,0,0,7,0
processed,268,53,4,0,0,0,0,0,0,0,4,0
processed,744,148,1,1,0,0,0,0,0,1,9,0
processed,653,119,9,0,0,0,0,0,0,2,9,1
processed,21,3,1,0,0,0,0,0,0,0,0,0
processed,29,6,1,0,0,0,0,0,0,0,1,0
processed,1605,334,21,0,0,0,0,0,0,8,40,1
processed,251,46,4,0,0,0,0,0,0,0,3,0
processed,200,39,1,0,0,0,0,0,0,1,4,0
processed,138,27,4,0,0,0,0,0,0,0,1,0
processed,884,182,10,0,0,0,0,0,0,2,17,0
processed,86,19,1,0,0,0,0,0,0,2,5,0
processed,294,61,5,0,0,0,0,0,0,1,0,0
processed,170,35,2,0,0,0,0,0,0,0,2,0
processed,246,51,4,0,0,0,0,0,0,0,6,0
processed,329,64,4,0,0,0,0,0,0,0,7,0
processed,112,21,2,0,0,0,0,0,0,0,2,0
processed,133,24,4,0,0,0,0,0,0,0,3,0
processed,454,97,6,0,0,0,0,0,0,0,6,0
processed,900,201,18,0,0,0,0,0,0,3,19,0
processed,184,40,1,0,0,0,0,0,0,5,0,0
processed,486,101,10,0,0,0,0,0,0,0,11,0
processed,548,116,6,0,0,0,0,0,0,0,14,0
processed,114,28,3,0,0,0,0,0,0,0,1,0
processed,58,13,1,0,0,0,0,0,0,0,2,0
processed,519,102,6,0,0,0,0,0,0,0,4,0
processed,787,156,15,0,0,0,0,0,0,1,8,1
processed,205,40,5,0,0,0,0,0,0,0,3,0
processed,144,27,2,0,0,0,0,0,0,0,1,0
processed,326,66,4,0,0,0,0,0,0,2,10,1
processed,57,12,1,0,0,0,0,0,0,0,0,0
processed,1087,219,10,0,0,0,0,0,0,0,18,0
processed,601,131,4,0,0,0,0,0,0,3,13,0
processed,492,88,6,0,0,0,0,0,0,1,8,0
processed,74,14,1,0,0,0,0,0,0,1,3,0
processed,603,90,1,0,0,0,0,0,0,1,11,0
processed,705,140,9,0,0,0,0,0,0,0,15,1
processed,556,103,7,0,0,0,0,0,0,0,10,0
processed,283,54,2,0,0,0,0,0,1,0,8,0
processed,700,141,9,1,0,0,0,0,0,2,6,0
processed,395,80,11,0,0,0,0,0,0,0,4,0
processed,527,109,4,2,0,0,0,0,0,0,14,0
processed,1047,199,9,0,0,0,0,0,0,0,12,0
processed,160,33,2,0,0,0,0,0,0,0,3,0
processed,121,13,1,0,0,0,0,0,0,0,0,0
processed,3,1,1,0,0,0,0,0,0,0,1,0
processed,267,48,2,0,0,0,0,0,0,1,2,0
processed,1394,304,14,0,0,0,0,0,0,3,18,1
processed,1077,222,18,0,0,0,0,0,0,4,15,1
processed,683,151,7,0,0,0,0,0,0,1,19,0
processed,124,23,2,0,0,0,0,0,0,0,4,0
processed,661,122,6,0,0,0,0,0,0,3,5,0
processed,403,93,6,0,0,0,0,0,0,2,7,0
processed,875,185,9,0,0,0,0,0,0,2,6,0
processed,717,145,9,0,0,0,0,0,0,4,14,0
processed,399,75,1,0,0,0,0,0,0,1,10,0
processed,508,102,8,0,0,0,0,0,0,1,2,1
processed,136,21,3,0,0,0,0,0,0,0,1,0
processed,313,53,4,0,0,0,0,0,0,0,3,0
processed,43,8,1,0,0,0,0,0,0,0,1,0
processed,85,18,2,0,0,0,0,0,0,0,1,0
processed,119,24,1,0,0,0,0,0,0,0,1,0
processed,896,181,9,0,0,0,0,0,0,0,26,0
processed,479,91,7,0,0,0,0,0,0,0,4,0
processed,40,5,1,0,0,0,0,0,0,0,1,0
processed,989,210,10,0,0,0,0,0,0,6,13,0
processed,292,57,5,0,0,0,0,0,0,0,10,0
processed,544,97,3,0,0,0,0,0,0,4,12,0
processed,576,124,15,0,0,0,0,0,0,0,4,0
processed,43,10,1,1,0,0,0,0,0,0,1,0
processed,91,20,5,0,0,0,0,0,0,0,4,0
processed,565,127,11,0,0,0,0,0,0,1,8,0
processed,35,7,1,0,0,0,0,0,0,0,2,0
processed,505,113,5,0,0,0,0,0,0,0,7,0
processed,130,29,1,0,0,0,0,0,0,0,1,0
processed,99,19,2,0,0,0,0,0,0,0,1,0
processed,854,166,11,0,0,0,0,0,0,1,16,0
processed,140,29,4,0,0,0,0,0,0,1,1,0
processed,504,90,8,0,0,0,0,0,0,1,11,0
processed,40,11,2,0,0,0,0,0,0,0,3,0
processed,191,24,2,0,0,0,0,0,0,0,0,0
processed,213,43,2,0,0,0,0,0,0,0,6,0
processed,708,141,6,0,0,0,0,0,0,0,14,0
processed,72,17,1,0,0,0,0,0,0,0,1,0
processed,148,31,5,0,0,0,0,0,0,0,2,0
processed,277,60,5,0,0,0,0,0,0,1,2,0
processed,500,101,6,0,0,0,0,0,0,2,11,0
processed,128,25,3,2,0,0,0,0,0,0,2,0
processed,596,116,8,0,0,0,0,0,0,1,10,0
processed,213,38,3,0,0,0,0,0,0,0,3,0
processed,593,134,5,0,0,0,0,0,0,2,4,0
processed,663,128,10,0,0,0,0,0,0,4,10,0
processed,842,158,14,0,0,0,0,0,0,2,6,0
processed,583,107,6,0,0,0,0,0,0,1,5,0
processed,73,10,1,0,0,0,0,0,0,0,0,0
processed,423,80,5,0,0,0,0,0,0,0,4,0
processed,1008,197,17,0,0,0,0,0,0,2,12,1
processed,189,34,2,0,0,0,0,0,0,0,4,0
processed,879,172,8,0,0,0,0,0,0,1,12,0
processed,207,38,2,0,0,0,0,0,0,0,1,0
processed,1378,277,14,0,0,0,0,0,0,2,16,0
processed,69,14,1,0,0,0,0,0,0,0,1,0
processed,783,155,4,0,0,0,0,0,0,1,15,0
processed,456,92,4,0,0,0,0,0,0,0,1,0
processed,38,7,1,0,0,0,0,0,0,0,2,0
processed,945,210,14,0,0,0,0,0,0,0,13,0
processed,476,81,5,0,0,0,0,0,0,0,7,0
processed,509,108,4,0,0,0,0,0,0,0,14,0
processed,25,6,1,0,0,0,0,0,0,1,0,0
processed,602,124,8,0,0,0,0,0,0,0,10,0
processed,289,57,6,0,0,0,0,0,0,1,11,0
processed,64,15,1,0,0,0,0,0,0,0,0,0
processed,267,55,4,0,0,0,0,0,0,0,4,0
processed,644,128,8,0,0,0,0,0,0,1,12,0
processed,344,64,7,0,0,0,0,0,0,2,5,0
processed,813,170,5,0,0,0,0,0,0,4,16,0
processed,459,92,3,0,0,0,0,0,0,2,10,0
processed,525,104,14,0,0,0,0,0,0,1,7,0
processed,412,74,1,0,0,0,0,0,0,1,7,0
processed,764,130,6,0,0,0,0,0,0,0,10,0
processed,673,135,8,0,0,0,0,0,0,0,10,0
processed,621,122,7,0,0,0,0,0,1,1,5,0
processed,525,108,8,0,0,0,0,0,0,3,11,0
processed,307,69,5,0,0,0,0,0,0,2,7,0
processed,473,87,3,0,0,0,0,0,0,1,8,0
processed,415,75,9,0,0,0,0,0,0,0,3,0
processed,445,98,7,0,0,0,0,0,0,0,13,0
processed,34,5,1,0,0,0,0,0,0,0,0,0
processed,365,77,6,0,0,0,0,0,0,0,6,0
processed,313,53,2,0,0,0,0,0,0,0,5,0
processed,179,35,4,0,0,0,0,0,0,1,4,0
processed,196,39,2,0,0,0,0,0,0,0,4,0
processed,275,48,6,0,0,0,0,0,0,0,3,0
processed,1051,212,18,0,0,0,0,0,0,0,15,1
processed,85,19,2,0,0,0,0,0,0,0,0,0
processed,198,41,3,0,0,0,0,0,0,0,1,0
processed,203,38,5,0,0,0,0,0,0,1,7,0
processed,104,23,1,0,0,0,0,0,0,0,2,0
processed,234,49,3,0,0,0,0,0,0,0,5,0
processed,85,18,1,0,0,0,0,0,0,0,4,0
processed,159,34,2,0,0,0,0,0,0,0,4,0
processed,1288,273,12,0,0,0,0,0,0,2,25,0
processed,379,75,6,0,0,0,0,0,0,1,4,0
processed,122,24,1,0,0,0,0,0,0,1,4,0
processed,189,34,4,0,0,0,0,0,0,0,5,0
processed,401,81,9,0,0,0,0,0,0,0,4,0
processed,134,26,5,0,0,0,0,0,0,0,0,0
processed,66,13,1,0,0,0,0,0,0,0,0,0
processed,235,36,3,0,0,0,0,0,0,0,2,0
processed,147,36,4,0,0,0,0,0,0,0,1,0
processed,551,111,3,0,0,0,0,0,0,0,7,1
processed,112,22,4,0,0,0,0,0,0,0,2,0
processed,79,13,1,0,0,0,0,0,0,0,2,0
processed,318,66,3,0,0,0,0,0,0,0,7,0
processed,1271,231,15,0,0,0,0,0,0,1,14,1
processed,618,120,4,0,0,0,0,0,0,2,8,0
processed,453,88,7,0,0,0,0,0,0,1,3,0
processed,116,24,4,0,0,0,0,0,0,0,3,0
processed,211,42,5,0,0,0,0,0,0,0,6,0
processed,447,81,1,0,0,0,0,0,0,2,7,0
processed,205,42,4,0,0,0,0,0,0,0,1,0
processed,519,102,8,0,0,0,0,0,0,1,8,0
processed,199,42,8,0,0,0,0,0,0,0,4,0
processed,641,123,3,0,0,0,0,0,0,0,14,0
processed,29,6,1,0,0,0,0,0,0,0,2,0
processed,568,122,6,0,0,0,0,0,0,3,9,0
processed,1405,291,12,0,0,0,0,0,0,4,27,0
processed,920,212,11,0,0,0,0,0,0,6,16,0
processed,275,47,5,0,0,0,0,0,0,0,7,0
processed,466,89,8,0,0,0,0,0,0,0,10,0
processed,751,161,6,0,0,0,0,0,0,3,9,0
processed,175,34,3,0,0,0,0,0,0,0,6,0
processed,781,170,10,0,0,0,0,0,0,1,12,0
processed,1166,246,9,0,0,0,0,0,0,6,22,1
processed,343,76,1,1,0,0,0,0,0,1,9,0
processed,41,12,2,0,0,0,0,0,0,1,4,0
processed,1917,399,26,0,0,0,0,0,0,5,38,0
processed,335,69,2,0,0,0,0,0,0,1,7,0
processed,1105,234,10,4,0,0,0,0,0,0,21,0
processed,791,157,6,0,0,0,0,0,0,0,15,1
processed,295,58,5,0,0,0,0,0,0,0,3,0
processed,1112,222,11,0,0,0,0,0,0,9,29,0
processed,920,193,8,0,0,0,0,0,0,3,16,0
processed,236,56,2,0,0,0,0,0,0,1,4,1
processed,108,18,1,0,0,0,0,0,0,0,2,0
processed,598,121,9,0,0,0,0,0,0,1,10,1
processed,332,68,5,0,0,0,0,0,0,1,3,0
processed,495,111,1,0,0,0,0,0,0,0,7,0
processed,150,29,2,0,0,0,0,0,1,0,0,0
processed,400,81,3,0,0,0,0,0,0,0,15,0
processed,51,9,1,0,0,0,0,0,0,1,0,0
processed,1374,252,8,0,0,0,0,0,0,0,33,0
processed,377,66,8,0,0,0,0,0,0,1,5,0
processed,2317,484,35,0,0,0,0,0,0,2,39,0
processed,125,23,6,0,0,0,0,0,0,0,3,0
processed,743,145,11,0,0,0,0,0,0,4,7,0
processed,556,112,13,0,0,0,0,0,0,3,5,0
processed,463,98,1,0,0,0,0,0,0,1,11,1
processed,149,33,5,0,0,0,0,0,0,3,2,0
processed,180,33,1,0,0,0,0,0,0,0,3,0
processed,140,27,1,0,0,0,0,0,0,1,1,0
processed,111,18,1,0,0,0,0,0,0,0,1,0
processed,308,59,2,0,0,0,0,0,0,2,8,0
processed,86,22,1,0,0,0,0,0,0,0,1,0
processed,478,88,6,0,0,0,0,0,0,0,13,0
processed,305,65,3,0,0,0,0,0,0,1,4,0
processed,446,99,13,2,0,0,0,0,0,1,10,0
processed,875,174,10,0,0,0,0,0,0,1,15,0
processed,158,27,3,0,0,0,0,0,0,0,1,0
processed,27,6,1,0,0,0,0,0,0,0,4,0
processed,244,49,3,0,0,0,0,0,0,0,3,0
processed,72,13,1,0,0,0,0,0,0,0,1,0
processed,669,138,13,0,0,0,0,0,0,0,14,0
processed,28,4,2,0,0,0,0,0,0,0,0,0
processed,838,173,9,0,0,0,0,0,0,3,7,0
processed,149,31,2,0,0,0,0,0,0,0,2,0
processed,441,89,5,0,0,0,0,0,0,0,6,0
processed,1901,387,24,0,0,0,0,0,0,4,33,0
processed,620,133,16,0,0,0,0,0,0,1,17,0
processed,105,26,2,0,0,0,0,0,0,0,1,0
processed,149,31,4,0,0,0,0,0,0,0,7,0
processed,841,178,15,0,0,0,0,0,0,4,9,0
processed,801,149,7,0,0,0,0,0,0,1,15,0
processed,969,200,14,0,0,0,0,0,0,1,12,0
processed,513,110,9,0,0,0,0,0,2,0,7,0
processed,80,14,1,0,0,0,0,0,0,0,0,0
processed,199,42,6,0,0,0,0,0,0,1,3,0
processed,186,41,2,0,0,0,0,0,0,0,7,0
processed,709,146,9,0,0,0,0,0,0,0,11,0
processed,775,169,13,0,0,0,0,0,0,1,15,0
processed,117,27,1,0,0,0,0,0,0,0,4,0
processed,117,17,1,0,0,0,0,0,0,0,0,0
processed,266,47,5,0,0,0,0,0,0,0,2,0
processed,136,24,2,0,0,0,0,0,0,0,2,0
processed,379,69,3,0,0,0,0,0,0,3,6,0
processed,162,34,1,0,0,0,0,0,0,0,3,0
processed,652,130,5,1,0,0,0,0,0,1,12,0
processed,244,50,8,0,0,0,0,0,0,0,4,1
processed,294,63,4,0,0,0,0,0,0,1,7,0
processed,84,20,3,0,0,0,0,0,0,0,0,0
processed,188,34,2,0,0,0,0,0,0,0,1,0
processed,90,17,4,0,0,0,0,0,0,0,2,0
processed,193,35,3,0,0,0,0,0,0,0,4,0
processed,387,87,2,0,0,0,0,0,0,1,7,0
processed,637,129,13,5,0,0,0,0,0,1,6,0
processed,104,20,3,0,0,0,0,0,0,0,2,0
processed,677,133,5,0,0,0,0,0,0,0,8,0
processed,260,41,1,0,0,0,0,0,0,2,2,1
processed,279,58,5,0,0,0,0,0,0,2,4,0
processed,543,105,6,0,0,0,0,0,0,1,12,0
processed,455,94,8,0,0,0,0,0,0,1,7,0
processed,235,43,2,0,0,0,0,0,0,0,6,0
processed,177,35,3,0,0,0,0,0,0,0,1,0
processed,407,74,4,0,0,0,0,0,0,2,8,0
processed,444,93,2,2,0,0,0,0,0,2,5,0
processed,526,104,5,0,0,0,0,0,0,0,11,0
processed,184,38,5,0,0,0,0,0,0,0,8,0
processed,180,35,1,0,0,0,0,0,0,0,2,0
processed,389,88,6,0,0,0,0,0,0,1,7,0
processed,463,94,8,0,0,0,0,0,0,2,5,0
processed,191,40,4,0,0,0,0,0,0,0,4,0
processed,193,41,4,0,0,0,0,0,0,0,2,0
processed,702,160,15,1,0,0,0,0,0,5,9,1
processed,765,136,1,0,0,0,0,0,0,2,18,0
processed,150,34,2,1,0,0,0,0,0,0,2,0
processed,848,176,8,0,0,0,0,0,1,3,14,0
processed,553,119,4,0,0,0,0,0,0,1,9,0
processed,79,11,1,0,0,0,0,0,0,0,1,0
processed,92,21,1,0,0,0,0,0,0,0,2,0
processed,81,16,1,0,0,0,0,0,0,0,2,0
processed,538,109,10,0,0,0,0,0,0,1,9,0
processed,31,9,1,0,0,0,0,0,0,1,2,0
processed,391,74,5,0,0,0,0,0,0,0,3,0
processed,174,35,3,0,0,0,0,0,0,0,7,0
processed,970,206,9,0,0,0,0,0,0,0,10,0
processed,77,15,1,0,0,0,0,0,0,0,0,0
processed,203,38,6,0,0,0,0,0,0,0,1,0
processed,455,72,4,0,0,0,0,0,0,0,5,0
processed,388,71,3,0,0,0,0,0,0,2,7,0
processed,446,93,11,0,0,0,0,0,0,3,4,0
processed,904,171,4,0,0,0,0,0,0,0,16,0
processed,212,40,4,0,0,0,0,0,0,0,1,0
processed,56,11,1,0,0,0,0,0,0,0,0,0
processed,169,35,2,0,0,0,0,0,0,0,3,0
processed,244,38,3,0,0,0,0,0,0,0,4,0
processed,1408,265,13,0,0,0,0,0,0,2,17,0
processed,191,38,3,0,0,0,0,0,0,0,5,0
processed,20,5,1,0,0,0,0,0,0,0,1,0
processed,238,55,5,0,0,0,0,0,0,2,1,0
processed,230,47,6,0,0,0,0,0,0,0,3,0
processed,266,43,1,0,0,0,0,0,0,0,5,0
processed,138,30,10,0,0,0,0,1,0,0,2,0
processed,564,105,5,0,0,0,0,0,0,1,8,0
processed,170,37,4,0,0,0,0,0,0,0,3,0
processed,276,48,6,0,0,0,0,0,0,0,6,0
processed,368,87,8,0,0,0,0,0,0,0,13,0
processed,151,29,2,0,0,0,0,0,0,0,4,0
processed,305,69,3,0,0,0,0,0,0,0,9,0
processed,262,51,1,0,0,0,0,0,0,1,8,0
processed,187,38,4,0,0,0,0,0,0,0,3,0
processed,1005,205,8,0,0,0,0,0,0,4,24,0
processed,674,150,10,0,0,0,0,0,0,6,9,0
processed,636,126,4,2,0,0,0,0,0,1,12,0
processed,63,12,3,0,0,0,0,0,0,0,2,0
processed,652,136,10,0,0,0,0,0,0,1,12,1
processed,92,19,3,0,0,0,0,0,0,0,4,0
processed,278,51,6,0,0,0,0,0,0,0,3,0
processed,172,40,3,0,0,0,0,0,0,1,6,0
processed,188,38,2,0,0,0,0,0,0,1,6,0
processed,98,15,1,0,0,0,0,0,0,0,2,0
processed,546,116,5,0,0,0,0,0,0,2,7,0
processed,46,10,2,0,0,0,0,0,0,0,2,0
processed,205,48,4,0,0,0,0,0,0,1,7,0
processed,33,7,1,0,0,0,0,0,0,0,0,0
processed,207,42,3,0,0,0,0,0,0,0,5,1
processed,338,66,1,1,0,0,0,0,0,1,6,0
processed,333,71,4,0,0,0,0,0,0,3,12,0
processed,180,32,1,0,0,0,0,0,0,0,7,0
processed,202,44,3,0,0,0,0,0,0,0,6,0
processed,309,53,4,0,0,0,0,0,0,0,1,0
processed,4,1,1,0,0,0,0,0,0,0,1,0
processed,1031,216,13,2,0,0,0,0,0,3,9,1
processed,684,137,4,0,0,0,0,0,0,2,8,0
processed,504,107,8,0,0,0,0,0,0,1,7,0
processed,381,82,6,0,0,0,0,0,0,0,5,0
processed,800,165,6,0,0,0,0,0,0,2,13,0
processed,336,65,4,0,0,0,0,0,0,0,1,0
processed,381,74,5,0,0,0,0,0,0,0,4,0
processed,304,62,5,0,0,0,0,0,0,0,7,0
processed,711,132,3,0,0,0,0,0,0,1,9,0
processed,516,106,9,0,0,0,0,0,0,4,6,0
processed,193,34,2,0,0,0,0,0,0,0,2,0
processed,52,11,1,0,0,0,0,0,0,0,2,0
processed,131,27,2,0,0,0,0,0,0,0,1,0
processed,731,131,5,0,0,0,0,0,0,1,25,0
processed,57,11,1,0,0,0,0,0,0,0,1,0
processed,499,87,4,0,0,0,0,0,0,1,7,0
processed,90,20,2,0,0,0,0,0,0,1,1,0
processed,194,38,2,0,0,0,0,0,0,0,2,0
processed,786,184,9,0,0,0,0,0,0,2,14,0
processed,443,98,2,0,0,0,0,0,0,3,9,0
processed,595,119,11,0,0,0,0,0,0,0,13,1
processed,853,174,9,0,0,0,0,0,0,0,18,0
processed,297,61,1,0,0,0,0,0,0,1,4,0
processed,1458,309,15,0,0,0,0,0,0,4,24,0
processed,322,56,5,0,0,0,0,0,0,0,8,0
processed,711,121,3,4,0,0,0,0,0,1,8,0
processed,214,43,3,0,0,0,0,0,0,1,4,0
processed,262,52,1,0,0,0,0,0,0,0,5,0
processed,361,80,4,0,0,0,0,0,0,2,4,0
processed,343,66,4,0,0,0,0,0,0,0,4,0
processed,146,25,3,0,0,0,0,0,0,0,0,0
processed,541,107,7,0,0,0,0,0,0,3,5,0
processed,690,148,8,0,0,0,0,0,0,6,6,2
processed,350,68,3,0,0,0,0,0,0,0,6,0
processed,144,11,1,0,0,0,0,0,0,0,1,0
processed,199,35,6,0,0,0,0,0,0,0,1,0
processed,263,45,4,0,0,0,0,0,0,0,34,0
processed,369,75,5,0,0,0,0,0,0,0,10,0
processed,83,13,2,0,0,0,0,0,0,0,0,0
processed,830,175,8,0,0,0,0,0,0,1,13,0
processed,499,91,1,0,0,0,0,0,0,2,7,1
processed,28,6,1,0,0,0,0,0,0,0,0,0
processed,610,115,8,0,0,0,0,0,0,0,11,0
processed,895,181,6,0,0,0,0,0,0,2,11,0
processed,817,168,15,0,0,0,0,0,0,0,11,0
processed,233,44,3,0,0,0,0,0,0,0,2,0
processed,590,126,5,0,0,0,0,0,2,0,3,0
processed,777,157,6,0,0,0,0,0,0,1,20,1
processed,1189,268,13,0,0,0,0,0,0,3,12,0
processed,46,11,2,0,0,0,0,0,0,1,1,0
processed,345,70,2,0,0,0,0,0,0,0,6,0
processed,512,103,11,0,0,0,0,0,0,2,10,0
processed,1030,211,14,0,0,0,0,0,0,1,15,0
processed,463,101,5,0,0,0,0,0,0,1,9,0
processed,126,19,2,0,0,0,0,0,0,0,1,0
processed,193,37,3,0,0,0,0,0,0,0,3,0
processed,24,5,1,0,0,0,0,0,0,0,0,0
processed,876,173,5,0,0,0,0,0,0,1,24,0
processed,851,187,20,0,0,0,0,0,0,1,20,1
processed,135,25,2,0,0,0,0,0,0,1,0,0
processed,872,178,12,0,0,0,0,0,0,0,9,0
processed,1363,265,11,0,0,0,0,0,0,0,26,0
processed,47,10,2,0,0,0,0,0,0,0,1,0
processed,189,42,4,0,0,0,0,0,0,0,6,0
processed,381,79,4,0,0,0,0,0,0,2,4,0
processed,153,29,2,0,0,0,0,0,0,0,0,0
processed,18,4,1,0,0,0,0,0,0,0,2,0
processed,524,102,1,0,0,0,0,0,1,0,3,0
processed,138,28,2,0,0,0,0,0,0,1,3,0
processed,182,37,4,0,0,0,0,0,0,0,4,0
processed,163,33,1,0,0,0,0,0,0,0,1,0
processed,2433,485,25,0,0,0,0,0,0,4,41,1
processed,359,65,3,0,0,0,0,0,0,0,4,0
processed,242,50,4,0,0,0,0,0,0,0,5,0
processed,236,48,3,0,0,0,0,0,0,1,11,0
processed,245,51,4,0,0,0,0,0,0,0,1,0
processed,189,43,2,0,0,0,0,0,0,1,1,0
processed,441,91,8,0,0,0,0,0,2,0,11,0
processed,466,101,6,0,0,0,0,0,1,1,8,0
processed,380,68,4,0,0,0,0,0,0,0,6,0
processed,116,22,1,0,0,0,0,0,0,1,2,0
processed,661,153,8,0,0,0,0,0,0,2,12,0
processed,566,119,10,0,0,0,0,0,0,3,6,0
processed,155,32,1,0,0,0,0,0,0,0,3,0
processed,230,39,5,0,0,0,0,0,0,0,6,0
processed,293,13,1,0,0,0,0,0,0,0,0,0
processed,143,24,2,0,0,0,0,0,0,0,0,0
processed,817,158,6,0,0,0,0,0,0,3,4,0
processed,124,24,1,0,0,0,0,0,0,0,1,0
processed,147,28,1,0,0,0,0,0,0,1,2,0
processed,136,31,1,0,0,0,0,0,0,0,0,0
processed,663,136,10,0,0,0,0,0,0,0,13,0
processed,886,176,8,0,0,0,0,0,0,4,9,0
processed,469,102,4,0,0,0,0,0,0,1,12,0
processed,254,50,1,0,0,0,0,0,0,2,3,0
processed,301,59,6,0,0,0,0,0,0,2,4,0
processed,78,15,1,0,0,0,0,0,0,0,3,0
processed,611,121,7,0,0,0,0,0,0,2,13,0
processed,249,44,3,0,0,0,0,0,0,2,7,1
processed,270,50,2,0,0,0,0,0,0,0,7,0
processed,110,23,5,0,0,0,0,0,0,1,2,0
processed,57,8,2,0,0,0,0,0,0,0,0,0
processed,118,23,2,0,0,0,0,0,0,1,0,0
processed,257,51,5,0,0,0,0,0,0,0,2,0
processed,395,67,5,0,0,0,0,0,0,1,3,0
processed,108,24,1,0,0,0,0,0,0,0,1,0
processed,165,33,3,0,0,0,0,0,0,0,0,0
processed,593,127,14,0,0,0,0,0,0,0,9,1
processed,191,36,2,0,0,0,0,0,0,0,3,0
processed,58,12,2,0,0,0,0,0,0,0,1,0
processed,555,110,3,2,0,0,0,0,0,1,7,0
processed,1103,230,18,0,0,0,0,0,0,2,17,0
processed,328,67,3,0,0,0,0,0,0,0,4,0
processed,404,83,4,0,0,0,0,0,0,2,2,0
processed,395,91,8,0,0,0,0,0,0,0,7,0
processed,458,96,7,0,0,0,0,0,0,2,8,0
processed,794,180,12,0,0,0,0,0,0,2,18,0
processed,333,67,1,0,0,0,0,0,0,1,4,0
processed,248,48,6,0,0,0,0,0,0,0,0,0
processed,34,5,2,0,0,0,0,0,0,0,2,0
processed,351,72,5,0,0,0,0,0,0,0,7,0
processed,606,115,5,0,0,0,0,0,0,1,9,0
processed,344,75,10,0,0,0,0,0,0,3,4,0
processed,534,115,7,0,0,0,0,0,0,0,9,0
processed,329,65,5,0,0,0,0,0,0,3,6,0
processed,51,11,1,0,0,0,0,0,0,1,1,0
processed,313,65,6,0,0,0,0,0,0,0,8,0
processed,444,84,8,0,0,0,0,0,0,0,3,0
processed,1232,275,13,0,0,0,0,0,0,7,25,0
processed,760,141,5,0,0,0,0,0,0,1,5,0
processed,219,45,1,0,0,0,0,0,0,0,5,0
processed,381,82,5,0,0,0,0,0,0,1,5,0
processed,198,40,5,0,0,0,0,0,0,0,3,1
processed,75,17,1,0,0,0,0,0,0,0,2,0
processed,183,39,3,0,0,0,0,0,0,0,3,0
processed,443,90,7,0,0,0,0,0,0,1,6,0
processed,94,15,1,0,0,0,0,0,0,0,0,0
processed,448,96,13,0,0,0,0,0,0,1,12,0
processed,692,141,11,0,0,0,0,0,0,1,8,2
processed,735,166,5,0,0,0,0,0,0,1,24,0
processed,91,17,1,0,0,0,0,0,0,0,2,0
processed,4,1,1,0,0,0,0,0,0,0,1,0
processed,150,30,3,1,0,0,0,0,0,0,2,0
processed,179,38,4,0,0,0,0,0,0,0,4,0
processed,155,25,3,0,0,0,0,0,0,0,0,0
processed,76,14,1,0,0,0,0,0,0,0,1,0
processed,284,53,1,0,0,0,0,0,0,0,4,0
processed,1122,229,7,0,0,0,0,0,0,4,17,0
processed,470,97,11,0,0,0,0,0,0,0,10,0
processed,50,12,1,0,0,0,0,0,0,0,2,0
processed,688,140,4,0,0,0,0,0,0,0,13,1
processed,314,64,4,0,0,0,0,0,0,0,0,0
processed,486,115,5,0,0,0,0,0,0,4,16,0
processed,241,49,5,0,0,0,0,0,0,0,2,0
processed,541,97,10,0,0,0,0,0,0,0,6,0
processed,346,64,5,0,0,0,0,0,0,0,1,0
processed,308,61,5,0,0,0,0,0,0,0,3,0
processed,1336,268,14,0,0,0,0,0,0,7,25,0
processed,261,48,4,0,0,0,0,0,0,0,5,0
processed,103,20,2,0,0,0,0,0,0,0,4,0
processed,127,27,6,0,0,0,0,0,0,1,4,0
processed,109,24,3,0,0,0,0,0,0,0,4,0
processed,306,59,4,0,0,0,0,0,0,0,3,0
processed,516,102,6,0,0,0,0,0,0,2,12,1
processed,1282,253,18,0,0,0,0,0,0,3,25,1
processed,382,78,6,0,0,0,0,0,0,1,4,0
processed,161,34,2,0,0,0,0,0,0,0,3,0
processed,84,14,4,0,0,0,0,0,0,0,0,0
processed,109,25,1,0,0,0,0,0,0,0,4,0
processed,105,25,2,0,0,0,0,0,0,1,3,0
processed,235,47,2,0,0,0,0,0,0,0,2,0
processed,250,48,6,2,0,0,0,0,0,0,1,0
processed,374,74,7,0,0,0,0,0,0,0,10,0
processed,871,173,12,0,0,0,0,0,0,1,10,0
processed,477,91,7,0,0,0,0,0,0,0,5,0
processed,138,30,3,0,0,0,0,0,0,0,2,0
processed,207,43,3,0,0,0,0,0,0,0,7,0
processed,942,216,12,0,0,0,0,0,0,3,5,0
processed,104,16,1,0,0,0,0,0,0,1,2,1
processed,716,152,7,0,0,0,0,0,0,2,9,0
processed,324,76,3,0,0,0,0,0,0,1,5,0
processed,221,44,4,0,0,0,0,0,0,0,5,0
processed,418,90,3,0,0,0,0,0,0,0,7,0
processed,134,24,1,0,0,0,0,0,0,0,5,0
processed,40,8,1,0,0,0,0,0,0,0,1,0
processed,463,89,3,0,0,0,0,0,0,2,8,0
processed,405,86,8,0,0,0,0,0,0,0,7,0
processed,178,30,1,0,0,0,0,0,0,0,1,0
processed,98,22,3,0,0,0,0,0,0,0,2,1
processed,196,34,4,0,0,0,0,0,0,0,1,0
processed,338,59,4,0,0,0,0,0,0,1,6,0
processed,741,171,8,0,0,0,0,0,0,5,13,0
processed,155,33,2,0,0,0,0,0,0,0,1,0
processed,282,61,4,0,0,0,0,0,0,3,3,0
processed,627,140,10,0,0,0,0,0,0,4,14,0
processed,140,29,1,0,0,0,0,0,0,0,16,0
processed,137,17,1,0,0,0,0,0,0,0,0,0
processed,115,20,1,0,0,0,0,0,0,1,3,0
processed,14,3,1,0,0,0,0,0,0,0,1,0
processed,111,17,3,0,0,0,0,0,0,0,0,0
processed,78,15,1,0,0,0,0,0,0,0,1,0
processed,95,20,2,0,0,0,0,0,0,1,1,0
processed,215,36,2,0,0,0,0,0,0,0,7,0
processed,521,109,7,0,0,0,0,0,0,0,15,0
processed,520,96,10,0,0,0,0,0,0,0,7,0
processed,472,83,3,0,0,0,0,0,0,0,5,1
processed,155,25,2,0,0,0,0,0,0,0,0,0
processed,544,108,12,0,0,0,0,0,0,1,4,0
processed,270,60,3,0,0,0,0,0,0,1,6,0
processed,591,100,3,1,0,0,0,0,0,0,10,0
processed,111,17,1,0,0,0,0,0,0,0,1,0
processed,844,165,10,0,0,0,0,0,0,1,22,0
processed,444,101,6,0,0,0,0,0,0,1,8,0
processed,1039,221,8,0,0,0,0,0,0,5,15,0
processed,672,144,9,3,0,0,0,0,0,2,15,0
processed,526,96,3,6,0,0,0,0,0,1,7,0
processed,573,126,4,0,0,0,0,0,0,4,9,0
processed,463,87,4,0,0,0,0,0,0,0,2,1
processed,59,15,3,0,0,0,0,0,0,1,0,0
processed,633,136,9,0,0,0,0,0,0,0,17,0
processed,176,36,1,0,0,0,0,0,0,2,3,0
processed,208,36,5,0,0,0,0,0,0,0,4,0
processed,294,66,2,0,0,0,0,0,0,2,7,0
processed,761,143,3,3,0,0,0,0,0,2,17,0
processed,45,7,1,0,0,0,0,0,0,0,0,0
processed,480,94,6,0,0,0,0,0,0,0,11,0
processed,594,123,11,0,0,0,0,0,0,1,7,1
processed,778,166,5,0,0,0,0,0,0,2,21,0
processed,832,181,11,1,0,0,0,0,0,3,15,1
processed,365,83,6,0,0,0,0,0,0,3,6,0
processed,236,47,5,0,0,0,0,0,0,1,2,0
processed,637,133,11,0,0,0,0,0,0,0,14,0
processed,1376,299,18,5,0,0,0,0,0,0,30,0
processed,1458,299,10,2,0,0,0,0,0,4,15,0
processed,268,58,5,0,0,0,0,0,0,1,7,0
processed,229,46,2,0,0,0,0,0,0,0,5,0
processed,1188,224,11,0,0,0,0,0,0,2,21,1
processed,290,59,5,0,0,0,0,0,0,0,3,0
processed,454,82,4,0,0,0,0,0,0,0,11,0
processed,212,42,3,0,0,0,0,0,0,1,3,0
processed,669,143,6,0,0,0,0,0,0,0,13,0
processed,404,76,1,0,0,0,0,0,0,0,7,0
processed,749,148,14,0,0,0,0,0,0,0,14,3
processed,360,69,5,0,0,0,0,0,0,0,3,0
processed,813,159,5,0,0,0,0,0,0,1,11,0
processed,90,19,2,0,0,0,0,0,0,0,2,0
processed,569,125,2,0,0,0,0,0,0,0,21,0
processed,60,13,1,0,0,0,0,0,0,0,1,0
processed,91,21,6,0,0,0,0,0,0,0,3,0
processed,297,63,4,0,0,0,0,0,0,0,6,0
processed,777,156,14,0,0,0,0,0,0,2,10,1
processed,203,39,4,0,0,0,0,0,0,0,3,0
processed,177,36,2,0,0,0,0,0,0,0,4,0
processed,483,85,5,0,0,0,0,0,0,0,2,0
processed,262,57,3,0,0,0,0,0,0,1,2,0
processed,195,37,3,0,0,0,0,0,0,0,3,0
processed,518,104,1,0,0,0,0,0,0,2,12,0
processed,66,14,1,0,0,0,0,0,0,0,3,0
processed,514,102,8,0,0,0,0,0,0,0,6,0
processed,132,26,3,0,0,0,0,0,0,2,2,0
processed,50,9,1,0,0,0,0,0,0,0,1,0
processed,75,12,1,0,0,0,0,0,0,1,4,0
processed,527,94,3,0,0,0,0,0,0,1,3,0
processed,80,12,1,0,0,0,0,0,0,0,2,0
processed,10,3,1,1,0,0,0,0,0,0,1,0
processed,221,43,4,0,0,0,0,0,0,0,5,0
processed,90,13,3,0,0,0,0,0,0,0,0,0
processed,190,33,1,0,0,0,0,0,0,0,4,0
processed,330,58,3,0,0,0,0,0,0,0,1,0
processed,123,21,2,0,0,0,0,0,0,0,0,0
processed,84,18,3,0,0,0,0,0,0,0,1,0
processed,604,125,2,0,0,0,0,0,0,2,7,0
processed,194,47,4,0,0,0,0,0,0,0,3,0
processed,665,138,23,0,0,0,0,0,0,0,5,0
processed,219,45,3,0,0,0,0,0,0,0,3,0
processed,395,74,4,0,0,0,0,0,0,1,4,0
processed,385,91,8,0,0,0,0,0,0,0,6,0
processed,328,60,2,0,0,0,0,0,0,0,6,0
processed,336,70,4,0,0,0,0,0,0,0,8,0
processed,470,97,9,0,0,0,0,0,0,2,7,0
processed,100,11,1,0,0,0,0,0,0,0,1,0
processed,530,98,8,0,0,0,0,0,0,0,6,0
processed,485,91,4,0,0,0,0,0,0,2,3,0
processed,114,22,2,0,0,0,0,0,0,0,1,0
processed,371,77,5,0,0,0,0,0,0,1,6,0
processed,236,51,4,0,0,0,0,0,0,0,6,0
processed,513,108,11,0,0,0,0,0,0,2,9,0
processed,74,17,3,0,0,0,0,0,0,0,1,0
processed,79,15,1,0,0,0,0,0,0,0,0,0
processed,284,57,3,0,0,0,0,0,0,0,10,0
processed,202,43,3,0,0,0,0,0,0,0,8,0
processed,107,18,1,0,0,0,0,0,0,0,2,0
processed,560,118,9,0,0,0,0,0,0,1,12,0
processed,91,17,2,0,0,0,0,0,0,0,2,0
processed,111,21,1,0,0,0,0,0,0,0,4,0
processed,360,67,2,0,0,0,0,0,0,0,5,0
processed,866,168,11,0,0,0,0,0,0,2,11,0
processed,111,21,3,0,0,0,0,0,0,0,11,0
processed,45,10,1,0,0,0,0,0,0,0,1,0
processed,86,18,1,0,0,0,0,0,0,0,1,0
processed,333,72,3,0,0,0,0,0,0,0,1,0
processed,71,10,1,0,0,0,0,0,0,0,0,0
processed,154,28,2,0,0,0,0,0,0,0,2,0
processed,282,54,2,0,0,0,0,0,0,1,5,0
processed,335,62,5,0,0,0,0,0,0,0,4,0
processed,236,48,3,0,0,0,0,0,0,0,6,0
processed,338,74,5,0,0,0,0,0,0,2,9,0
processed,209,41,6,0,0,0,0,0,0,1,5,0
processed,335,71,6,0,0,0,0,0,0,0,7,0
processed,394,72,7,0,0,0,0,0,0,0,3,0
processed,1870,372,20,9,0,0,0,0,0,4,30,0
processed,446,98,14,0,0,0,0,0,0,1,15,0
processed,966,172,7,0,0,0,0,0,0,1,14,0
processed,685,126,4,0,0,0,0,0,0,2,14,0
processed,372,76,4,0,0,0,0,0,0,2,3,0
processed,244,53,3,0,0,0,0,0,0,0,5,0
processed,97,18,1,0,0,0,0,0,0,0,1,0
processed,166,33,3,0,0,0,0,0,0,0,2,0
processed,962,194,6,0,0,0,0,0,0,2,23,0
processed,208,45,2,0,0,0,0,0,0,3,6,0
processed,140,24,2,0,0,0,0,0,0,0,2,0
processed,308,55,4,0,0,0,0,0,0,0,3,0
processed,286,64,3,0,0,0,0,0,0,0,6,0
processed,491,97,5,0,0,0,0,0,0,0,5,0
processed,704,149,7,0,0,0,0,0,0,1,7,0
processed,94,19,1,0,0,0,0,0,0,0,1,0
processed,69,14,2,0,0,0,0,0,0,0,1,0
processed,317,66,4,0,0,0,0,0,0,0,7,0
processed,85,13,2,0,0,0,0,0,0,0,1,0
processed,564,107,7,0,0,0,0,0,0,1,4,0
processed,79,16,2,0,0,0,0,0,0,0,2,0
processed,396,81,3,0,0,0,0,0,0,1,3,0
processed,100,21,4,0,0,0,0,0,0,0,2,0
processed,71,9,1,0,0,0,0,0,0,0,1,0
processed,540,112,9,0,0,0,0,0,0,0,16,0
processed,82,17,1,0,0,0,0,0,0,0,2,0
processed,60,14,1,0,0,0,0,0,0,0,1,0
processed,0,0,0,0,0,0,0,0,0,0,0,0
processed,229,47,5,0,0,0,0,0,0,0,5,0
processed,167,40,5,0,0,0,0,0,0,1,3,0
processed,225,42,3,0,0,0,0,0,0,0,2,0
processed,55,11,1,0,0,0,0,0,0,0,3,0
processed,370,79,4,0,0,0,0,0,0,0,3,0
processed,138,31,3,0,0,0,0,0,0,0,2,0
processed,388,86,3,0,0,0,0,0,0,1,12,0
processed,72,15,1,0,0,0,0,0,0,1,1,0
processed,426,93,1,0,0,0,0,0,0,2,11,0
processed,567,111,7,0,0,0,0,0,0,2,4,0
processed,221,47,5,0,0,0,0,0,0,1,3,0
processed,844,172,10,0,0,0,0,0,0,1,19,1
processed,616,123,8,0,0,0,0,0,0,2,9,0
processed,64,10,1,0,0,0,0,0,0,0,2,0
processed,61,12,2,0,0,0,0,0,0,0,1,0
processed,901,176,8,0,0,0,0,0,0,0,10,0
processed,704,146,12,0,0,0,0,0,2,2,9,0
processed,111,19,1,0,0,0,0,0,0,0,1,0
processed,153,33,1,0,0,0,0,0,0,0,1,0
processed,540,106,11,0,0,0,0,0,0,0,4,0
processed,646,132,4,0,0,0,0,0,0,2,9,0
processed,648,124,8,0,0,0,0,0,0,0,8,0
processed,217,50,4,0,0,0,0,0,0,1,6,0
processed,212,35,3,0,0,0,0,0,0,0,3,0
processed,709,130,1,0,0,0,0,0,0,1,10,0
processed,734,139,14,0,0,0,0,0,0,0,13,0
processed,702,138,11,0,0,0,0,0,0,0,14,0
processed,188,29,1,0,0,0,0,0,0,0,0,0
processed,508,102,6,0,0,0,0,0,0,1,8,0
processed,142,27,3,0,0,0,0,0,0,0,3,0
processed,350,72,4,0,0,0,0,0,0,0,9,0
processed,248,46,1,0,0,0,0,0,0,1,1,0
processed,93,21,2,0,0,0,0,0,0,0,1,0
processed,651,131,7,0,0,0,0,0,0,0,10,0
processed,2118,427,31,6,0,0,0,0,0,5,35,0
processed,320,63,6,0,0,0,0,0,0,1,7,0
processed,222,39,5,0,0,0,0,0,0,0,4,0
processed,149,30,2,0,0,0,0,0,0,0,0,0
processed,271,56,4,0,0,0,0,0,0,0,4,0
processed,100,19,3,0,0,0,0,0,0,0,0,0
processed,453,86,13,0,0,0,0,0,0,1,4,0
processed,570,116,12,0,0,0,0,0,0,1,8,0
processed,151,31,3,1,0,0,0,0,0,0,0,0
processed,523,103,6,1,0,0,0,0,0,0,14,0
processed,637,141,15,0,0,0,0,0,0,2,9,0
processed,229,49,1,0,0,0,0,0,0,0,3,0
processed,213,41,3,0,0,0,0,0,0,1,5,0
processed,353,70,5,0,0,0,0,0,0,1,8,0
processed,366,75,5,0,0,0,0,0,0,1,2,0
processed,408,80,3,0,0,0,0,0,0,0,6,0
processed,12,4,1,0,0,0,0,0,0,0,0,0
processed,202,40,2,0,0,0,0,0,0,0,5,0
processed,495,112,6,0,0,0,0,0,0,0,7,0
processed,444,95,9,0,0,0,0,0,0,0,5,0
processed,245,50,2,0,0,0,0,0,0,0,3,0
processed,35,9,1,0,0,0,0,0,0,0,3,0
processed,336,63,4,0,0,0,0,0,0,0,4,0
processed,1091,223,11,0,0,0,0,0,0,0,22,1
processed,583,118,5,1,0,0,0,0,0,1,6,1
processed,267,57,4,0,0,0,0,0,0,2,2,0
processed,39,9,1,0,0,0,0,0,0,0,1,0
processed,742,138,8,0,0,0,0,0,0,0,18,0
processed,221,45,5,0,0,0,0,0,0,0,10,0
processed,32,6,1,0,0,0,0,0,0,0,2,0
processed,780,146,13,0,0,0,0,0,0,0,12,0
processed,598,119,8,0,0,0,0,0,0,0,13,0
processed,514,101,5,0,0,0,0,0,0,0,4,0
processed,96,20,1,0,0,0,0,0,0,0,1,0
processed,342,66,1,0,0,0,0,0,0,0,15,0
processed,2054,418,23,0,0,0,0,0,0,5,40,1
processed,217,50,5,0,0,0,0,0,0,0,24,0
processed,143,34,4,0,0,0,0,0,0,1,2,0
processed,324,55,4,0,0,0,0,0,0,2,4,0
processed,112,21,4,0,0,0,0,0,0,0,3,0
processed,706,138,5,0,0,0,0,0,0,2,15,0
processed,474,102,6,0,0,0,0,0,0,0,10,0
processed,119,24,1,0,0,0,0,0,0,0,2,0
processed,978,218,18,4,0,0,0,0,0,2,13,0
processed,301,64,2,0,0,0,0,0,0,2,8,0
processed,125,23,2,0,0,0,0,0,0,0,2,1
processed,165,28,3,0,0,0,0,0,0,0,3,0
processed,479,100,8,0,0,0,0,0,0,1,5,0
processed,51,13,2,0,0,0,0,0,0,1,1,1
processed,49,6,1,0,0,0,0,0,0,0,0,0
processed,394,89,9,0,0,0,0,0,0,1,9,0
processed,82,16,2,0,0,0,0,0,0,0,2,0
processed,471,94,8,0,0,0,0,0,0,0,6,0
processed,214,51,9,0,0,0,0,0,0,0,1,0
processed,481,96,10,0,0,0,0,0,0,0,9,0
processed,98,19,2,0,0,0,0,0,0,0,1,0
processed,1417,288,5,0,0,0,0,0,0,6,16,0
processed,792,160,9,0,0,0,0,0,0,0,14,0
processed,180,33,2,0,0,0,0,0,0,0,2,0
processed,31,8,1,0,0,0,0,0,0,0,3,0
processed,559,106,7,0,0,0,0,0,0,1,5,0
processed,463,100,1,0,0,0,0,0,0,1,10,0
processed,194,39,3,0,0,0,0,0,0,1,3,0
processed,692,144,7,0,0,0,0,0,0,1,17,0
processed,145,31,3,0,0,0,0,0,0,0,4,0
processed,636,119,5,0,0,0,0,0,0,0,10,0
processed,251,46,3,0,0,0,0,0,0,0,6,0
processed,306,58,4,0,0,0,0,0,0,0,6,0
processed,48,12,1,0,0,0,0,0,0,0,3,0
processed,489,101,9,0,0,0,0,0,0,0,12,0
processed,806,177,13,0,0,0,0,0,0,4,18,0
processed,267,58,6,0,0,0,0,0,0,1,4,0
processed,244,48,2,0,0,0,0,0,0,0,4,0
processed,405,78,3,0,0,0,0,0,0,2,2,0
processed,256,38,2,0,0,0,0,0,0,0,0,0
processed,401,87,4,0,0,0,0,0,0,2,6,0
processed,1130,239,7,0,0,0,0,0,0,0,22,0
processed,66,9,1,0,0,0,0,0,0,0,1,0
processed,148,36,2,0,0,0,0,0,0,1,2,0
processed,1138,247,19,0,0,0,0,0,0,5,10,0
processed,697,140,6,0,0,0,0,0,0,1,11,0
processed,434,80,4,0,0,0,0,0,0,0,5,0
processed,175,35,3,0,0,0,0,0,0,1,2,0
processed,395,83,1,0,0,0,0,0,0,3,13,0
processed,59,10,1,0,0,0,0,0,0,0,0,0
processed,413,95,7,0,0,0,0,0,0,2,13,0
processed,848,163,14,0,0,0,0,0,0,4,12,2
processed,452,95,7,0,0,0,0,0,0,0,5,0
processed,150,31,3,0,0,0,0,0,0,1,2,0
processed,279,56,4,0,0,0,0,0,0,0,3,0
processed,56,10,3,0,0,0,0,0,0,0,2,0
processed,148,26,2,0,0,0,0,0,0,0,2,0
processed,329,59,4,0,0,0,0,0,0,0,2,0
processed,19,5,1,0,0,0,0,0,0,0,0,0
processed,320,69,1,0,0,0,0,0,0,1,4,0
processed,393,77,4,0,0,0,0,0,0,1,4,0
processed,80,17,2,0,0,0,0,0,0,0,3,0
processed,225,45,3,0,0,0,0,0,0,0,3,0
processed,12,4,1,0,0,0,0,0,0,0,0,0
processed,93,17,1,0,0,0,0,0,0,0,0,0
processed,118,24,2,0,0,0,0,0,0,0,1,1
processed,646,138,4,0,0,0,0,0,0,2,5,0
processed,366,75,5,0,0,0,0,0,0,1,10,0
processed,146,20,1,0,0,0,0,0,0,0,1,0
processed,395,79,7,0,0,0,0,0,0,0,7,0
processed,1182,231,18,0,0,0,0,0,0,3,13,0
processed,245,52,3,0,0,0,0,0,0,1,4,0
processed,1367,229,9,0,0,0,0,0,0,1,25,0
processed,92,16,3,0,0,0,0,0,0,0,0,0
processed,137,20,3,0,0,0,0,0,0,0,0,0
processed,613,129,7,0,0,0,0,0,0,2,15,0
processed,752,160,15,0,0,0,0,0,0,0,17,0
processed,1203,245,15,0,0,0,0,0,0,1,10,0
processed,206,36,6,0,0,0,0,0,0,0,4,0
processed,580,112,9,0,0,0,0,0,0,1,5,0
processed,56,9,2,0,0,0,0,0,0,0,2,0
processed,3097,607,21,1,0,0,0,0,0,6,61,2
processed,397,78,6,0,0,0,0,0,0,0,9,0
processed,26,4,1,0,0,0,0,0,0,0,0,0
processed,487,107,5,0,0,0,0,0,0,0,5,0
processed,193,38,3,0,0,0,0,0,0,0,0,0
processed,701,146,11,0,0,0,0,0,0,1,10,0
processed,586,101,7,0,0,0,0,0,0,0,6,0
processed,61,9,1,0,0,0,0,0,0,0,2,0
processed,140,30,2,0,0,0,0,0,0,0,3,0
processed,162,42,6,0,0,0,0,0,0,0,1,0
processed,314,54,1,0,0,0,0,0,0,1,3,0
processed,502,107,12,0,0,0,0,0,0,2,3,0
processed,114,19,1,0,0,0,0,0,0,0,2,0
processed,468,94,12,0,0,0,0,0,0,0,6,0
processed,141,27,5,0,0,0,0,0,0,1,0,0
processed,464,108,5,0,0,0,0,0,0,1,11,0
processed,475,97,7,0,0,0,0,0,0,1,5,0
processed,724,148,4,0,0,0,0,0,0,1,15,0
processed,1964,397,14,0,0,0,0,0,0,3,27,0
processed,181,37,1,1,0,0,0,0,0,0,3,0
processed,921,190,20,0,0,0,0,0,1,0,10,0
processed,447,96,5,0,0,0,0,0,0,6,6,0
processed,312,58,5,0,0,0,0,0,0,0,5,0
processed,256,52,3,0,0,0,0,0,0,1,1,0
processed,930,208,12,0,0,0,0,0,0,0,18,0
processed,408,85,8,0,0,0,0,0,0,4,8,0
processed,194,34,5,0,0,0,0,0,1,0,6,0
processed,648,139,6,0,0,0,0,0,0,1,6,1
processed,521,112,9,0,0,0,0,0,0,1,5,0
processed,89,18,1,3,0,0,0,0,0,0,1,0
processed,204,40,4,0,0,0,0,0,0,0,4,0
processed,685,134,8,0,0,0,0,0,0,0,8,0
processed,332,73,25,0,0,0,0,0,0,2,5,0
processed,116,21,1,0,0,0,0,0,0,1,1,0
processed,452,92,8,0,0,0,0,0,0,2,10,0
processed,148,29,2,0,0,0,0,0,0,1,2,0
processed,106,24,2,0,0,0,0,0,0,1,6,0
processed,84,12,1,0,0,0,0,0,0,0,1,0
processed,126,24,2,0,0,0,0,0,0,0,1,0
processed,110,18,1,0,0,0,0,0,0,0,1,0
processed,284,39,5,0,0,0,0,0,0,0,3,0
processed,827,179,8,0,0,0,0,0,0,1,16,0
processed,60,11,2,0,0,0,0,0,0,0,7,0
processed,627,124,11,0,0,0,0,0,0,0,11,0
processed,588,117,7,0,0,0,0,0,0,4,3,0
processed,140,34,3,0,0,0,0,0,0,2,0,0
processed,273,53,3,0,0,0,0,0,0,0,0,0
processed,243,59,3,0,0,0,0,0,0,1,5,0
processed,82,17,1,0,0,0,0,0,0,0,1,0
processed,852,191,10,0,0,0,0,0,0,0,16,1
processed,1013,192,15,0,0,0,0,0,0,1,8,0
processed,555,120,3,0,0,0,0,0,0,0,8,0
processed,340,60,2,0,0,0,0,0,0,0,7,0
processed,766,137,6,0,0,0,0,0,0,0,10,0
processed,276,57,4,0,0,0,0,0,0,0,5,0
processed,636,127,12,0,0,0,0,0,0,1,11,0
processed,83,19,2,0,0,0,0,0,0,0,1,0
processed,1656,312,17,0,0,0,0,0,0,1,26,1
processed,182,38,4,0,0,0,0,0,0,0,3,0
processed,40,11,1,0,0,0,0,0,0,0,2,0
processed,196,36,4,0,0,0,0,0,0,0,2,0
processed,697,142,13,0,0,0,0,0,0,4,8,2
processed,762,168,3,0,0,0,0,0,0,0,8,0
processed,420,92,7,0,0,0,0,0,0,1,5,0
processed,973,205,11,0,0,0,0,0,0,4,16,0
processed,129,24,3,0,0,0,0,0,0,1,1,0
processed,87,18,2,0,0,0,0,0,0,0,1,0
processed,141,25,2,0,0,0,0,0,0,1,4,0
processed,119,25,1,0,0,0,0,0,0,1,1,0
processed,242,41,5,0,0,0,0,0,0,0,0,0
processed,124,26,5,0,0,0,0,0,0,0,1,0
processed,59,12,2,0,0,0,0,0,0,0,1,0
processed,142,29,2,0,0,0,0,0,0,0,4,0
processed,148,31,3,0,0,0,0,0,0,0,5,0
processed,181,41,5,0,0,0,0,0,0,1,6,0
processed,402,87,6,0,0,0,0,0,0,1,4,0
processed,1623,313,11,0,0,0,0,0,0,0,22,0
processed,511,103,8,0,0,0,0,0,0,4,16,0
processed,274,57,17,0,0,0,0,0,0,0,7,0
processed,159,21,1,0,0,0,0,0,0,0,5,0
processed,384,86,6,0,0,0,0,0,0,0,9,0
processed,512,109,1,0,0,0,0,0,0,0,12,0
processed,460,91,1,0,0,0,0,0,0,0,10,0
processed,195,38,6,0,0,0,0,0,0,0,3,0
processed,597,119,2,1,0,0,0,0,0,0,9,0
processed,235,49,3,0,0,0,0,0,0,1,7,0
processed,132,23,3,0,0,0,0,0,0,0,3,0
processed,561,116,9,0,0,0,0,0,0,0,11,0
processed,975,204,8,0,0,0,0,0,0,2,18,0
processed,39,9,1,0,0,0,0,0,0,0,2,0
processed,249,45,5,0,0,0,0,0,0,0,3,0
processed,354,67,4,0,0,0,0,0,0,0,3,0
processed,93,20,1,0,0,0,0,0,0,0,1,0
processed,476,99,7,0,0,0,0,0,0,1,3,0
processed,86,20,2,0,0,0,0,0,0,0,1,0
processed,485,95,5,0,0,0,0,0,0,2,9,0
processed,336,62,4,0,0,0,0,0,0,0,8,0
processed,197,47,1,0,0,0,0,0,0,0,4,1
processed,84,15,1,0,0,0,0,0,0,0,3,0
processed,538,98,7,0,0,0,0,0,0,0,8,0
processed,633,132,10,0,0,0,0,0,0,0,9,0
processed,89,18,3,0,0,0,0,0,0,0,4,0
processed,167,34,3,0,0,0,0,0,0,0,5,0
processed,1087,213,8,0,0,0,0,0,0,3,16,0
processed,192,34,5,0,0,0,0,0,0,0,3,0
processed,290,61,3,0,0,0,0,0,0,0,10,0
processed,121,27,4,0,0,0,0,0,0,0,2,0
processed,24,5,1,0,0,0,0,0,0,0,0,0
processed,611,125,10,0,0,0,0,0,0,2,10,0
processed,491,95,8,0,0,0,0,0,0,2,8,0
processed,213,39,4,0,0,0,0,0,0,0,1,0
processed,432,87,4,0,0,0,0,0,0,0,11,0
processed,439,98,1,0,0,0,0,0,0,1,10,1
processed,49,12,2,0,0,0,0,0,0,0,0,0
processed,47,10,3,0,0,0,0,0,0,0,1,0
processed,269,52,4,0,0,0,0,0,0,0,4,0
processed,979,193,11,0,0,0,0,0,0,1,13,0
processed,1172,203,5,0,0,0,0,0,0,4,14,0
processed,154,30,2,0,0,0,0,0,0,0,3,0
processed,69,18,3,0,0,0,0,0,0,0,3,0
processed,188,34,2,0,0,0,0,0,0,0,3,0
processed,204,45,4,0,0,0,0,0,0,0,5,0
processed,170,37,2,0,0,0,0,0,0,1,2,0
processed,139,28,2,0,0,0,0,0,0,0,1,0
processed,119,25,3,0,0,0,0,0,0,0,4,0
processed,24,5,1,0,0,0,0,0,0,0,0,0
processed,126,26,1,0,0,0,0,0,0,0,0,0
processed,95,19,3,0,0,0,0,0,0,0,3,0
processed,569,119,17,0,0,0,0,0,0,2,11,0
processed,456,92,8,0,0,0,0,0,0,0,9,0
processed,302,58,4,0,0,0,0,0,0,2,4,0
processed,503,93,7,0,0,0,0,0,0,1,11,0
processed,87,13,1,0,0,0,0,0,0,0,2,0
processed,692,145,5,0,0,0,0,0,0,1,11,0
processed,686,141,10,0,0,0,0,0,0,3,11,0
processed,7,1,1,0,0,0,0,0,0,0,0,0
processed,607,118,8,0,0,0,0,0,0,0,6,1
processed,79,15,1,0,0,0,0,0,0,1,1,0
processed,550,113,15,0,0,0,0,0,0,1,7,0
processed,586,122,5,0,0,0,0,0,0,3,8,0
processed,556,108,7,0,0,0,0,0,0,1,9,0
processed,331,61,3,0,0,0,0,0,0,0,9,0
processed,42,9,1,0,0,0,0,0,0,0,1,0
processed,149,30,2,0,0,0,0,0,0,0,5,0
processed,87,23,1,0,0,0,0,0,0,0,2,0
processed,37,7,1,0,0,0,0,0,0,0,1,0
processed,458,91,8,0,0,0,0,0,0,1,8,2
processed,150,27,3,0,0,0,0,0,0,0,1,0
processed,533,111,7,0,0,0,0,0,0,3,6,0
processed,172,34,2,0,0,0,0,0,0,0,3,0
processed,1032,184,14,0,0,0,0,0,0,3,4,0
processed,280,57,4,0,0,0,0,0,0,1,2,0
processed,154,32,4,0,0,0,0,0,0,1,6,0
processed,299,69,5,0,0,0,0,0,0,1,3,0
processed,221,37,3,0,0,0,0,0,0,1,4,0
processed,316,62,5,0,0,0,0,0,0,0,3,0
processed,275,53,5,0,0,0,0,0,0,0,5,0
processed,752,151,12,0,0,0,0,0,0,1,13,0
processed,260,53,8,0,0,0,0,0,0,0,3,0
processed,171,30,3,0,0,0,0,0,0,0,2,0
processed,858,150,1,1,0,0,0,0,0,0,10,0
processed,472,99,6,0,0,0,0,0,0,0,4,0
processed,558,106,13,3,0,0,0,0,0,2,4,0
processed,475,103,4,1,0,0,0,0,0,0,7,0
processed,1973,404,26,0,0,0,0,0,0,2,36,0
processed,575,123,4,0,0,0,0,0,0,3,6,0
processed,224,51,5,0,0,0,0,0,0,2,6,0
processed,809,158,8,0,0,0,0,0,0,0,13,1
processed,283,64,8,0,0,0,0,0,0,1,8,0
processed,150,28,4,0,0,0,0,0,0,0,1,0
processed,189,36,1,0,0,0,0,0,0,0,3,0
processed,92,19,2,0,0,0,0,0,0,1,3,0
processed,343,73,7,0,0,0,0,0,0,0,8,0
processed,744,148,10,0,0,0,0,0,0,0,20,0
processed,78,14,2,0,0,0,0,0,0,0,1,0
processed,612,141,6,0,0,0,0,0,0,4,11,0
processed,194,37,2,0,0,0,0,0,0,0,2,0
processed,986,195,9,0,0,0,0,0,0,0,11,1
processed,270,58,5,0,0,0,0,0,0,0,3,0
processed,288,62,3,0,0,0,0,0,0,2,7,0
processed,580,123,10,0,0,0,0,0,0,0,11,0
processed,253,41,1,0,0,0,0,0,0,0,5,0
processed,497,88,6,0,0,0,0,0,0,1,6,0
processed,1098,219,10,0,0,0,0,0,0,3,20,0
processed,251,50,4,0,0,0,0,0,0,0,2,1
processed,113,26,1,0,0,0,0,0,0,0,1,0
processed,330,54,3,0,0,0,0,0,0,0,2,0
processed,169,32,4,0,0,0,0,0,0,0,1,0
processed,991,190,11,0,0,0,0,0,0,0,10,0
processed,173,41,5,0,0,0,0,0,0,0,5,0
processed,110,21,1,0,0,0,0,0,0,0,3,0
processed,59,12,1,0,0,0,0,0,0,0,2,0
processed,102,19,2,0,0,0,0,0,0,0,3,0
processed,126,22,2,0,0,0,0,0,0,0,1,0
processed,189,35,3,0,0,0,0,0,0,0,2,0
processed,200,47,5,0,0,0,0,0,0,1,4,0
processed,801,161,3,0,0,0,0,0,0,5,9,0
processed,97,19,3,0,0,0,0,0,0,1,1,0
processed,141,28,1,0,0,0,0,0,0,0,2,0
processed,747,144,5,0,0,0,0,0,0,1,9,0
processed,580,107,9,0,0,0,0,0,0,2,8,0
processed,217,46,3,0,0,0,0,0,0,0,7,0
processed,135,27,3,0,0,0,0,0,0,0,3,0
processed,126,29,2,0,0,0,0,0,0,0,6,0
processed,375,75,4,0,0,0,0,0,0,0,4,0
processed,664,134,9,0,0,0,0,0,0,1,4,0
processed,1018,219,14,0,0,0,0,0,0,3,11,0
processed,221,45,4,0,0,0,0,0,0,0,2,0
processed,134,28,3,0,0,0,0,0,0,0,2,0
processed,310,53,1,0,0,0,0,0,0,1,4,0
processed,28,5,1,0,0,0,0,0,0,0,1,0
processed,72,17,1,0,0,0,0,0,0,1,4,0
processed,606,114,11,1,0,0,0,0,0,3,5,0
processed,684,134,9,0,0,0,0,0,0,0,14,0
processed,267,52,4,0,0,0,0,0,0,0,2,0
processed,453,99,8,0,0,0,0,0,0,1,5,0
processed,552,106,11,0,0,0,0,0,0,2,4,1
processed,694,149,13,0,0,0,0,0,0,0,14,0
processed,155,30,1,0,0,0,0,0,0,1,1,2
processed,678,133,8,0,0,0,0,0,0,0,11,0
processed,144,27,1,1,0,0,0,0,0,0,0,1
processed,146,28,1,0,0,0,0,0,0,0,4,0
processed,186,44,3,0,0,0,0,0,0,1,3,0
processed,325,75,5,0,0,0,0,0,0,2,5,0
processed,1235,254,16,0,0,0,0,0,0,3,18,1
processed,450,90,4,0,0,0,0,0,0,2,7,0
processed,119,23,2,0,0,0,0,0,0,1,1,0
processed,158,32,3,0,0,0,0,0,0,1,2,1
processed,229,44,6,0,0,0,0,0,0,0,2,0
processed,79,14,1,0,0,0,0,0,0,0,1,0
processed,58,10,2,0,0,0,0,0,0,0,0,0
processed,805,169,23,0,0,0,0,0,0,1,8,0
processed,76,17,7,0,0,0,0,0,0,0,1,0
processed,430,76,7,0,0,0,0,0,0,0,4,0
processed,1814,361,15,0,0,0,0,0,0,0,25,1
processed,184,39,4,0,0,0,0,0,0,0,5,0
processed,204,35,1,0,0,0,0,0,0,1,8,0
processed,866,184,10,0,0,0,0,0,0,3,12,0
processed,28,9,1,0,0,0,0,0,0,0,0,0
processed,124,31,3,0,0,0,0,0,0,1,4,0
processed,215,39,3,0,0,0,0,0,0,0,2,0
processed,190,36,3,0,0,0,0,0,0,0,3,0
processed,243,48,5,0,0,0,0,0,0,1,5,0
processed,1811,368,22,5,0,0,0,0,0,6,24,0
processed,33,5,1,0,0,0,0,0,0,0,1,0
processed,296,64,1,0,0,0,0,0,0,0,5,0
processed,462,91,10,0,0,0,0,0,0,2,13,2
processed,1179,255,12,0,0,0,0,0,0,1,20,0
processed,1721,342,11,0,0,0,0,0,0,2,30,1
processed,403,82,5,0,0,0,0,0,0,0,6,0
processed,628,135,6,0,0,0,0,0,0,1,7,0
processed,297,70,1,0,0,0,0,0,0,2,7,0
processed,340,57,2,0,0,0,0,0,0,0,6,0
processed,1313,268,11,0,0,0,0,0,0,1,20,0
processed,449,100,6,0,0,0,0,0,0,2,4,0
processed,115,23,6,0,0,0,0,0,0,0,2,0
processed,544,99,7,0,0,0,0,0,0,1,10,0
processed,533,87,6,0,0,0,0,0,0,0,3,0
processed,173,38,2,0,0,0,0,0,0,1,2,0
processed,582,120,14,0,0,0,0,0,0,3,9,0
processed,872,185,9,0,0,0,0,0,0,0,12,0
processed,358,62,6,0,0,0,0,0,0,0,3,0
processed,655,142,4,0,0,0,0,0,0,2,9,0
processed,459,84,5,0,0,0,0,0,0,2,3,0
processed,150,26,3,3,0,0,0,0,0,0,2,0
processed,50,8,2,0,0,0,0,0,0,0,0,0
processed,738,167,11,0,0,0,0,0,0,5,10,0
processed,272,57,5,0,0,0,0,0,0,2,5,0
processed,210,43,1,0,0,0,0,0,0,0,6,0
processed,503,99,5,0,0,0,0,0,0,1,8,1
processed,81,18,2,0,0,0,0,0,0,0,3,0
processed,252,49,2,0,0,0,0,0,0,0,5,0
processed,205,42,3,3,0,0,0,0,0,0,1,0
processed,274,57,5,0,0,0,0,0,0,0,4,0
processed,121,26,2,0,0,0,0,0,0,0,1,0
processed,98,15,1,0,0,0,0,0,0,0,1,0
processed,1324,281,19,0,0,0,0,0,0,5,28,0
processed,1390,254,13,0,0,0,0,0,0,0,30,0
processed,150,26,1,0,0,0,0,0,0,0,4,0
processed,1354,268,16,0,0,0,0,0,0,2,18,0
processed,678,150,7,0,0,0,0,0,0,0,9,0
processed,156,31,2,0,0,0,0,0,0,0,3,0
processed,91,20,1,0,0,0,0,0,0,0,5,0
processed,482,86,2,0,0,0,0,0,0,0,7,0
processed,122,27,1,0,0,0,0,0,0,0,2,0
processed,183,35,3,0,0,0,0,0,0,0,0,0
processed,560,115,8,0,0,0,0,0,0,2,6,0
processed,88,17,1,0,0,0,0,0,0,0,1,0
processed,283,55,3,0,0,0,0,0,0,0,4,0
processed,366,69,7,0,0,0,0,0,0,0,6,1
processed,587,108,9,0,0,0,0,0,0,2,14,0
processed,971,182,13,0,0,0,0,0,0,2,6,0
processed,528,98,6,0,0,0,0,0,0,1,13,0
processed,105,16,2,0,0,0,0,0,0,0,3,0
processed,298,60,2,0,0,0,0,0,0,0,2,0
processed,290,64,2,0,0,0,0,0,0,0,4,0
processed,302,59,5,0,0,0,0,0,0,2,4,1
processed,617,124,11,0,0,0,0,0,0,3,13,0
processed,929,174,7,0,0,0,0,0,0,1,12,0
processed,235,54,4,0,0,0,0,0,0,1,5,0
processed,102,17,3,0,0,0,0,0,0,1,1,0
processed,430,89,7,0,0,0,0,0,0,1,4,0
processed,161,32,5,0,0,0,0,0,0,0,2,0
processed,535,105,2,0,0,0,0,0,0,2,6,0
processed,771,169,3,2,0,0,0,0,0,5,16,0
processed,588,103,6,0,0,0,0,0,0,2,7,1
processed,1871,353,19,8,0,0,0,0,0,0,37,0
processed,180,29,1,0,0,0,0,0,0,0,6,2
processed,460,102,4,0,0,0,0,0,0,3,6,0
processed,748,148,6,0,0,0,0,0,0,1,13,0
processed,170,34,2,0,0,0,0,0,0,0,2,0
processed,306,67,9,0,0,0,0,0,3,0,1,0
processed,193,37,5,0,0,0,0,0,0,0,1,0
processed,36,10,2,0,0,0,0,0,0,1,1,0
processed,182,32,2,0,0,0,0,0,0,0,4,0
processed,71,18,2,0,0,0,0,0,0,0,3,0
processed,562,116,8,0,0,0,0,0,0,0,6,0
processed,515,106,6,0,0,0,0,0,1,0,7,0
processed,458,89,6,3,0,0,0,0,0,0,9,0
processed,328,71,3,0,0,0,0,0,0,1,4,0
processed,459,85,4,0,0,0,0,0,0,0,8,0
processed,304,64,6,0,0,0,0,0,0,0,5,0
processed,526,91,1,2,0,0,0,0,0,0,12,0
processed,202,40,2,0,0,0,0,0,0,0,0,1
processed,174,38,3,0,0,0,0,0,0,1,3,0
processed,221,49,4,0,0,0,0,0,0,1,4,0
processed,284,51,3,0,0,0,0,0,0,1,2,1
processed,842,161,13,0,0,0,0,0,0,0,16,0
processed,293,50,1,0,0,0,0,0,0,1,6,2
processed,136,29,4,0,0,0,0,0,0,0,3,0
processed,283,47,3,0,0,0,0,0,0,0,4,0
processed,334,64,2,0,0,0,0,0,0,0,5,0
processed,48,12,1,0,0,0,0,0,0,0,0,0
processed,287,48,1,0,0,0,0,0,0,0,5,0
processed,192,34,5,0,0,0,0,0,0,1,2,0
processed,156,35,3,0,0,0,0,0,0,0,2,0
processed,667,144,8,0,0,0,0,0,0,1,14,0
processed,730,154,9,0,0,0,0,0,0,0,7,0
processed,226,46,2,0,0,0,0,0,0,0,6,0
processed,242,45,3,0,0,0,0,0,0,1,6,0
processed,160,31,2,0,0,0,0,0,0,0,4,0
processed,310,61,5,0,0,0,0,0,0,0,6,0
processed,142,26,4,0,0,0,0,0,1,0,1,0
processed,330,66,5,0,0,0,0,0,0,0,4,0
processed,517,106,8,0,0,0,0,0,0,1,8,0
processed,770,156,13,0,0,0,0,0,0,4,21,1
processed,443,87,4,0,0,0,0,0,0,1,11,0
processed,291,58,4,0,0,0,0,0,0,0,3,0
processed,594,118,6,0,0,0,0,0,0,1,13,0
processed,330,75,3,0,0,0,0,0,0,1,6,0
processed,659,121,6,0,0,0,0,0,2,0,9,0
processed,79,18,2,0,0,0,0,0,0,0,3,0
processed,422,81,6,0,0,0,0,0,0,0,11,0
processed,585,116,3,0,0,0,0,0,0,0,12,0
processed,49,8,1,0,0,0,0,0,0,0,1,0
processed,476,110,5,0,0,0,0,0,0,0,10,0
processed,2470,478,26,0,0,0,0,0,0,1,24,1
processed,325,64,6,0,0,0,0,0,0,0,2,0
processed,238,49,3,0,0,0,0,0,0,1,2,0
processed,120,22,2,0,0,0,0,0,0,0,3,0
processed,182,40,2,0,0,0,0,0,1,0,3,0
processed,583,123,11,0,0,0,0,0,0,4,4,0
processed,132,25,2,0,0,0,0,0,0,0,1,0
processed,222,43,6,0,0,0,0,0,0,0,2,0
processed,550,106,5,0,0,0,0,0,0,0,12,1
processed,430,81,7,1,0,0,0,0,0,0,8,0
processed,9,1,1,0,0,0,0,0,0,0,0,0
processed,512,100,6,0,0,0,0,0,0,1,6,0
processed,451,99,4,0,0,0,0,0,0,2,9,0
processed,277,60,4,0,0,0,0,0,0,1,7,0
processed,271,58,4,0,0,0,0,0,0,1,10,0
processed,381,66,1,0,0,0,0,0,0,0,4,0
processed,106,25,2,0,0,0,0,0,0,0,2,0
processed,190,35,5,0,0,0,0,0,0,1,2,0
processed,58,8,2,0,0,0,0,0,0,0,3,0
processed,583,129,9,0,0,0,0,0,0,2,16,0
processed,16,4,1,0,0,0,0,0,0,1,1,0
processed,17,4,1,0,0,0,0,0,0,0,0,0
processed,126,27,2,0,0,0,0,0,0,0,3,0
processed,1787,357,24,0,0,0,0,0,0,6,32,0
processed,124,27,1,0,0,0,0,0,0,0,3,0
processed,57,12,2,0,0,0,0,0,0,0,1,0
processed,181,33,1,0,0,0,0,0,0,1,2,0
processed,496,96,5,0,0,0,0,0,0,2,8,0
processed,270,56,6,0,0,0,0,0,0,0,4,0
processed,235,44,2,0,0,0,0,0,0,3,3,0
processed,213,39,2,0,0,0,0,0,0,0,7,0
processed,1827,386,34,0,0,0,0,0,0,1,25,0
processed,131,22,4,0,0,0,0,0,0,0,3,0
processed,461,100,9,0,0,0,0,0,0,1,4,0
processed,275,57,2,0,0,0,0,0,0,2,3,0
processed,513,98,16,0,0,0,0,0,0,0,6,0
processed,254,46,7,0,0,0,0,0,0,2,2,0
processed,334,65,3,0,0,0,0,0,0,0,6,0
processed,614,125,9,0,0,0,0,0,0,0,5,1
processed,263,50,3,0,0,0,0,0,0,0,4,0
processed,1047,215,13,0,0,0,0,0,0,2,18,0
processed,347,68,5,0,0,0,0,0,0,0,4,0
processed,121,26,3,0,0,0,0,0,0,0,4,0
processed,47,8,1,0,0,0,0,0,0,0,2,0
processed,825,171,12,0,0,0,0,0,0,0,14,0
processed,1016,195,10,0,0,0,0,0,0,0,10,0
processed,633,122,9,0,0,0,0,0,0,3,10,0
processed,250,56,3,0,0,0,0,0,0,0,6,0
processed,1388,252,10,0,0,0,0,0,0,0,25,0
processed,124,25,1,0,0,0,0,0,0,1,1,0
processed,1302,261,14,0,0,0,0,0,0,2,19,1
processed,488,89,7,0,0,0,0,0,0,0,7,0
processed,806,162,8,0,0,0,0,0,0,0,14,0
processed,954,186,17,0,0,0,0,0,0,5,21,0
processed,189,40,1,0,0,0,0,0,0,3,3,0
processed,1448,299,14,0,0,0,0,0,0,2,11,0
processed,133,29,1,0,0,0,0,0,0,0,2,0
processed,101,16,2,0,0,0,0,0,0,0,0,0
processed,363,79,2,0,0,0,0,0,0,3,3,0
processed,380,78,2,0,0,0,0,0,0,4,9,0
processed,824,161,12,0,0,0,0,0,0,0,13,0
processed,314,64,12,0,0,0,0,0,0,1,4,0
processed,315,63,7,0,0,0,0,0,0,1,4,0
processed,249,53,4,0,0,0,0,0,0,0,7,0
processed,325,66,4,3,0,0,0,0,0,0,5,0
processed,305,62,3,0,0,0,0,0,0,0,6,0
processed,206,33,2,0,0,0,0,0,0,0,2,0
processed,484,102,4,0,0,0,0,0,0,3,6,0
processed,73,12,3,0,0,0,0,0,0,0,1,0
processed,1049,208,8,0,0,0,0,0,0,2,13,0
processed,898,167,12,0,0,0,0,0,0,2,19,0
processed,381,76,4,0,0,0,0,0,0,1,5,0
processed,672,132,4,0,0,0,0,0,0,0,14,0
processed,301,63,4,0,0,0,0,0,0,0,4,0
processed,251,56,6,0,0,0,0,0,0,1,4,0
processed,460,97,6,0,0,0,0,0,0,0,5,0
processed,409,89,7,0,0,0,0,0,0,1,6,0
processed,117,24,3,0,0,0,0,0,0,0,5,0
processed,88,19,2,0,0,0,0,0,0,1,1,0
processed,123,22,1,0,0,0,0,0,0,0,1,0
processed,309,60,6,0,0,0,0,0,0,1,4,0
processed,482,104,7,0,0,0,0,0,0,1,10,0
processed,276,54,4,0,0,0,0,0,0,0,5,0
processed,95,16,2,0,0,0,0,0,0,0,1,0
processed,204,38,2,0,0,0,0,0,0,0,9,0
processed,54,14,3,0,0,0,0,0,0,0,4,0
processed,164,32,1,0,0,0,0,0,0,0,0,0
processed,107,24,1,0,0,0,0,0,0,0,3,1
processed,1989,388,13,2,0,0,0,0,0,7,23,0
processed,612,124,8,0,0,0,0,0,0,1,10,0
processed,649,135,7,0,0,0,0,0,0,0,11,0
processed,218,46,7,0,0,0,0,0,0,2,8,0
processed,637,131,11,0,0,0,0,0,0,1,8,0
processed,254,54,2,0,0,0,0,0,0,0,10,0
processed,740,141,6,0,0,0,0,0,0,1,9,0
processed,492,99,9,0,0,0,0,0,0,0,13,1
processed,315,58,5,0,0,0,0,0,0,0,1,0
processed,75,9,1,0,0,0,0,0,0,0,2,0
processed,63,18,1,0,0,0,0,0,0,0,2,0
processed,115,23,1,0,0,0,0,0,0,0,5,0
processed,426,92,6,0,0,0,0,0,0,0,4,0
processed,145,31,1,0,0,0,0,0,0,0,5,0
processed,634,119,7,0,0,0,0,0,0,0,7,0
processed,438,93,4,0,0,0,0,0,0,2,5,0
processed,182,34,1,0,0,0,0,0,0,0,6,0
processed,200,43,3,0,0,0,0,0,0,0,4,0
processed,172,35,3,0,0,0,0,0,0,0,4,0
processed,146,29,4,0,0,0,0,0,0,0,2,0
processed,586,118,8,0,0,0,0,0,0,1,3,0
processed,198,41,4,0,0,0,0,0,0,0,7,0
processed,323,67,4,0,0,0,0,0,0,0,9,0
processed,192,38,3,0,0,0,0,0,0,1,5,0
processed,1358,289,12,0,0,0,0,0,0,3,32,0
processed,296,54,6,0,0,0,0,0,0,1,4,0
processed,280,53,4,0,0,0,0,0,0,0,3,0
processed,409,83,7,0,0,0,0,0,0,2,10,0
processed,110,23,4,0,0,0,0,0,0,0,1,0
processed,500,94,6,0,0,0,0,0,0,1,5,0
processed,305,59,2,0,0,0,0,0,0,1,7,0
processed,713,145,17,0,0,0,0,0,0,0,12,0
processed,71,14,1,0,0,0,0,0,0,0,9,0
processed,395,81,5,0,0,0,0,0,0,0,10,0
processed,215,48,2,0,0,0,0,0,0,2,2,0
processed,70,14,1,0,0,0,0,0,0,0,2,0
processed,2021,392,13,3,0,0,0,0,0,2,29,0
processed,459,99,7,0,0,0,0,0,0,1,4,0
processed,353,72,4,0,0,0,0,0,0,0,5,0
processed,437,87,5,0,0,0,0,0,0,1,5,0
processed,1095,205,1,0,0,0,0,0,0,0,21,0
processed,142,29,1,0,0,0,0,0,0,1,2,0
processed,235,49,3,0,0,0,0,0,0,0,9,0
processed,455,89,10,0,0,0,0,0,0,0,7,0
processed,66,15,2,0,0,0,0,0,0,0,1,0
processed,243,56,14,0,0,0,0,0,0,0,4,0
processed,413,84,5,0,0,0,0,0,0,0,8,0
processed,58,10,1,0,0,0,0,0,0,0,1,0
processed,584,111,8,0,0,0,0,0,0,0,4,0
processed,145,33,2,0,0,0,0,0,0,1,2,0
processed,23,5,1,0,0,0,0,0,0,0,1,0
processed,205,37,6,0,0,0,0,0,0,1,1,0
processed,127,22,4,0,0,0,0,0,0,0,0,0
processed,102,20,2,0,0,0,0,0,0,0,0,0
processed,1855,381,20,0,0,0,0,0,0,1,34,0
processed,386,82,6,0,0,0,0,0,0,2,4,0
processed,193,44,2,0,0,0,0,0,0,2,2,0
processed,258,59,2,0,0,0,0,0,0,1,7,0
processed,634,135,7,0,0,0,0,0,0,2,11,0
processed,492,99,1,0,0,0,0,0,0,1,11,1
processed,310,67,5,0,0,0,0,0,0,2,4,0
processed,628,134,5,0,0,0,0,0,0,3,10,0
processed,339,62,5,0,0,0,0,0,0,1,6,0
processed,118,24,3,0,0,0,0,0,0,0,2,0
processed,133,24,1,0,0,0,0,0,0,0,4,0
processed,1743,315,12,0,0,0,0,0,0,0,20,0
processed,504,88,5,0,0,0,0,0,0,0,7,0
processed,706,150,9,0,0,0,0,0,0,4,7,0
processed,543,111,7,0,0,0,0,0,0,2,11,1
processed,111,20,1,0,0,0,0,0,0,0,2,0
processed,447,90,5,0,0,0,0,0,0,0,7,0
processed,515,105,1,0,0,0,0,0,0,0,8,0
processed,174,39,3,0,0,0,0,0,0,2,3,0
processed,121,24,4,0,0,0,0,0,0,0,2,0
processed,333,74,5,0,0,0,0,0,0,0,8,0
processed,572,107,12,0,0,0,0,0,0,1,9,0
processed,601,125,4,0,0,0,0,0,0,2,12,1
processed,57,12,1,0,0,0,0,0,0,0,1,0
processed,533,107,8,0,0,0,0,0,0,0,6,0
processed,773,143,15,0,0,0,0,0,0,1,15,0
processed,539,111,2,0,0,0,0,0,0,2,8,0
processed,497,108,6,0,0,0,0,0,0,0,10,0
processed,531,116,12,0,0,0,0,0,0,1,6,0
processed,285,54,3,0,0,0,0,0,0,0,8,0
processed,48,10,1,0,0,0,0,0,0,0,1,0
processed,245,39,1,0,0,0,0,0,0,0,3,0
processed,71,9,1,0,0,0,0,0,0,0,1,0
processed,291,57,4,0,0,0,0,0,0,0,3,0
processed,850,181,18,0,0,0,0,0,0,0,17,0
processed,535,116,8,0,0,0,0,0,0,2,9,1
processed,90,21,1,0,0,0,0,0,0,2,1,0
processed,751,156,10,0,0,0,0,0,0,3,14,2
processed,45,8,1,0,0,0,0,0,0,0,0,0
processed,887,170,15,0,0,0,0,0,0,2,17,0
processed,914,207,14,0,0,0,0,0,0,4,22,0
processed,467,89,6,0,0,0,0,0,0,0,7,0
processed,153,36,3,0,0,0,0,0,0,1,1,0
processed,161,29,1,0,0,0,0,0,0,1,3,0
processed,150,30,2,0,0,0,0,0,0,0,2,0
processed,105,23,4,0,0,0,0,0,0,0,2,0
processed,298,57,3,0,0,0,0,0,0,0,2,0
processed,244,48,3,0,0,0,0,0,0,2,2,0
processed,151,28,2,0,0,0,0,0,0,0,1,0
processed,170,29,2,0,0,0,0,0,0,0,1,0
processed,163,29,2,1,0,0,0,0,0,0,1,0
processed,36,7,1,0,0,0,0,0,0,0,0,0
processed,371,80,4,0,0,0,0,0,0,0,8,0
processed,253,50,4,0,0,0,0,0,0,0,4,0
processed,636,134,8,0,0,0,0,0,0,2,7,0
processed,273,64,1,0,0,0,0,0,0,1,3,0
processed,432,86,7,0,0,0,0,0,0,4,10,1
processed,267,56,5,0,0,0,0,0,0,1,3,0
processed,775,152,9,0,0,0,0,0,0,5,16,0
processed,629,125,4,0,0,0,0,0,0,0,9,0
processed,514,102,10,0,0,0,0,0,0,0,8,0
processed,139,27,3,0,0,0,0,0,0,0,1,0
processed,137,26,1,0,0,0,0,0,0,0,2,0
processed,203,40,3,0,0,0,0,0,0,0,2,0
processed,201,38,2,0,0,0,0,0,0,0,1,0
processed,517,107,8,0,0,0,0,0,0,1,7,0
processed,127,20,1,0,0,0,0,0,0,0,5,0
processed,298,65,4,0,0,0,0,0,0,0,3,0
processed,476,86,7,0,0,0,0,0,0,0,6,0
processed,173,38,1,0,0,0,0,0,0,0,1,0
processed,542,118,8,0,0,0,0,0,0,0,7,0
processed,191,33,5,0,0,0,0,0,0,0,1,0
processed,94,17,2,0,0,0,0,0,0,0,0,0
processed,36,5,1,0,0,0,0,0,0,0,0,0
processed,86,22,3,0,0,0,0,0,0,0,2,0
processed,241,37,4,0,0,0,0,0,0,0,0,0
processed,249,52,6,0,0,0,0,0,0,0,5,0
processed,722,145,3,0,0,0,0,0,0,0,13,0
processed,649,124,3,1,0,0,0,0,0,1,8,0
processed,1628,303,19,0,0,0,0,0,0,2,23,0
processed,420,83,11,0,0,0,0,0,0,1,8,0
processed,348,77,5,0,0,0,0,0,0,0,5,0
processed,360,73,6,0,0,0,0,0,0,0,6,0
processed,1089,210,11,0,0,0,0,0,0,0,17,0
processed,337,60,5,0,0,0,0,0,0,0,38,0
processed,127,19,3,0,0,0,0,0,0,0,3,0
processed,224,43,4,0,0,0,0,0,0,0,5,0
processed,387,83,9,0,0,0,0,0,0,0,7,0
processed,3,1,1,0,0,0,0,0,0,0,0,0
processed,305,66,7,0,0,0,0,0,0,0,6,0
processed,404,93,6,0,0,0,0,0,0,3,6,0
processed,177,38,2,0,0,0,0,0,0,0,4,0
processed,141,27,4,0,0,0,0,0,0,0,1,0
processed,39,7,1,0,0,0,0,0,0,0,0,0
processed,359,62,4,0,0,0,0,0,0,0,3,0
processed,461,104,2,0,0,0,0,0,0,3,8,0
processed,114,14,1,0,0,0,0,0,0,0,0,0
processed,785,169,14,0,0,0,0,0,0,1,17,0
processed,125,28,4,0,0,0,0,0,0,0,1,0
processed,88,15,1,0,0,0,0,0,0,1,3,0
processed,145,27,4,0,0,0,0,0,0,1,7,0
processed,135,30,2,0,0,0,0,0,0,0,4,0
processed,183,29,4,0,0,0,0,0,0,0,5,0
processed,294,58,4,0,0,0,0,0,0,0,7,0
processed,36,9,1,0,0,0,0,0,0,0,2,0
processed,514,102,7,0,0,0,0,0,0,1,5,0
processed,692,153,11,0,0,0,0,0,0,2,17,0
processed,513,108,10,0,0,0,0,0,0,3,10,0
processed,571,110,15,0,0,0,0,0,0,2,16,0
processed,614,125,3,0,0,0,0,0,0,2,9,0
processed,269,58,1,0,0,0,0,0,0,0,5,0
processed,62,14,2,0,0,0,0,0,0,0,1,0
processed,1079,211,15,0,0,0,0,0,0,2,5,2
processed,30,6,1,0,0,0,0,0,0,0,1,0
processed,188,38,1,0,0,0,0,0,0,0,2,0
processed,733,139,17,0,0,0,0,0,0,0,4,0
processed,616,124,11,0,0,0,0,0,0,3,9,0
processed,472,92,1,0,0,0,0,0,0,1,8,0
processed,566,105,9,0,0,0,0,0,0,2,4,0
processed,143,32,1,0,0,0,0,0,0,1,4,0
processed,119,22,1,1,0,0,0,0,0,0,1,0
processed,427,21,1,0,0,0,0,0,0,0,0,0
processed,136,31,1,0,0,0,0,0,0,0,4,0
processed,297,56,6,0,0,0,0,0,0,0,3,0
processed,350,52,3,0,0,0,0,0,0,0,3,0
processed,307,62,7,0,0,0,0,0,0,2,2,0
processed,111,28,3,0,0,0,0,0,0,1,1,0
processed,12,4,1,0,0,0,0,0,0,0,1,0
processed,495,112,4,0,0,0,0,0,0,3,7,0
processed,626,144,9,0,0,0,0,0,0,1,7,0
processed,81,16,2,0,0,0,0,0,0,0,4,0
processed,130,23,2,0,0,0,0,0,0,0,3,0
processed,481,90,1,0,0,0,0,0,0,0,6,0
processed,428,80,12,0,0,0,0,0,0,0,8,0
processed,112,20,2,0,0,0,0,0,0,1,3,0
processed,614,123,5,0,0,0,0,0,0,1,14,0
processed,231,50,4,0,0,0,0,0,0,1,1,0
processed,51,14,1,0,0,0,0,0,0,0,2,0
processed,1501,307,12,0,0,0,0,0,0,6,25,2
processed,976,203,8,0,0,0,0,0,0,3,10,0
processed,372,81,5,0,0,0,0,0,0,2,6,0
processed,1027,209,12,0,0,0,0,0,0,2,9,0
processed,43,6,1,0,0,0,0,0,0,0,2,0
processed,182,38,1,0,0,0,0,0,0,0,3,0
processed,252,55,2,0,0,0,0,0,0,0,8,0
processed,206,46,3,0,0,0,0,0,0,1,1,0
processed,561,115,7,1,0,0,0,0,0,0,18,0
processed,622,131,6,0,0,0,0,0,0,0,15,0
processed,141,27,1,0,0,0,0,0,0,0,4,0
processed,339,65,4,0,0,0,0,0,0,1,3,0
processed,268,55,7,0,0,0,0,0,0,2,5,1
processed,771,157,8,0,0,0,0,0,0,3,8,0
processed,720,136,8,0,0,0,0,0,0,1,9,0
processed,155,32,4,0,0,0,0,0,0,0,1,0
processed,444,91,8,0,0,0,0,0,0,0,10,0
processed,1053,209,13,0,0,0,0,0,0,1,9,0
processed,306,69,3,0,0,0,0,0,0,2,5,0
processed,230,45,2,0,0,0,0,0,0,2,3,0
processed,27,7,1,0,0,0,0,0,0,0,1,0
processed,4,1,1,0,0,0,0,0,0,0,1,0
processed,67,17,1,0,0,0,0,0,0,0,1,0
processed,691,130,8,0,0,0,0,0,0,1,8,0
processed,73,14,1,0,0,0,0,0,0,1,1,0
processed,864,157,7,0,0,0,0,0,0,4,10,1
processed,240,59,7,0,0,0,0,0,0,1,6,0
processed,287,60,6,0,0,0,0,0,0,1,6,0
processed,184,37,3,0,0,0,0,0,0,1,5,0
processed,49,6,1,0,0,0,0,0,0,0,1,0
processed,782,147,8,0,0,0,0,0,0,0,11,3
processed,305,58,1,0,0,0,0,0,0,1,5,0
processed,267,47,3,0,0,0,0,0,0,0,3,0
processed,497,98,6,1,0,0,0,0,0,0,7,0
processed,833,167,16,0,0,0,0,0,0,3,20,0
processed,377,103,11,0,0,0,0,0,0,6,8,0
processed,432,92,5,0,0,0,0,0,0,1,7,0
processed,140,29,3,0,0,0,0,0,0,0,1,0
processed,390,85,4,0,0,0,0,0,0,0,3,0
processed,259,55,3,0,0,0,0,0,0,0,3,0
processed,160,32,5,0,0,0,0,0,0,0,3,0
processed,287,49,4,1,0,0,0,0,0,0,7,0
processed,279,60,6,0,0,0,0,0,0,0,2,0
processed,1240,260,11,1,0,0,0,0,0,2,21,0
processed,51,9,1,0,0,0,0,0,0,0,0,0
processed,12,3,1,0,0,0,0,0,0,1,2,0
processed,621,128,9,1,0,0,0,0,0,0,13,0
processed,680,143,9,0,0,0,0,0,0,3,9,1
processed,177,35,1,0,0,0,0,0,0,0,1,0
processed,364,71,6,0,0,0,0,0,0,0,7,0
processed,117,28,2,0,0,0,0,0,0,0,4,0
processed,437,72,5,0,0,0,0,0,0,0,4,0
processed,133,25,1,0,0,0,0,0,0,2,3,0
processed,58,11,2,0,0,0,0,0,0,0,3,0
processed,207,42,2,0,0,0,0,0,0,0,4,0
processed,423,98,8,3,0,0,0,0,0,2,9,0
processed,189,38,2,0,0,0,0,0,0,2,1,0
processed,134,29,2,0,0,0,0,0,0,1,4,0
processed,460,93,6,0,0,0,0,0,0,1,3,0
processed,289,55,3,0,0,0,0,0,0,1,5,0
processed,96,20,1,0,0,0,0,0,0,0,0,0
processed,837,147,12,0,0,0,0,0,0,2,15,0
processed,636,117,5,0,0,0,0,0,0,1,6,0
processed,445,93,2,0,0,0,0,0,0,4,10,0
processed,71,15,1,0,0,0,0,0,0,0,2,0
processed,429,87,5,0,0,0,0,0,0,0,8,0
processed,33,7,1,0,0,0,0,0,0,0,2,0
processed,1041,221,10,0,0,0,0,0,0,1,18,0
processed,481,99,4,1,0,0,0,0,0,1,7,0
processed,71,11,1,0,0,0,0,0,0,0,1,0
processed,276,56,2,1,0,0,0,0,0,1,2,0
processed,568,112,10,0,0,0,0,0,0,3,13,0
processed,277,52,5,0,0,0,0,0,0,0,4,0
processed,215,45,4,0,0,0,0,0,0,1,1,0
processed,208,41,1,0,0,0,0,0,0,0,5,0
processed,170,35,2,0,0,0,0,0,0,1,3,0
processed,173,38,1,0,0,0,0,0,0,0,7,0
processed,1830,338,14,4,0,0,0,0,0,5,28,0
processed,128,24,3,0,0,0,0,0,0,0,4,0
processed,841,168,6,0,0,0,0,0,0,4,15,0
processed,256,52,4,0,0,0,0,0,0,0,3,0
processed,468,89,11,0,0,0,0,0,0,0,8,0
processed,112,19,1,0,0,0,0,0,1,0,2,0
processed,162,33,9,0,0,0,0,0,0,0,1,0
processed,304,63,2,0,0,0,0,0,0,3,4,0
processed,237,46,3,0,0,0,0,0,0,1,2,0
processed,532,106,10,0,0,0,0,0,0,0,14,0
processed,468,84,4,0,0,0,0,0,0,2,7,0
processed,273,53,1,0,0,0,0,0,0,0,8,0
processed,738,140,2,2,0,0,0,0,0,1,12,0
processed,327,59,2,0,0,0,0,0,0,0,6,0
processed,200,28,1,0,0,0,0,0,0,0,1,0
processed,545,115,10,0,0,0,0,0,0,0,5,0
processed,659,122,5,0,0,0,0,0,0,3,9,0
processed,806,166,9,0,0,0,0,0,0,2,13,0
processed,1075,222,6,0,0,0,0,0,0,1,24,0
processed,485,97,9,0,0,0,0,0,0,0,8,1
processed,281,52,3,0,0,0,0,0,0,0,3,0
processed,685,129,3,0,0,0,0,0,0,1,6,0
processed,925,190,7,0,0,0,0,0,0,1,18,0
processed,816,142,10,0,0,0,0,0,0,2,7,0
processed,260,57,3,0,0,0,0,0,0,1,2,0
processed,1118,203,15,0,0,0,0,0,0,0,16,0
processed,1085,222,16,0,0,0,0,0,0,3,16,0
processed,613,116,9,0,0,0,0,0,0,0,14,0
processed,434,87,5,0,0,0,0,0,0,0,10,0
processed,190,37,4,0,0,0,0,0,0,0,4,0
processed,513,117,13,0,0,0,0,0,0,0,9,0
processed,678,131,16,0,0,0,0,0,0,1,4,0
processed,87,21,2,0,0,0,0,0,0,1,3,0
processed,94,21,1,0,0,0,0,0,0,1,0,0
processed,38,7,1,0,0,0,0,0,0,0,0,0
processed,224,41,1,0,0,0,0,0,0,0,3,0
processed,583,116,7,0,0,0,0,0,0,0,6,0
processed,378,68,3,0,0,0,0,0,0,0,1,0
processed,612,127,8,0,0,0,0,0,0,1,7,1
processed,119,26,1,0,0,0,0,0,0,0,4,0
processed,63,15,1,0,0,0,0,0,0,0,3,0
processed,153,33,1,0,0,0,0,0,0,0,6,0
processed,446,94,7,0,0,0,0,0,0,4,12,0
processed,681,134,6,0,0,0,0,0,0,0,19,0
processed,49,13,2,0,0,0,0,0,0,0,2,0
processed,992,201,9,0,0,0,0,0,0,2,17,0
processed,763,146,6,0,0,0,0,0,0,0,12,0
processed,62,12,1,0,0,0,0,0,0,0,3,0
processed,121,20,1,0,0,0,0,0,0,0,3,0
processed,461,98,5,0,0,0,0,0,0,0,7,1
processed,325,71,6,0,0,0,0,0,0,0,7,0
processed,267,38,7,1,0,0,0,0,0,0,4,0
processed,473,101,4,0,0,0,0,0,0,1,11,0
processed,333,67,7,0,0,0,0,0,0,1,4,0
processed,1031,176,10,1,0,0,0,0,0,0,16,0
processed,443,71,6,0,0,0,0,0,0,0,55,0
processed,921,174,9,0,0,0,0,0,0,1,8,0
processed,157,34,8,0,0,0,0,0,0,0,3,0
processed,530,117,6,0,0,0,0,0,0,3,12,0
processed,164,33,1,0,0,0,0,0,0,0,3,0
processed,250,50,6,0,0,0,0,0,0,0,3,0
processed,51,10,1,0,0,0,0,0,0,0,1,1
processed,1200,245,13,0,0,0,0,0,0,2,28,0
processed,125,25,4,0,0,0,0,0,0,0,3,0
processed,444,83,7,0,0,0,0,0,0,1,4,0
processed,446,93,7,0,0,0,0,0,0,1,2,1
processed,302,66,2,0,0,0,0,0,0,1,2,0
processed,117,27,3,0,0,0,0,0,0,0,1,1
processed,510,104,6,0,0,0,0,0,0,0,9,0
processed,225,39,5,0,0,0,0,0,0,1,6,0
processed,227,37,2,0,0,0,0,0,0,0,1,0
processed,363,68,7,0,0,0,0,0,0,0,8,0
processed,339,72,5,0,0,0,0,0,0,0,4,1
processed,383,77,7,0,0,0,0,0,0,2,5,0
processed,517,118,7,0,0,0,0,0,0,2,13,0
processed,330,59,5,0,0,0,0,0,0,0,3,0
processed,344,59,6,0,0,0,0,0,0,1,2,0
processed,584,111,6,0,0,0,0,0,0,0,12,0
processed,196,25,2,0,0,0,0,0,0,0,1,0
processed,122,25,2,0,0,0,0,0,0,1,3,0
processed,2470,482,26,3,0,0,0,0,0,4,35,0
processed,50,9,1,0,0,0,0,0,0,0,1,0
processed,665,137,3,0,0,0,0,0,0,0,8,0
processed,536,105,7,0,0,0,0,0,0,3,5,0
processed,390,85,3,0,0,0,0,0,0,3,3,0
processed,63,10,1,0,0,0,0,0,0,0,1,0
processed,88,17,3,0,0,0,0,0,0,0,2,0
processed,201,46,1,0,0,0,0,0,0,0,5,0
processed,224,48,3,0,0,0,0,0,0,1,4,0
processed,563,117,1,0,0,0,0,0,0,0,11,0
processed,461,90,8,0,0,0,0,0,1,1,9,1
processed,280,53,5,0,0,0,0,0,0,0,7,0
processed,496,100,7,0,0,0,0,0,0,2,3,0
processed,124,27,2,0,0,0,0,0,0,0,2,0
processed,171,38,6,0,0,0,0,0,0,1,2,0
processed,511,119,11,0,0,0,0,0,0,1,6,0
processed,551,119,4,0,0,0,0,0,0,2,9,0
processed,121,30,3,0,0,0,0,0,0,0,3,0
processed,322,60,2,0,0,0,0,0,0,1,5,1
processed,863,189,6,0,0,0,0,0,0,1,16,1
processed,86,15,1,0,0,0,0,0,0,0,3,0
processed,262,52,6,0,0,0,0,0,0,0,6,0
processed,294,62,6,0,0,0,0,0,0,0,5,0
processed,274,54,5,0,0,0,0,0,0,0,5,0
processed,361,73,5,0,0,0,0,0,0,0,6,0
processed,35,5,1,0,0,0,0,0,0,0,1,0
processed,88,17,1,0,0,0,0,0,0,0,2,0
processed,269,53,3,0,0,0,0,0,0,0,5,0
processed,134,28,1,0,0,0,0,0,0,1,1,1
processed,206,46,2,0,0,0,0,0,0,0,3,0
processed,536,111,6,0,0,0,0,0,0,1,15,0
processed,185,41,1,0,0,0,0,0,0,1,2,0
processed,90,15,1,0,0,0,0,0,0,0,2,0
processed,956,194,42,0,0,0,0,0,0,0,11,0
processed,478,108,8,0,0,0,0,0,0,1,6,0
processed,202,35,4,0,0,0,0,0,0,0,2,0
processed,140,28,2,0,0,0,0,0,0,0,2,0
processed,74,16,2,0,0,0,0,0,0,0,1,0
processed,891,168,6,0,0,0,0,0,0,0,17,0
processed,291,52,4,0,0,0,0,0,0,1,2,0
processed,173,30,1,0,0,0,0,0,0,0,3,0
processed,447,92,5,0,0,0,0,0,0,0,7,0
processed,388,82,6,0,0,0,0,0,0,3,5,0
processed,218,39,4,0,0,0,0,0,0,0,3,0
processed,537,105,6,0,0,0,0,0,0,0,16,0
processed,64,13,2,0,0,0,0,0,0,0,0,0
processed,277,53,4,0,0,0,0,0,0,0,4,0
processed,491,108,6,0,0,0,0,0,0,2,16,0
processed,146,28,1,0,0,0,0,0,0,0,1,0
processed,319,66,7,0,0,0,0,0,0,0,8,0
processed,1335,265,9,4,0,0,0,0,0,4,17,1
processed,285,48,2,0,0,0,0,0,0,0,6,0
processed,127,26,2,0,0,0,0,0,0,1,2,0
processed,447,85,6,0,0,0,0,0,0,1,3,0
processed,411,89,1,0,0,0,0,0,0,0,9,0
processed,787,157,2,0,0,0,0,0,0,1,12,0
processed,594,114,12,0,0,0,0,0,0,4,6,0
processed,235,46,3,1,0,0,0,0,0,0,5,0
processed,161,26,2,0,0,0,0,0,0,0,1,0
processed,565,120,7,0,0,0,0,0,0,0,13,0
processed,491,99,5,0,0,0,0,0,0,1,7,0
processed,1057,208,14,0,0,0,0,0,0,0,17,0
processed,257,44,2,0,0,0,0,0,0,0,4,0
processed,76,10,1,0,0,0,0,0,0,0,1,0
processed,618,117,6,0,0,0,0,0,0,1,9,0
processed,304,58,3,0,0,0,0,0,0,0,8,1
processed,485,97,4,3,0,0,0,0,0,1,11,0
processed,596,109,5,0,0,0,0,0,0,1,4,0
processed,192,44,10,0,0,0,0,0,0,1,2,0
processed,1229,244,16,11,0,0,0,0,0,6,16,2
processed,193,41,4,0,0,0,0,0,0,2,3,1
processed,217,45,3,0,0,0,0,0,0,1,3,0
processed,20,6,2,0,0,0,0,0,0,0,2,0
processed,227,45,3,0,0,0,0,0,0,0,4,0
processed,269,55,5,0,0,0,0,0,0,0,8,0
processed,409,77,8,0,0,0,0,0,0,0,4,0
processed,192,42,4,0,0,0,0,0,0,0,2,0
processed,334,65,1,0,0,0,0,0,0,0,2,0
processed,405,76,12,0,0,0,0,0,0,0,4,0
processed,53,10,1,0,0,0,0,0,0,0,0,0
processed,963,195,10,0,0,0,0,0,0,1,5,0
processed,326,72,5,0,0,0,0,0,0,0,6,0
processed,177,41,2,0,0,0,0,0,0,1,4,0
processed,248,42,5,0,0,0,0,0,0,0,1,0
processed,512,99,4,0,0,0,0,0,0,0,5,0
processed,239,47,5,0,0,0,0,0,0,0,2,0
processed,207,37,3,0,0,0,0,0,0,0,4,0
processed,1069,212,12,5,0,0,0,0,0,3,16,0
processed,74,12,2,0,0,0,0,0,0,0,0,0
processed,761,152,5,0,0,0,0,0,0,0,11,0
processed,1989,388,19,0,0,0,0,0,0,4,44,0
processed,116,24,2,0,0,0,0,0,0,0,0,0
processed,175,33,3,0,0,0,0,0,0,2,1,0
processed,48,12,2,0,0,0,0,0,0,0,0,0
processed,457,91,11,0,0,0,0,0,0,0,7,0
processed,217,43,4,0,0,0,0,0,0,0,7,0
processed,74,14,3,0,0,0,0,0,0,0,1,0
processed,250,47,4,0,0,0,0,0,0,0,3,0
processed,72,17,6,0,0,0,0,0,0,0,2,0
processed,991,191,13,0,0,0,0,0,0,1,12,0
processed,629,135,4,0,0,0,0,0,0,1,14,0
processed,922,178,10,0,0,0,0,0,0,2,3,0
processed,501,90,2,0,0,0,0,0,0,0,4,0
processed,190,46,2,0,0,0,0,0,0,1,4,0
processed,384,80,1,1,0,0,0,0,0,2,4,0
processed,528,103,6,0,0,0,0,0,0,2,4,0
processed,77,12,1,0,0,0,0,0,0,0,0,0
processed,405,73,2,1,0,0,0,0,0,0,2,0
processed,276,54,6,0,0,0,0,0,0,2,0,0
processed,168,31,4,0,0,0,0,0,0,0,2,0
processed,990,179,3,0,0,0,0,0,0,1,11,0
processed,144,31,3,0,0,0,0,0,0,0,0,0
processed,108,22,1,0,0,0,0,0,0,0,2,0
processed,842,183,12,0,0,0,0,0,0,2,16,0
processed,291,57,7,0,0,0,0,0,0,1,6,0
processed,521,104,4,0,0,0,0,0,0,3,14,0
processed,654,131,5,0,0,0,0,0,0,2,6,0
processed,34,10,1,0,0,0,0,0,0,0,2,0
processed,140,22,1,0,0,0,0,0,0,0,1,0
processed,136,25,3,0,0,0,0,0,0,1,4,0
processed,774,152,9,0,0,0,0,0,0,3,8,0
processed,325,65,7,0,0,0,0,0,0,0,4,0
processed,547,113,7,0,0,0,0,0,0,3,10,0
processed,110,19,3,0,0,0,0,0,0,0,1,0
processed,146,25,2,0,0,0,0,0,0,0,2,0
processed,1243,272,12,0,0,0,0,0,0,1,18,0
processed,469,88,5,0,0,0,0,0,0,2,4,0
processed,512,105,6,0,0,0,0,0,0,1,9,0
processed,506,100,6,0,0,0,0,0,0,3,3,1
processed,1173,244,3,0,0,0,0,0,0,2,24,0
processed,440,92,3,0,0,0,0,0,0,1,7,0
processed,1104,198,9,0,0,0,0,0,0,0,138,0
processed,615,127,9,0,0,0,0,0,0,0,11,0
processed,351,64,2,0,0,0,0,0,0,0,3,0
processed,153,32,1,0,0,0,0,0,0,0,3,0
processed,557,117,12,0,0,0,0,0,0,0,5,0
processed,404,73,2,0,0,0,0,0,0,0,6,0
processed,885,182,20,0,0,0,0,0,0,0,18,0
processed,190,39,2,0,0,0,0,0,0,1,2,0
processed,535,101,5,0,0,0,0,0,0,0,6,0
processed,235,47,2,0,0,0,0,0,0,0,3,0
processed,475,102,8,0,0,0,0,0,0,2,7,0
processed,118,20,2,0,0,0,0,0,0,0,2,0
processed,5,1,1,0,0,0,0,0,0,0,0,0
processed,857,152,13,1,0,0,0,0,0,0,18,0
processed,162,30,3,0,0,0,0,0,0,0,1,0
processed,1110,230,17,0,0,0,0,0,0,1,11,3
processed,50,13,1,0,0,0,0,0,0,0,1,0
processed,244,48,4,0,0,0,0,0,0,0,7,0
processed,345,54,5,2,0,0,0,0,0,0,4,0
processed,168,33,5,0,0,0,0,0,0,0,5,0
processed,736,150,1,0,0,0,0,0,0,1,13,0
processed,93,11,1,0,0,0,0,0,0,0,1,0
processed,1040,216,8,0,0,0,0,0,0,11,31,0
processed,780,146,10,0,0,0,0,0,0,1,11,0
processed,1134,237,8,0,0,0,0,0,0,2,26,0
processed,312,66,5,0,0,0,0,0,0,2,3,0
processed,827,178,10,0,0,0,0,0,0,1,26,0
processed,116,28,3,0,0,0,0,0,0,0,6,0
processed,599,127,11,0,0,0,0,0,0,2,4,1
processed,104,20,3,0,0,0,0,0,0,0,2,0
processed,2427,506,12,0,0,0,0,0,0,4,41,0
processed,536,105,5,0,0,0,0,0,0,1,4,0
processed,638,125,9,0,0,0,0,0,0,2,6,0
processed,303,56,3,0,0,0,0,0,0,1,6,0
processed,438,83,9,0,0,0,0,0,0,1,8,0
processed,287,61,11,0,0,0,0,0,0,0,2,0
processed,370,79,5,0,0,0,0,0,0,0,9,0
processed,964,195,16,0,0,0,0,0,0,0,11,0
processed,615,127,10,0,0,0,0,0,0,0,6,0
processed,12,2,1,0,0,0,0,0,0,0,0,0
processed,501,104,8,0,0,0,0,0,0,1,4,0
processed,480,95,6,0,0,0,0,0,0,2,11,2
processed,391,80,3,0,0,0,0,0,0,0,8,0
processed,168,37,2,0,0,0,0,0,0,0,4,0
processed,234,42,3,0,0,0,0,0,0,0,2,0
processed,53,11,1,0,0,0,0,0,0,1,1,0
processed,157,36,3,0,0,0,0,0,0,1,4,0
processed,336,71,9,0,0,0,0,0,0,0,6,0
processed,234,48,2,0,0,0,0,0,0,2,1,0
processed,130,23,2,0,0,0,0,0,0,0,2,0
processed,79,17,1,0,0,0,0,0,0,0,2,0
processed,126,27,2,0,0,0,0,0,0,0,3,0
processed,334,68,8,0,0,0,0,0,0,0,6,0
processed,1219,238,16,0,0,0,0,0,0,1,13,0
processed,760,149,11,0,0,0,0,0,0,1,8,1
processed,417,75,4,0,0,0,0,0,0,0,6,0
processed,234,47,2,0,0,0,0,0,0,0,4,0
processed,1390,275,7,7,0,0,0,0,0,3,9,0
processed,754,149,10,0,0,0,0,0,0,1,13,0
processed,513,97,6,0,0,0,0,0,0,0,7,0
processed,462,93,1,0,0,0,0,0,0,0,4,0
processed,168,28,2,0,0,0,0,0,0,0,2,0
processed,101,17,1,0,0,0,0,0,0,1,1,0
processed,359,82,4,0,0,0,0,0,0,1,8,0
processed,12,1,1,0,0,0,0,0,0,0,1,0
processed,662,132,7,0,0,0,0,0,0,0,9,0
processed,201,43,2,0,0,0,0,0,0,0,10,0
processed,122,22,1,0,0,0,0,0,0,0,3,0
processed,666,122,9,0,0,0,0,0,0,1,8,0
processed,169,33,3,0,0,0,0,0,0,0,1,0
processed,332,72,5,0,0,0,0,0,0,0,5,0
processed,190,33,4,0,0,0,0,0,0,0,2,0
processed,110,22,1,0,0,0,0,0,0,0,2,0
processed,148,24,2,0,0,0,0,0,0,0,2,0
processed,573,125,1,0,0,0,0,0,0,1,6,0
processed,64,15,4,0,0,0,0,0,0,0,3,0
processed,99,20,3,0,0,0,0,0,0,1,1,0
processed,613,124,5,0,0,0,0,0,0,3,7,0
processed,412,75,3,0,0,0,0,0,0,0,7,0
processed,9,3,2,0,0,0,0,0,0,0,1,0
processed,450,74,6,0,0,0,0,0,0,0,51,0
processed,935,192,5,0,0,0,0,0,0,3,12,0
processed,571,115,13,0,0,0,0,0,0,1,8,0
processed,901,198,15,0,0,0,0,0,0,5,19,0
processed,397,86,1,0,0,0,0,0,0,0,6,0
processed,226,49,5,0,0,0,0,0,0,0,2,0
processed,563,124,2,0,0,0,0,0,0,2,12,0
processed,189,36,3,0,0,0,0,0,0,0,3,0
processed,602,124,9,0,0,0,0,0,0,1,17,0
processed,520,97,6,0,0,0,0,0,0,1,13,0
processed,504,110,6,0,0,0,0,0,0,5,9,0
processed,436,91,9,0,0,0,0,0,0,0,5,0
processed,264,49,2,0,0,0,0,0,0,1,5,0
processed,835,171,7,0,0,0,0,0,0,2,12,0
processed,114,25,3,0,0,0,0,0,0,2,1,0
processed,480,93,1,0,0,0,0,0,0,4,6,1
processed,320,68,2,1,0,0,0,0,0,1,3,0
processed,460,90,2,0,0,0,0,0,0,0,6,0
processed,235,41,3,0,0,0,0,0,0,0,2,0
processed,182,41,6,0,0,0,0,0,0,2,1,0
processed,734,147,15,0,0,0,0,0,0,0,10,0
processed,334,60,6,0,0,0,0,0,0,0,6,0
processed,352,70,4,0,0,0,0,0,0,1,8,0
processed,434,90,5,0,0,0,0,0,0,1,7,0
processed,207,40,2,0,0,0,0,0,0,1,1,0
processed,298,64,5,0,0,0,0,0,0,1,4,0
processed,1367,271,4,0,0,0,0,0,0,3,24,0
processed,208,48,2,0,0,0,0,0,0,0,4,0
processed,86,21,3,0,0,0,0,0,0,0,2,0
processed,457,84,4,0,0,0,0,0,0,0,6,0
processed,218,39,1,0,0,0,0,0,0,0,3,0
processed,573,113,7,5,0,0,0,0,0,3,6,0
processed,642,99,7,0,0,0,0,0,0,0,64,0
processed,471,102,7,0,0,0,0,0,0,0,2,0
processed,121,23,2,0,0,0,0,0,0,0,3,0
processed,184,39,4,0,0,0,0,0,0,0,6,1
processed,51,12,1,0,0,0,0,0,0,0,0,0
processed,50,11,1,0,0,0,0,0,0,1,3,0
processed,495,90,5,0,0,0,0,0,0,1,8,0
processed,597,135,9,0,0,0,0,0,0,2,15,0
processed,131,29,1,0,0,0,0,0,0,0,2,0
processed,21,6,1,0,0,0,0,0,0,0,1,0
processed,167,35,3,0,0,0,0,0,0,0,1,0
processed,411,86,6,0,0,0,0,0,0,0,6,0
processed,137,29,3,0,0,0,0,0,0,1,2,0
processed,144,27,1,0,0,0,0,0,0,0,3,0
processed,440,84,5,0,0,0,0,0,0,0,7,0
processed,623,128,3,0,0,0,0,0,0,0,19,0
processed,551,118,6,0,0,0,0,0,0,0,10,0
processed,70,17,4,0,0,0,0,0,0,0,1,0
processed,863,187,9,0,0,0,0,0,0,0,10,0
processed,130,26,2,0,0,0,0,0,0,0,2,0
processed,120,23,3,0,0,0,0,0,0,0,4,0
processed,159,25,5,0,0,0,0,0,0,0,1,0
processed,261,54,3,0,0,0,0,0,0,0,4,0
processed,119,25,1,0,0,0,0,0,0,0,2,0
processed,14,4,1,0,0,0,0,0,0,0,1,0
processed,90,22,3,0,0,0,0,0,0,1,4,0
processed,119,20,2,0,0,0,0,0,0,0,3,0
processed,422,81,10,0,0,0,0,0,0,0,6,0
processed,642,133,7,0,0,0,0,0,0,1,9,0
processed,1470,322,18,0,0,0,0,0,0,5,39,0
processed,162,30,4,0,0,0,0,0,0,0,3,0
processed,466,96,2,0,0,0,0,0,0,0,12,0
processed,465,81,1,0,0,0,0,0,0,1,5,0
processed,70,14,1,0,0,0,0,0,0,0,2,0
processed,410,92,5,0,0,0,0,0,0,0,9,0
processed,177,33,1,0,0,0,0,0,0,0,4,0
processed,59,11,1,0,0,0,0,0,0,0,1,1
processed,726,154,9,0,0,0,0,0,0,1,14,0
processed,1093,217,10,0,0,0,0,0,0,5,6,1
processed,133,26,3,0,0,0,0,0,0,0,2,0
processed,111,24,3,0,0,0,0,0,0,1,3,0
processed,187,40,5,0,0,0,0,0,0,0,4,0
processed,186,27,2,0,0,0,0,0,0,0,1,0
processed,431,90,8,0,0,0,0,0,0,1,13,0
processed,552,127,9,0,0,0,0,0,0,1,10,0
processed,403,87,4,0,0,0,0,0,0,2,4,0
processed,404,76,6,0,0,0,0,0,0,2,8,0
processed,450,92,6,0,0,0,0,0,0,0,5,0
processed,75,11,1,0,0,0,0,0,0,0,0,0
processed,64,13,1,0,0,0,0,0,0,0,1,0
processed,239,47,5,0,0,0,0,0,0,0,3,0
processed,354,69,3,0,0,0,0,0,0,0,3,0
processed,386,85,7,0,0,0,0,0,0,2,12,0
processed,483,98,3,0,0,0,0,0,0,1,6,0
processed,939,194,11,0,0,0,0,0,0,4,11,0
processed,54,13,1,0,0,0,0,0,0,0,2,0
processed,231,48,4,0,0,0,0,0,0,1,6,0
processed,152,35,3,0,0,0,0,0,0,3,3,0
processed,118,21,1,0,0,0,0,0,0,0,3,0
processed,316,66,5,0,0,0,0,0,0,0,7,0
processed,251,62,4,0,0,0,0,0,0,2,5,0
processed,452,98,4,0,0,0,0,0,0,0,12,0
processed,925,193,14,0,0,0,0,0,0,0,8,0
processed,566,113,3,0,0,0,0,0,0,1,11,0
processed,195,43,2,0,0,0,0,0,0,0,5,0
processed,611,126,3,0,0,0,0,0,0,1,16,0
processed,427,79,6,0,0,0,0,0,0,0,5,1
processed,523,96,6,0,0,0,0,0,0,1,2,2
processed,94,22,1,0,0,0,0,0,0,1,0,0
processed,231,50,1,0,0,0,0,0,0,2,7,0
processed,510,108,6,0,0,0,0,0,0,1,8,1
processed,330,76,7,0,0,0,0,0,0,3,3,0
processed,369,70,4,0,0,0,0,0,0,0,2,0
processed,1695,348,17,3,0,0,0,0,0,2,30,0
processed,131,26,4,0,0,0,0,0,0,0,4,0
processed,434,96,5,0,0,0,0,0,0,1,3,0
processed,139,24,2,0,0,0,0,0,0,0,0,0
processed,494,91,9,0,0,0,0,0,0,0,4,1
processed,495,106,9,0,0,0,0,0,0,2,15,0
processed,496,102,7,0,0,0,0,0,0,1,9,0
processed,1648,330,8,6,0,0,0,0,0,4,30,0
processed,322,57,4,0,0,0,0,0,0,0,43,0
processed,368,72,5,0,0,0,0,0,0,0,7,1
processed,99,22,5,0,0,0,0,0,0,0,2,0
processed,334,56,4,0,0,0,0,0,0,0,7,0
processed,2869,596,21,0,0,0,0,0,0,4,46,1
processed,361,75,6,0,0,0,0,0,0,0,8,0
processed,616,130,10,0,0,0,0,0,0,1,9,0
processed,245,52,5,0,0,0,0,0,0,0,6,0
processed,72,11,1,0,0,0,0,0,0,0,1,0
processed,228,42,4,0,0,0,0,0,0,1,5,0
processed,1500,317,17,0,0,0,0,0,0,2,19,0
processed,203,36,4,0,0,0,0,0,0,0,1,0
processed,191,38,3,0,0,0,0,0,0,0,3,0
processed,374,82,14,0,0,0,0,0,0,0,7,0
processed,936,173,9,0,0,0,0,0,0,0,17,0
processed,302,59,4,0,0,0,0,0,0,0,5,0
processed,347,75,7,0,0,0,0,0,0,1,3,0
processed,538,109,5,0,0,0,0,0,0,2,10,1
processed,163,31,3,0,0,0,0,0,0,0,5,0
processed,1309,253,12,0,0,0,0,0,0,2,18,0
processed,249,42,3,0,0,0,0,0,0,0,5,0
processed,105,19,1,0,0,0,0,0,0,0,2,0
processed,153,36,5,0,0,0,0,0,0,0,1,0
processed,59,13,1,0,0,0,0,0,0,0,1,0
processed,619,129,9,0,0,0,0,0,0,1,15,0
processed,451,88,5,0,0,0,0,0,0,1,13,1
processed,316,66,9,0,0,0,0,0,0,0,4,0
processed,383,74,10,0,0,0,0,0,0,0,3,0
processed,648,113,7,0,0,0,0,0,0,1,8,0
processed,545,108,5,0,0,0,0,0,0,1,8,0
processed,0,0,0,0,0,0,0,0,0,0,0,0
processed,558,108,10,0,0,0,0,0,0,1,6,1
processed,495,105,5,0,0,0,0,0,0,1,10,0
processed,754,154,2,0,0,0,0,0,0,1,18,0
processed,421,69,2,0,0,0,0,0,0,0,7,0
processed,328,63,1,0,0,0,0,0,0,0,4,0
processed,366,68,2,0,0,0,0,0,0,0,7,2
processed,1098,218,14,0,0,0,0,0,0,0,23,0
processed,135,28,1,0,0,0,0,0,0,0,1,0
processed,222,31,4,0,0,0,0,0,0,0,2,0
processed,308,74,1,0,0,0,0,0,0,1,7,0
processed,365,76,7,0,0,0,0,0,0,2,13,0
processed,935,183,11,0,0,0,0,0,0,3,13,0
processed,2697,514,30,0,0,0,0,0,0,4,35,0
processed,1223,265,19,0,0,0,0,0,0,4,18,0
processed,619,135,6,0,0,0,0,0,0,4,9,0
processed,441,92,6,0,0,0,0,0,0,1,7,0
processed,1702,336,18,1,0,0,0,0,0,2,20,0
processed,315,56,4,0,0,0,0,0,0,0,4,0
processed,260,50,3,0,0,0,0,0,0,0,2,0
processed,637,124,10,0,0,0,0,0,0,1,11,0
processed,201,33,1,0,0,0,0,0,0,0,1,0
processed,151,32,2,0,0,0,0,0,0,0,2,0
processed,828,177,10,0,0,0,0,0,0,3,26,0
processed,71,13,1,0,0,0,0,0,0,0,2,0
processed,1066,235,11,0,0,0,0,0,0,1,25,0
processed,214,51,3,0,0,0,0,0,0,0,7,0
processed,143,27,4,0,0,0,0,0,0,0,5,0
processed,209,45,3,0,0,0,0,0,0,0,3,0
processed,133,19,2,0,0,0,0,0,0,0,1,1
processed,549,109,12,0,0,0,0,0,0,2,7,0
processed,255,50,1,0,0,0,0,0,0,0,4,0
processed,340,63,6,0,0,0,0,0,0,0,4,0
processed,122,25,3,0,0,0,0,0,0,0,1,0
processed,295,61,6,0,0,0,0,0,0,0,5,0
processed,132,34,3,0,0,0,0,0,0,0,1,0
processed,593,116,9,0,0,0,0,0,0,0,17,0
processed,365,69,3,0,0,0,0,0,0,1,6,0
processed,719,150,5,1,0,0,0,0,0,2,10,0
processed,203,36,1,0,0,0,0,0,0,0,4,0
processed,1048,216,14,0,0,0,0,0,0,2,29,0
processed,199,38,2,0,0,0,0,0,0,0,4,0
processed,520,99,11,0,0,0,0,0,0,0,2,0
processed,307,63,5,0,0,0,0,0,0,1,4,0
processed,1607,359,12,0,0,0,0,0,0,8,19,0
processed,573,118,6,0,0,0,0,0,0,1,12,0
processed,1006,197,6,5,0,0,0,0,0,1,17,0
processed,1564,312,4,0,0,0,0,0,0,2,18,0
processed,127,27,3,0,0,0,0,0,0,0,3,0
processed,222,46,4,0,0,0,0,0,0,0,3,0
processed,359,70,1,0,0,0,0,0,0,0,7,0
processed,111,24,1,0,0,0,0,0,0,0,1,0
processed,498,101,7,0,0,0,0,0,0,0,13,0
processed,879,196,6,1,0,0,0,0,0,3,10,0
processed,114,20,1,0,0,0,0,0,0,0,2,0
processed,236,45,4,0,0,0,0,0,0,0,7,0
processed,362,61,4,0,0,0,0,0,0,0,2,0
processed,438,87,9,0,0,0,0,0,0,0,9,0
processed,104,16,2,0,0,0,0,0,0,0,1,0
processed,106,19,2,0,0,0,0,0,0,0,1,0
processed,261,51,3,0,0,0,0,0,0,0,2,0
processed,768,157,8,0,0,0,0,0,0,3,8,0
processed,44,8,1,0,0,0,0,0,0,0,1,0
processed,134,25,2,0,0,0,0,0,0,0,2,0
processed,329,69,2,0,0,0,0,0,0,0,7,0
processed,607,131,9,0,0,0,0,0,0,0,9,0
processed,498,101,8,0,0,0,0,0,0,2,7,0
processed,137,29,3,0,0,0,0,0,0,0,4,0
processed,1117,218,21,0,0,0,0,0,0,4,9,0
processed,956,202,20,0,0,0,0,0,0,4,10,0
processed,405,92,4,0,0,0,0,0,0,1,7,0
processed,208,36,2,0,0,0,0,0,0,1,2,0
processed,524,102,7,0,0,0,0,0,0,4,5,0
processed,316,74,5,0,0,0,0,0,0,2,4,0
processed,304,57,7,0,0,0,0,0,0,2,6,0
processed,57,12,2,0,0,0,0,0,0,1,1,0
processed,108,26,3,0,0,0,0,0,0,0,1,0
processed,346,69,4,0,0,0,0,0,0,0,3,0
processed,28,3,1,0,0,0,0,0,0,0,0,0
processed,622,124,7,0,0,0,0,0,0,1,8,0
processed,192,44,1,0,0,0,0,0,0,0,8,0
processed,175,37,2,0,0,0,0,0,0,2,2,0
processed,490,105,9,0,0,0,0,0,0,1,10,0
processed,250,52,6,0,0,0,0,0,0,0,7,0
processed,242,51,4,0,0,0,0,0,0,2,2,1
processed,160,32,1,0,0,0,0,0,0,1,0,0
processed,488,84,3,0,0,0,0,0,0,0,5,0
processed,101,23,1,0,0,0,0,0,0,1,1,0
processed,723,155,5,0,0,0,0,0,0,1,5,0
processed,130,28,3,0,0,0,0,0,0,0,1,0
processed,508,107,8,0,0,0,0,0,0,1,7,0
processed,41,6,1,0,0,0,0,0,0,0,2,0
processed,23,5,2,0,0,0,0,0,0,0,2,0
processed,60,13,1,0,0,0,0,0,0,0,3,0
processed,89,17,2,0,0,0,0,0,0,0,2,0
processed,473,84,6,0,0,0,0,0,0,0,6,0
processed,160,33,4,0,0,0,0,0,0,0,0,0
processed,167,37,3,0,0,0,0,0,0,0,3,0
processed,266,59,1,0,0,0,0,0,0,0,4,0
processed,142,28,3,0,0,0,0,0,0,0,3,0
processed,626,123,5,0,0,0,0,0,0,1,18,0
processed,627,112,4,0,0,0,0,0,0,0,8,0
processed,811,159,14,0,0,0,0,0,0,2,2,0
processed,223,47,1,0,0,0,0,0,0,0,4,0
processed,719,145,9,0,0,0,0,0,1,2,13,0
processed,734,154,9,0,0,0,0,0,0,1,16,0
processed,448,92,2,0,0,0,0,0,0,0,10,0
processed,245,47,4,0,0,0,0,0,0,0,3,0
processed,90,20,2,0,0,0,0,0,0,1,0,0
processed,962,194,9,0,0,0,0,0,0,4,19,3
processed,397,86,1,0,0,0,0,0,0,0,5,0
processed,155,30,1,0,0,0,0,0,0,0,4,0
processed,323,73,2,0,0,0,0,0,0,0,4,0
processed,229,52,3,0,0,0,0,0,0,0,2,0
processed,193,34,4,0,0,0,0,0,0,0,3,0
processed,85,20,3,0,0,0,0,0,0,0,5,0
processed,665,117,7,0,0,0,0,0,0,1,3,0
processed,197,38,1,0,0,0,0,0,0,0,2,0
processed,379,74,3,0,0,0,0,0,0,2,5,0
processed,189,42,2,1,0,0,0,0,0,0,5,0
processed,662,134,9,0,0,0,0,0,0,1,11,0
processed,1098,222,8,0,0,0,0,0,0,4,21,0
processed,69,13,2,0,0,0,0,0,0,0,1,0
processed,773,158,10,0,0,0,0,0,0,0,16,0
processed,65,12,1,0,0,0,0,0,0,0,1,0
processed,81,14,1,0,0,0,0,0,0,0,2,0
processed,311,67,8,0,0,0,0,0,0,3,6,0
processed,202,45,4,0,0,0,0,0,0,0,5,0
processed,407,92,6,3,0,0,0,0,0,1,9,0
processed,229,50,2,0,0,0,0,0,0,0,7,0
processed,643,111,5,0,0,0,0,0,0,0,10,0
processed,531,114,10,0,0,0,0,0,0,1,6,0
processed,647,135,14,0,0,0,0,0,0,1,11,0
processed,91,14,1,0,0,0,0,0,0,0,1,0
processed,181,26,1,0,0,0,0,0,0,0,0,0
processed,197,34,5,0,0,0,0,0,0,3,1,0
processed,174,27,3,0,0,0,0,0,0,0,2,0
processed,200,40,3,0,0,0,0,0,0,1,5,0
processed,126,26,4,0,0,0,0,0,0,1,2,0
processed,96,16,2,0,0,0,0,0,0,0,2,0
processed,83,14,1,0,0,0,0,0,0,0,2,0
processed,689,148,8,3,0,0,0,0,0,0,13,0
processed,1009,198,9,1,0,0,0,0,0,3,14,2
processed,126,26,3,0,0,0,0,0,0,0,1,0
processed,177,36,5,0,0,0,0,0,0,0,2,0
processed,151,35,3,0,0,0,0,0,0,1,3,0
processed,824,169,7,0,0,0,0,0,0,3,6,0
processed,663,137,7,0,0,0,0,0,0,2,12,0
processed,673,139,5,0,0,0,0,0,0,0,14,0
processed,445,81,4,0,0,0,0,0,0,0,9,0
processed,117,23,1,0,0,0,0,0,0,0,1,0
processed,381,76,5,0,0,0,0,0,0,0,11,0
processed,162,27,1,0,0,0,0,0,0,0,4,0
processed,751,165,10,0,0,0,0,0,0,1,16,0
processed,58,13,3,0,0,0,0,0,0,0,1,0
processed,348,74,2,0,0,0,0,0,0,2,7,0
processed,222,45,2,0,0,0,0,0,0,1,5,0
processed,118,21,1,0,0,0,0,0,0,0,1,0
processed,335,64,6,0,0,0,0,0,0,0,2,0
processed,283,63,5,0,0,0,0,0,0,3,2,0
processed,2304,483,22,0,0,0,0,0,0,2,34,1
processed,472,87,4,0,0,0,0,0,0,0,17,0
processed,343,73,7,0,0,0,0,0,0,2,4,0
processed,625,123,12,0,0,0,0,0,0,2,12,1
processed,362,78,8,0,0,0,0,0,0,0,9,0
processed,79,17,1,0,0,0,0,0,0,0,0,0
processed,421,80,4,0,0,0,0,0,0,1,6,0
processed,316,72,3,0,0,0,0,0,0,1,4,1
processed,40,6,1,0,0,0,0,0,0,0,0,0
processed,751,146,11,0,0,0,0,0,0,1,9,2
processed,530,113,7,0,0,0,0,0,0,0,9,1
processed,463,86,5,0,0,0,0,0,0,0,5,0
processed,119,22,4,0,0,0,0,0,0,0,1,0
processed,265,53,6,0,0,0,0,0,0,0,2,0
processed,9,2,1,0,0,0,0,0,0,0,0,0
processed,1209,261,9,3,0,0,0,0,0,3,15,0
processed,663,131,4,0,0,0,0,0,0,0,18,0
processed,630,139,13,0,0,0,0,0,0,3,12,0
processed,68,13,3,0,0,0,0,0,0,0,1,0
processed,1576,311,13,0,0,0,0,0,0,3,17,1
processed,248,49,7,0,0,0,0,0,0,0,6,0
processed,921,187,6,1,0,0,0,0,0,3,8,0
processed,360,74,9,0,0,0,0,0,0,0,6,1
processed,460,101,6,0,0,0,0,0,0,0,12,1
processed,473,95,6,0,0,0,0,0,0,2,13,0
processed,617,136,3,0,0,0,0,0,0,3,7,0
processed,85,16,2,0,0,0,0,0,0,0,1,0
processed,1053,224,15,0,0,0,0,0,0,6,25,0
processed,716,170,8,1,0,0,0,0,0,0,19,0
processed,455,97,4,0,0,0,0,0,0,0,8,0
processed,356,74,7,0,0,0,0,0,0,0,5,0
processed,427,94,6,0,0,0,0,0,0,2,12,0
processed,459,95,4,0,0,0,0,0,0,0,7,0
processed,191,40,7,0,0,0,0,0,0,0,1,0
processed,295,65,6,0,0,0,0,0,0,1,6,0
processed,226,47,6,0,0,0,0,0,0,0,3,0
processed,162,33,1,1,0,0,0,0,0,0,2,0
processed,433,84,1,0,0,0,0,0,0,2,6,0
processed,4,1,1,0,0,0,0,0,0,0,1,0
processed,345,67,5,0,0,0,0,0,0,2,3,0
processed,65,17,2,0,0,0,0,0,0,1,1,0
processed,190,30,3,0,0,0,0,0,0,0,19,0
processed,380,64,5,0,0,0,0,0,0,0,4,0
processed,209,35,3,0,0,0,0,0,0,0,2,0
processed,387,86,6,0,0,0,0,0,0,1,10,0
processed,218,39,4,0,0,0,0,0,0,0,1,0
processed,173,33,1,0,0,0,0,0,0,1,5,0
processed,192,42,1,0,0,0,0,0,0,0,3,0
processed,431,90,1,0,0,0,0,0,0,0,7,0
processed,76,11,2,0,0,0,0,0,0,0,3,0
processed,759,161,14,0,0,0,0,0,0,1,15,1
processed,185,34,4,0,0,0,0,0,0,0,2,0
processed,121,23,1,0,0,0,0,0,0,0,2,0
processed,95,15,2,0,0,0,0,0,0,0,3,0
processed,740,155,11,0,0,0,0,0,0,1,10,0
processed,206,42,2,0,0,0,0,0,0,1,3,0
processed,94,18,1,0,0,0,0,0,0,0,3,0
processed,86,20,1,0,0,0,0,0,0,0,2,0
processed,65,11,1,0,0,0,0,0,0,0,1,0
processed,229,49,6,0,0,0,0,0,0,0,2,0
processed,296,65,2,0,0,0,0,0,0,2,9,0
processed,81,17,2,0,0,0,0,0,0,1,1,0
processed,475,98,5,0,0,0,0,0,0,0,10,0
processed,449,92,8,0,0,0,0,0,0,2,9,0
processed,406,88,7,0,0,0,0,0,0,2,4,0
processed,433,86,5,1,0,0,0,0,0,0,9,0
processed,398,81,8,0,0,0,0,0,0,0,7,0
processed,568,108,5,0,0,0,0,0,0,2,8,0
processed,84,19,2,0,0,0,0,0,0,0,2,0
processed,220,42,4,0,0,0,0,0,0,1,6,0
processed,146,29,4,0,0,0,0,0,0,0,0,0
processed,73,14,1,0,0,0,0,0,0,0,3,0
processed,351,67,5,0,0,0,0,0,0,0,6,0
processed,110,16,3,0,0,0,0,0,0,0,0,0
processed,531,109,8,0,0,0,0,0,0,2,11,1
processed,688,136,7,0,0,0,0,0,0,0,7,0
processed,207,47,2,0,0,0,0,0,0,0,9,0
processed,353,73,6,0,0,0,0,0,0,1,5,0
processed,54,9,1,0,0,0,0,0,0,0,0,0
processed,64,13,1,0,0,0,0,0,0,0,0,0
processed,327,72,4,0,0,0,0,0,0,0,2,0
processed,1055,211,12,0,0,0,0,0,0,2,18,0
processed,132,26,2,0,0,0,0,0,0,0,1,0
processed,157,20,1,0,0,0,0,0,0,1,1,0
processed,510,101,4,0,0,0,0,0,0,0,15,0
processed,559,114,12,0,0,0,0,0,0,0,7,0
processed,832,175,4,0,0,0,0,0,0,1,13,0
processed,592,113,3,0,0,0,0,0,0,2,7,0
processed,383,82,3,0,0,0,0,0,0,2,3,0
processed,407,85,8,0,0,0,0,0,0,2,6,0
processed,998,195,12,0,0,0,0,0,0,1,19,0
processed,189,33,4,0,0,0,0,0,0,0,4,0
processed,1152,245,20,0,0,0,0,0,0,0,12,0
processed,206,36,3,0,0,0,0,0,0,0,4,0
processed,870,173,6,0,0,0,0,0,0,2,11,0
processed,144,27,6,0,0,0,0,0,0,0,2,0
processed,1030,225,17,0,0,0,0,0,1,1,23,0
processed,237,50,8,0,0,0,0,0,0,1,4,0
processed,143,28,3,0,0,0,0,0,0,0,5,0
processed,560,117,6,0,0,0,0,0,0,1,6,0
processed,110,23,1,0,0,0,0,0,0,0,2,0
processed,407,93,7,0,0,0,0,0,0,0,8,0
processed,1727,343,19,0,0,0,0,0,0,5,35,0
processed,436,77,2,0,0,0,0,0,0,1,8,0
processed,174,31,6,0,0,0,0,0,0,0,0,0
processed,649,116,8,0,0,0,0,0,0,0,16,0
processed,572,128,3,0,0,0,0,0,0,2,10,0
processed,650,134,4,0,0,0,0,0,0,0,23,0
processed,655,127,5,0,0,0,0,0,0,1,4,2
processed,413,82,6,0,0,0,0,0,0,1,5,0
processed,228,50,4,0,0,0,0,0,0,0,6,0
processed,674,142,10,1,0,0,0,0,0,4,6,0
processed,677,140,9,0,0,0,0,0,0,2,13,0
processed,751,169,9,0,0,0,0,0,0,1,15,0
processed,800,175,7,0,0,0,0,0,0,4,13,0
processed,58,12,2,0,0,0,0,0,0,0,2,0
processed,485,109,6,0,0,0,0,0,0,1,8,0
processed,220,49,6,0,0,0,0,0,0,0,3,0
processed,326,69,6,0,0,0,0,0,0,0,8,0
processed,12,2,1,0,0,0,0,0,0,0,1,0
processed,757,169,9,0,0,0,0,0,0,2,12,2
processed,516,99,4,0,0,0,0,0,0,1,2,2
processed,14,2,1,0,0,0,0,0,0,0,0,0
processed,584,135,11,0,0,0,0,0,0,0,9,0
processed,381,77,8,0,0,0,0,0,0,0,8,0
processed,1111,246,17,0,0,0,0,0,0,1,16,0
processed,351,67,6,0,0,0,0,0,0,1,7,0
processed,123,21,1,0,0,0,0,0,0,0,0,0
processed,250,50,4,0,0,0,0,0,0,0,3,0
processed,163,35,3,0,0,0,0,0,0,0,5,0
processed,168,36,1,0,0,0,0,0,0,0,4,0
processed,105,23,1,0,0,0,0,0,0,0,3,0
processed,493,98,7,0,0,0,0,0,0,0,3,0
processed,190,43,1,0,0,0,0,0,0,1,2,1
processed,199,42,2,0,0,0,0,0,0,0,1,0
processed,176,26,2,0,0,0,0,0,0,0,3,0
processed,163,37,5,0,0,0,0,0,0,1,4,0
processed,396,81,7,0,0,0,0,0,0,0,7,0
processed,174,31,3,0,0,0,0,0,0,0,0,0
processed,648,128,5,0,0,0,0,0,0,2,11,0
processed,214,53,1,0,0,0,0,0,0,0,4,0
processed,149,25,1,0,0,0,0,0,0,1,3,0
processed,111,22,2,0,0,0,0,0,0,0,3,0
processed,313,69,4,0,0,0,0,0,0,0,4,0
processed,153,37,1,0,0,0,0,0,0,2,3,0
processed,580,112,6,0,0,0,0,0,0,0,7,0
processed,868,199,9,0,0,0,0,0,0,2,10,0
processed,551,123,8,0,0,0,0,0,0,3,7,0
processed,273,60,3,0,0,0,0,0,0,4,8,0
processed,132,25,1,0,0,0,0,0,0,0,0,0
processed,349,70,4,0,0,0,0,0,0,1,8,0
processed,1097,215,11,0,0,0,0,0,0,1,14,0
processed,228,43,6,0,0,0,0,0,0,0,6,0
processed,122,25,1,0,0,0,0,0,0,0,2,0
processed,86,18,2,3,0,0,0,0,0,0,2,0
processed,26,6,1,0,0,0,0,0,0,0,1,0
processed,225,45,7,0,0,0,0,0,0,0,2,1
processed,914,176,11,0,0,0,0,0,0,2,19,0
processed,189,38,4,0,0,0,0,0,0,0,3,0
processed,1033,218,10,0,0,0,0,0,0,1,18,0
processed,598,133,29,0,0,0,0,0,0,2,9,0
processed,148,28,2,0,0,0,0,0,0,0,2,0
processed,834,181,8,1,0,0,0,0,0,4,6,0
processed,265,53,1,0,0,0,0,0,0,0,4,0
processed,61,16,2,0,0,0,0,0,0,0,3,0
processed,264,63,5,0,0,0,0,0,0,0,8,0
processed,397,87,7,0,0,0,0,0,0,1,7,1
processed,135,26,3,0,0,0,0,0,0,0,2,0
processed,70,13,1,0,0,0,0,0,0,0,0,0
processed,71,15,1,0,0,0,0,0,0,0,2,0
processed,396,75,4,0,0,0,0,0,0,2,5,1
processed,445,99,5,0,0,0,0,0,0,3,8,0
processed,493,110,6,0,0,0,0,0,0,1,4,0
processed,702,150,4,0,0,0,0,0,0,2,13,0
processed,445,85,6,0,0,0,0,0,0,1,2,0
processed,560,116,7,0,0,0,0,0,0,3,11,0
processed,130,28,3,0,0,0,0,0,0,0,2,0
processed,38,9,1,0,0,0,0,0,0,0,1,0
processed,65,14,2,0,0,0,0,0,0,0,2,0
processed,457,93,4,0,0,0,0,0,0,1,2,0
processed,1129,233,18,0,0,0,0,0,0,4,19,0
processed,90,18,2,0,0,0,0,0,0,0,2,0
processed,556,113,8,0,0,0,0,0,0,2,4,0
processed,491,94,5,0,0,0,0,0,0,0,7,0
processed,373,74,4,0,0,0,0,0,0,1,9,0
processed,110,25,2,0,0,0,0,0,0,0,3,0
processed,487,95,8,0,0,0,0,0,0,1,6,0
processed,152,31,2,0,0,0,0,0,0,0,5,0
processed,458,101,7,0,0,0,0,0,0,2,8,0
processed,4,1,1,0,0,0,0,0,0,0,1,0
processed,11,3,1,0,0,0,0,0,0,1,1,0
processed,1782,367,27,0,0,0,0,0,0,6,24,0
processed,2426,460,18,0,0,0,0,0,0,1,41,0
processed,374,71,7,0,0,0,0,0,0,0,5,1
processed,260,48,4,0,0,0,0,0,0,0,1,0
processed,1340,243,13,0,0,0,0,0,0,5,18,0
processed,326,68,10,0,0,0,0,0,0,1,3,0
processed,434,84,7,0,0,0,0,0,0,0,62,0
processed,390,83,8,0,0,0,0,0,0,5,2,0
processed,179,37,3,0,0,0,0,0,0,0,4,0
processed,415,95,8,0,0,0,0,0,0,2,6,0
processed,395,75,6,0,0,0,0,0,0,0,8,0
processed,1262,253,15,0,0,0,0,0,0,2,14,0
processed,552,93,8,0,0,0,0,0,0,0,7,0
processed,244,50,3,0,0,0,0,0,0,0,3,0
processed,175,39,3,0,0,0,0,0,0,0,3,0
processed,488,105,3,0,0,0,0,0,0,1,12,0
processed,152,29,4,0,0,0,0,0,0,0,2,0
processed,983,179,6,0,0,0,0,0,0,0,11,0
processed,47,9,2,0,0,0,0,0,0,0,1,0
processed,247,52,5,0,0,0,0,0,0,0,5,0
processed,536,98,10,0,0,0,0,0,0,1,14,0
processed,328,51,6,0,0,0,0,0,0,1,3,0
processed,624,129,8,0,0,0,0,0,0,0,10,1
processed,143,26,2,0,0,0,0,0,0,0,2,0
processed,66,6,1,0,0,0,0,0,0,0,1,0
processed,186,37,7,0,0,0,0,0,0,0,2,0
processed,1937,410,33,0,0,0,0,0,0,0,30,0
processed,696,145,7,0,0,0,0,0,0,4,7,0
processed,49,10,1,0,0,0,0,0,0,0,0,0
processed,103,22,1,0,0,0,0,0,0,0,0,0
processed,241,44,3,0,0,0,0,0,0,0,6,0
processed,427,82,10,0,0,0,0,0,0,2,8,0
processed,53,11,1,0,0,0,0,0,0,0,1,0
processed,574,114,4,0,0,0,0,0,0,0,5,0
processed,56,8,1,0,0,0,0,0,0,0,1,0
processed,208,39,5,0,0,0,0,0,0,1,4,0
processed,227,45,5,0,0,0,0,0,0,3,3,0
processed,1469,307,14,0,0,0,0,0,0,4,30,0
processed,741,158,6,0,0,0,0,0,0,0,11,0
processed,310,55,5,0,0,0,0,0,0,0,7,0
processed,953,209,10,0,0,0,0,0,0,1,21,0
processed,518,101,7,0,0,0,0,0,0,1,8,0
processed,373,77,5,1,0,0,0,0,0,0,3,0
processed,738,157,8,0,0,0,0,0,0,1,11,0
processed,193,36,3,1,0,0,0,0,0,0,6,0
processed,195,43,2,0,0,0,0,0,0,0,1,0
processed,800,164,3,0,0,0,0,0,0,2,10,2
processed,747,159,7,0,0,0,0,0,0,5,7,0
processed,123,16,1,0,0,0,0,0,0,0,4,0
processed,35,6,1,0,0,0,0,0,0,0,1,0
processed,592,110,7,0,0,0,0,0,0,0,8,0
processed,134,30,1,0,0,0,0,0,0,0,2,0
processed,105,23,2,0,0,0,0,0,0,0,4,0
processed,332,53,5,0,0,0,0,0,0,0,1,0
processed,784,124,10,6,0,0,0,0,0,0,10,1
processed,32,5,1,0,0,0,0,0,0,0,1,0
processed,322,69,6,0,0,0,0,0,0,0,4,0
processed,540,100,7,0,0,0,0,0,0,0,5,0
processed,42,10,1,0,0,0,0,0,0,0,1,0
processed,133,27,1,0,0,0,0,0,0,1,1,0
processed,306,56,5,0,0,0,0,0,0,1,4,0
processed,189,43,1,0,0,0,0,0,0,2,5,1
processed,335,74,6,0,0,0,0,0,0,1,7,0
processed,1755,345,24,0,0,0,0,0,0,0,30,0
processed,974,224,16,0,0,0,0,0,0,2,17,0
processed,117,25,3,0,0,0,0,0,0,1,2,0
processed,1132,234,17,0,0,0,0,0,0,2,17,0
processed,877,176,10,0,0,0,0,0,0,3,12,1
processed,124,24,2,0,0,0,0,0,0,1,1,0
processed,243,44,4,0,0,0,0,0,0,0,4,0
processed,145,35,3,0,0,0,0,0,0,0,5,0
processed,446,107,2,0,0,0,0,0,0,5,1,0
processed,155,34,2,0,0,0,0,0,0,0,2,1
processed,361,65,3,0,0,0,0,0,0,0,6,0
processed,760,142,4,0,0,0,0,0,0,1,10,0
processed,70,17,3,0,0,0,0,0,0,1,1,0
processed,144,31,3,0,0,0,0,0,0,2,3,0
processed,528,94,4,0,0,0,0,0,0,0,3,0
processed,1238,251,10,0,0,0,0,0,0,1,20,0
processed,1228,252,18,0,0,0,0,0,0,3,12,0
processed,316,68,3,0,0,0,0,0,0,0,9,0
processed,609,128,4,0,0,0,0,0,0,2,12,0
processed,523,98,7,0,0,0,0,0,0,0,11,0
processed,100,21,1,0,0,0,0,0,0,0,2,0
processed,719,162,14,0,0,0,0,0,0,5,15,1
processed,95,15,1,0,0,0,0,0,0,0,0,0
processed,367,63,3,0,0,0,0,0,0,0,5,0
processed,457,96,3,0,0,0,0,0,0,2,6,0
processed,648,120,3,0,0,0,0,0,0,1,9,0
processed,583,103,9,0,0,0,0,0,0,0,6,0
processed,439,91,7,0,0,0,0,0,0,0,7,0
processed,102,23,2,0,0,0,0,0,0,0,3,0
processed,463,90,7,0,0,0,0,0,0,0,5,0
processed,512,98,5,0,0,0,0,0,0,0,5,0
processed,820,152,3,0,0,0,0,0,0,1,9,0
processed,227,34,2,0,0,0,0,0,0,2,3,0
processed,265,54,4,0,0,0,0,0,0,1,4,0
processed,300,58,3,0,0,0,0,0,0,0,4,1
processed,625,123,5,0,0,0,0,0,0,0,10,0
processed,1183,241,14,0,0,0,0,0,0,0,19,0
processed,509,108,4,0,0,0,0,0,0,2,4,0
processed,153,32,3,0,0,0,0,0,0,1,2,0
processed,762,154,14,0,0,0,0,0,0,1,11,0
processed,689,137,9,0,0,0,0,0,0,0,5,0
processed,458,100,5,0,0,0,0,0,0,3,7,0
processed,92,18,2,0,0,0,0,0,0,0,0,0
processed,228,40,3,0,0,0,0,0,0,0,3,0
processed,460,104,6,0,0,0,0,0,0,0,13,0
processed,77,12,2,0,0,0,0,0,0,0,2,0
processed,956,179,6,0,0,0,0,0,0,0,22,0
processed,487,99,6,0,0,0,0,0,0,1,8,0
processed,95,16,3,0,0,0,0,0,0,0,0,0
processed,322,67,1,0,0,0,0,0,0,0,6,0
processed,157,29,2,2,0,0,0,0,0,0,2,0
processed,229,46,6,0,0,0,0,0,0,0,2,0
processed,31,6,1,0,0,0,0,0,0,0,1,0
processed,740,144,8,0,0,0,0,0,0,0,12,0
processed,847,170,20,0,0,0,0,0,0,0,20,0
processed,286,53,4,0,0,0,0,0,0,0,2,0
processed,94,23,2,0,0,0,0,0,0,2,2,0
processed,100,19,4,0,0,0,0,0,0,0,2,0
processed,220,50,6,0,0,0,0,0,0,1,3,0
processed,408,85,5,0,0,0,0,0,0,1,14,0
processed,370,76,7,0,0,0,0,0,0,0,6,0
processed,322,67,2,0,0,0,0,0,0,2,6,0
processed,261,56,7,0,0,0,0,0,0,0,9,0
processed,164,32,4,0,0,0,0,0,0,0,2,0
processed,119,24,3,0,0,0,0,0,0,0,1,1
processed,522,106,3,0,0,0,0,0,0,1,7,0
processed,746,145,10,0,0,0,0,0,0,0,14,0
processed,380,67,5,0,0,0,0,0,0,0,7,0
processed,284,59,3,0,0,0,0,0,0,1,3,0
processed,204,41,2,0,0,0,0,0,0,0,3,0
processed,833,153,12,0,0,0,0,0,0,2,5,0
processed,354,65,6,0,0,0,0,0,0,0,5,0
processed,829,147,6,0,0,0,0,0,0,0,8,0
processed,610,135,10,0,0,0,0,0,0,0,15,0
processed,749,153,9,0,0,0,0,0,0,0,14,0
processed,660,129,5,0,0,0,0,0,0,3,11,0
processed,639,135,11,0,0,0,0,0,0,2,9,1
processed,38,8,1,0,0,0,0,0,0,0,0,0
processed,490,95,5,0,0,0,0,0,0,0,7,2
processed,311,59,5,0,0,0,0,0,0,0,4,1
processed,53,11,1,0,0,0,0,0,0,0,0,0
processed,142,29,2,0,0,0,0,0,0,1,4,0
processed,225,40,3,0,0,0,0,0,0,1,6,0
processed,396,81,6,0,0,0,0,0,0,0,5,0
processed,496,109,6,0,0,0,0,0,0,5,9,0
processed,1005,221,20,0,0,0,0,0,0,0,14,0
processed,322,67,8,0,0,0,0,0,0,1,5,0
processed,645,123,8,0,0,0,0,0,0,1,9,0
processed,644,122,8,0,0,0,0,0,0,2,8,2
processed,51,11,2,0,0,0,0,0,0,0,0,0
processed,178,37,7,0,0,0,0,0,0,2,6,0
processed,89,20,2,0,0,0,0,0,0,0,3,0
processed,219,41,3,0,0,0,0,0,0,0,5,0
processed,363,74,5,0,0,0,0,0,0,0,6,0
processed,563,109,5,0,0,0,0,0,0,0,10,0
processed,260,47,4,0,0,0,0,0,0,0,1,0
processed,681,140,7,0,0,0,0,0,0,0,11,0
processed,112,22,1,0,0,0,0,0,0,0,1,0
processed,249,50,4,0,0,0,0,0,0,0,4,0
processed,687,143,8,0,0,0,0,0,0,5,13,1
processed,1671,348,23,0,0,0,0,0,0,0,30,0
processed,261,47,2,0,0,0,0,0,0,0,4,0
processed,308,60,3,0,0,0,0,0,0,0,5,0
processed,391,67,4,0,0,0,0,0,0,0,4,0
processed,105,12,3,0,0,0,0,0,0,0,3,0
processed,460,90,4,0,0,0,0,0,0,1,4,0
processed,123,23,3,0,0,0,0,0,0,0,1,0
processed,314,55,3,0,0,0,0,0,0,0,7,0
processed,294,47,1,0,0,0,0,0,0,1,2,0
processed,633,124,1,0,0,0,0,0,0,1,9,0
processed,124,23,2,0,0,0,0,0,0,0,1,0
processed,646,139,8,0,0,0,0,0,0,1,12,0
processed,170,31,5,0,0,0,0,0,0,0,2,0
processed,74,17,1,1,0,0,0,0,0,0,2,0
processed,38,6,1,0,0,0,0,0,0,0,1,0
processed,477,95,4,0,0,0,0,0,0,0,5,0
processed,141,18,2,0,0,0,0,0,0,0,0,0
processed,212,45,4,0,0,0,0,0,0,1,4,0
processed,663,136,8,0,0,0,0,0,0,2,9,0
processed,653,132,9,0,0,0,0,0,0,1,9,0
processed,281,60,4,1,0,0,0,0,0,1,6,0
processed,505,99,5,0,0,0,0,0,0,1,7,0
processed,1328,285,16,0,0,0,0,0,0,6,15,2
processed,756,168,12,0,0,0,0,0,0,0,13,0
processed,380,80,5,0,0,0,0,0,0,1,2,0
processed,140,35,1,0,0,0,0,0,0,0,4,0
processed,390,87,7,0,0,0,0,0,0,3,9,0
processed,721,153,7,0,0,0,0,0,0,2,6,1
processed,273,60,4,1,0,0,0,0,0,2,8,0
processed,240,50,2,0,0,0,0,0,0,0,2,0
processed,511,106,2,0,0,0,0,0,0,1,6,0
processed,83,17,2,0,0,0,0,0,0,0,2,0
processed,73,15,1,0,0,0,0,0,0,0,1,0
processed,1482,294,3,0,0,0,0,0,0,3,32,0
processed,631,117,7,0,0,0,0,0,0,0,7,0
processed,352,76,4,0,0,0,0,0,0,0,7,0
processed,275,46,1,0,0,0,0,0,0,0,6,0
processed,147,27,1,0,0,0,0,0,0,0,1,0
processed,254,49,6,0,0,0,0,0,0,1,3,0
processed,360,73,6,0,0,0,0,0,0,0,6,0
processed,90,12,1,0,0,0,0,0,0,0,0,0
processed,436,82,3,0,0,0,0,0,0,1,7,0
processed,571,114,9,0,0,0,0,0,0,1,13,0
processed,1658,320,8,0,0,0,0,0,0,3,33,0
processed,567,132,15,0,0,0,0,0,0,1,15,0
processed,136,28,4,0,0,0,0,0,0,0,0,0
processed,783,137,9,0,0,0,0,0,0,0,12,0
processed,734,151,10,0,0,0,0,0,0,3,14,0
processed,225,50,6,0,0,0,0,0,0,2,4,0
processed,177,35,3,0,0,0,0,0,0,0,1,0
processed,315,69,2,0,0,0,0,0,0,0,5,0
processed,407,92,8,0,0,0,0,0,0,2,7,0
processed,273,54,3,0,0,0,0,0,0,0,7,0
processed,370,81,4,0,0,0,0,0,0,0,9,1
processed,274,41,3,0,0,0,0,0,0,0,1,0
processed,556,122,8,0,0,0,0,0,0,1,13,0
processed,40,10,1,0,0,0,0,0,0,1,1,0
processed,485,100,8,0,0,0,0,0,0,1,4,0
processed,293,56,5,0,0,0,0,0,0,0,4,0
processed,138,30,1,0,0,0,0,0,0,0,0,0
processed,126,28,3,0,0,0,0,0,0,0,4,0
processed,160,28,4,0,0,0,0,0,0,1,2,0
processed,410,84,4,0,0,0,0,0,0,0,10,0
processed,278,53,2,0,0,0,0,0,0,1,6,0
processed,229,48,2,0,0,0,0,0,0,0,4,0
processed,109,23,1,0,0,0,0,0,0,0,5,0
processed,128,25,2,0,0,0,0,0,0,0,3,0
processed,464,92,8,0,0,0,0,0,0,2,10,0
processed,273,44,3,0,0,0,0,0,4,0,4,0
processed,1217,253,22,0,0,0,0,0,0,0,15,1
processed,101,21,1,0,0,0,0,0,0,0,3,0
processed,277,58,2,0,0,0,0,0,0,3,2,0
processed,175,32,3,0,0,0,0,0,0,0,1,0
processed,1445,294,10,0,0,0,0,0,0,6,22,0
processed,375,75,2,0,0,0,0,0,0,2,5,0
processed,12,4,1,0,0,0,0,0,0,1,1,0
processed,134,25,3,0,0,0,0,0,0,0,2,0
processed,421,82,8,0,0,0,0,0,0,1,4,0
processed,285,61,2,0,0,0,0,0,0,3,3,0
processed,486,104,9,0,0,0,0,0,0,2,7,0
processed,740,156,11,0,0,0,0,0,0,2,7,1
processed,80,21,1,0,0,0,0,0,0,0,2,0
processed,512,99,12,0,0,0,0,0,0,0,6,0
processed,264,51,6,0,0,0,0,0,0,0,10,0
processed,559,121,4,0,0,0,0,0,0,1,10,0
processed,416,78,4,0,0,0,0,0,0,0,7,0
processed,11,3,1,0,0,0,0,0,0,0,1,0
processed,471,101,4,0,0,0,0,0,0,3,10,0
processed,120,20,3,0,0,0,0,0,0,0,0,1
processed,600,120,9,0,0,0,0,0,0,1,5,0
processed,56,13,1,0,0,0,0,0,0,0,2,0
processed,81,17,1,0,0,0,0,0,0,0,3,0
processed,1144,221,21,0,0,0,0,0,0,2,12,0
processed,129,26,1,0,0,0,0,0,0,1,2,0
processed,135,28,1,0,0,0,0,0,0,0,2,0
processed,672,122,10,0,0,0,0,0,0,1,13,0
processed,1289,250,17,0,0,0,0,0,0,7,10,1
processed,132,21,1,0,0,0,0,0,0,0,2,0
processed,792,164,8,0,0,0,0,0,0,0,15,0
processed,160,33,4,0,0,0,0,0,0,0,3,0
processed,306,52,5,1,0,0,0,0,0,1,2,0
processed,248,47,6,0,0,0,0,0,0,0,7,0
processed,161,33,3,0,0,0,0,0,0,0,2,0
processed,49,9,1,0,0,0,0,0,0,0,0,0
processed,78,18,2,1,0,0,0,0,0,1,1,0
processed,34,9,1,0,0,0,0,0,0,0,0,0
processed,298,61,4,0,0,0,0,0,0,0,3,0
processed,163,25,3,0,0,0,0,0,0,0,2,0
processed,561,109,2,0,0,0,0,0,0,2,6,1
processed,502,102,5,0,0,0,0,0,0,2,8,0
processed,808,163,5,0,0,0,0,0,0,4,16,0
processed,520,124,4,0,0,0,0,0,0,1,7,0
processed,422,80,6,0,0,0,0,0,0,0,4,0
processed,227,40,2,0,0,0,0,0,0,0,0,0
processed,632,142,5,0,0,0,0,0,0,1,10,0
processed,302,61,5,0,0,0,0,0,0,1,4,0
processed,1050,211,23,0,0,0,0,0,0,0,16,0
processed,193,44,2,0,0,0,0,0,0,0,5,0
processed,284,57,2,0,0,0,0,0,0,0,7,0
processed,549,112,4,0,0,0,0,0,0,0,10,0
processed,354,71,3,0,0,0,0,0,0,1,4,0
processed,111,22,1,0,0,0,0,0,0,0,1,0
processed,614,126,9,0,0,0,0,0,0,2,13,0
processed,240,48,6,0,0,0,0,0,0,0,6,0
processed,155,33,2,0,0,0,0,0,0,1,3,0
processed,743,160,6,0,0,0,0,0,0,1,14,0
processed,763,139,11,0,0,0,0,0,0,1,8,0
processed,510,96,8,0,0,0,0,0,0,2,10,0
processed,898,190,8,0,0,0,0,0,1,0,8,0
processed,549,101,5,0,0,0,0,0,0,0,11,0
processed,323,63,4,0,0,0,0,0,0,1,11,0
processed,558,102,8,0,0,0,0,0,0,4,11,1
processed,232,48,6,0,0,0,0,0,0,0,6,0
processed,736,155,7,0,0,0,0,0,0,3,8,0
processed,72,12,1,0,0,0,0,0,0,0,0,0
processed,257,42,7,0,0,0,0,0,0,0,4,0
processed,245,50,4,0,0,0,0,0,0,1,7,0
processed,239,53,5,0,0,0,0,0,0,1,3,0
processed,1004,209,6,0,0,0,0,0,0,1,22,0
processed,75,16,1,0,0,0,0,0,0,0,1,0
processed,120,21,1,0,0,0,0,0,0,1,1,0
processed,314,74,6,0,0,0,0,0,0,1,4,0
processed,230,43,3,1,0,0,0,0,0,0,5,0
processed,472,103,2,0,0,0,0,0,0,1,11,0
processed,495,104,5,0,0,0,0,0,0,3,5,0
processed,700,125,15,0,0,0,0,0,0,1,10,0
processed,102,20,1,0,0,0,0,0,0,0,3,0
processed,450,101,4,0,0,0,0,0,0,2,6,0
processed,54,12,1,0,0,0,0,0,0,0,4,0
processed,270,59,6,0,0,0,0,0,0,1,11,0
processed,110,18,1,0,0,0,0,0,0,0,2,0
processed,77,13,2,0,0,0,0,0,0,0,0,0
processed,234,41,5,0,0,0,0,0,0,0,3,0
processed,533,107,4,0,0,0,0,0,0,1,5,0
processed,813,159,20,0,0,0,0,0,0,5,13,0
processed,926,173,9,0,0,0,0,0,0,2,14,0
processed,761,158,10,0,0,0,0,0,0,6,11,0
processed,215,42,1,0,0,0,0,0,0,0,3,0
processed,386,73,8,0,0,0,0,0,0,0,9,0
processed,1273,265,8,1,0,0,0,0,0,3,27,0
processed,121,21,3,0,0,0,0,0,0,0,1,0
processed,174,38,4,0,0,0,0,0,0,1,4,0
processed,723,160,6,0,0,0,0,0,0,3,13,0
processed,10,3,1,0,0,0,0,0,0,0,1,0
processed,116,22,4,0,0,0,0,0,0,0,1,0
processed,490,95,5,0,0,0,0,0,0,0,7,0
processed,187,46,5,0,0,0,0,0,0,0,1,0
processed,146,17,2,0,0,0,0,0,0,0,0,0
processed,54,10,1,0,0,0,0,0,0,0,3,0
processed,816,163,11,0,0,0,0,0,0,3,6,0
processed,814,160,14,0,0,0,0,0,0,1,11,0
processed,126,31,1,0,0,0,0,0,0,0,4,0
processed,341,72,8,0,0,0,0,0,0,0,5,0
processed,54,11,2,0,0,0,0,0,0,0,0,1
processed,194,45,3,0,0,0,0,0,0,0,6,0
processed,205,47,4,0,0,0,0,0,0,0,3,0
processed,352,74,4,0,0,0,0,0,0,1,8,2
processed,40,10,1,0,0,0,0,0,0,0,0,0
processed,62,14,4,0,0,0,0,0,0,0,0,0
processed,28,4,1,0,0,0,0,0,0,0,1,0
processed,547,92,6,0,0,0,0,0,0,0,12,0
processed,391,77,7,0,0,0,0,0,0,0,8,0
processed,535,106,7,0,0,0,0,0,0,1,5,0
processed,179,37,4,0,0,0,0,0,0,0,5,0
processed,1485,284,12,0,0,0,0,0,0,2,16,0
processed,190,38,1,0,0,0,0,0,0,0,0,0
processed,121,25,1,0,0,0,0,0,0,1,5,0
processed,397,85,4,0,0,0,0,0,0,1,6,0
processed,50,10,2,0,0,0,0,0,0,0,0,0
processed,827,172,16,0,0,0,0,0,0,5,12,0
processed,28,3,1,0,0,0,0,0,0,0,0,0
processed,597,110,1,0,0,0,0,0,0,0,10,0
processed,615,117,5,0,0,0,0,0,0,0,11,0
processed,243,39,1,0,0,0,0,0,0,0,2,0
processed,500,96,7,0,0,0,0,0,0,1,3,0
processed,474,105,5,0,0,0,0,0,0,2,7,0
processed,121,26,3,0,0,0,0,0,0,0,2,0
processed,16,2,1,0,0,0,0,0,0,0,0,0
processed,84,22,2,0,0,0,0,0,0,1,1,0
processed,646,127,7,0,0,0,0,0,0,0,6,0
processed,576,119,5,0,0,0,0,0,0,1,8,0
processed,63,10,1,2,0,0,0,0,0,0,0,0
processed,85,19,1,0,0,0,0,0,0,0,3,0
processed,434,83,6,0,0,0,0,0,0,0,4,0
processed,191,35,2,0,0,0,0,0,0,0,3,0
processed,424,79,4,0,0,0,0,0,0,0,2,0
processed,721,147,12,1,0,0,0,0,0,2,13,1
processed,26,6,1,0,0,0,0,0,0,0,1,0
processed,255,47,2,0,0,0,0,0,0,0,4,0
processed,1333,284,17,0,0,0,0,0,0,10,29,0
processed,212,42,3,0,0,0,0,0,0,0,4,0
processed,663,112,5,0,0,0,0,0,0,1,8,0
processed,189,44,5,0,0,0,0,0,0,1,4,0
processed,514,94,9,0,0,0,0,0,0,0,14,0
processed,174,34,1,0,0,0,0,0,0,0,4,0
processed,69,17,4,0,0,0,0,0,0,0,3,0
processed,161,36,3,1,0,0,0,0,0,1,4,2
processed,287,60,3,0,0,0,0,0,0,1,7,0
processed,275,50,3,0,0,0,0,0,0,0,2,0
processed,508,91,8,0,0,0,0,0,0,0,8,0
processed,599,129,9,0,0,0,0,0,0,2,14,0
processed,481,100,5,0,0,0,0,0,0,1,7,0
processed,443,87,5,0,0,0,0,0,0,0,5,0
processed,661,127,8,0,0,0,0,0,0,2,11,0
processed,91,26,3,0,0,0,0,0,0,1,1,0
processed,229,44,2,0,0,0,0,0,0,0,3,0
processed,83,17,1,0,0,0,0,0,0,0,2,1
processed,191,36,1,0,0,0,0,0,0,1,4,0
processed,272,51,1,0,0,0,0,0,0,0,5,0
processed,386,80,4,0,0,0,0,0,0,0,4,0
processed,880,181,9,1,0,0,0,0,0,1,17,0
processed,111,22,1,0,0,0,0,0,0,0,1,0
processed,575,128,1,0,0,0,0,0,0,2,9,0
processed,125,29,1,0,0,0,0,0,0,0,4,0
processed,298,56,7,0,0,0,0,0,0,0,5,0
processed,312,59,5,0,0,0,0,0,0,0,3,1
processed,766,156,10,0,0,0,0,0,0,2,10,0
processed,485,94,3,0,0,0,0,0,0,2,6,0
processed,479,102,8,0,0,0,0,0,0,0,7,0
processed,303,56,5,0,0,0,0,0,0,0,3,0
processed,20,2,1,0,0,0,0,0,0,0,0,0
processed,290,60,3,0,0,0,0,0,0,0,6,0
processed,92,18,1,0,0,0,0,0,0,0,2,0
processed,285,56,7,0,0,0,0,0,0,0,3,0
processed,335,59,4,0,0,0,0,0,0,1,4,0
processed,469,88,10,0,0,0,0,0,0,0,6,0
processed,236,42,3,0,0,0,0,0,0,0,2,0
processed,88,18,2,0,0,0,0,0,0,0,1,0
processed,213,44,8,0,0,0,0,0,0,0,2,1
processed,164,30,3,0,0,0,0,0,0,0,0,0
processed,50,8,1,0,0,0,0,0,0,0,0,0
processed,30,5,1,0,0,0,0,0,0,0,0,0
processed,697,134,10,2,0,0,0,0,0,1,10,0
processed,196,39,3,0,0,0,0,0,0,1,3,0
processed,342,66,5,0,0,0,0,0,0,0,6,0
processed,528,107,19,0,0,0,0,0,0,1,6,0
processed,128,21,3,0,0,0,0,0,0,0,1,0
processed,325,65,6,0,0,0,0,0,0,0,4,0
processed,742,153,8,0,0,0,0,0,0,2,15,0
processed,38,6,1,0,0,0,0,0,0,0,1,0
processed,55,11,1,0,0,0,0,0,0,0,4,0
processed,1081,184,11,0,0,0,0,0,0,0,21,1
processed,699,143,9,0,0,0,0,0,0,1,17,0
processed,462,101,3,0,0,0,0,0,0,1,7,1
processed,361,77,1,0,0,0,0,0,0,3,7,0
processed,327,56,4,0,0,0,0,0,0,0,4,0
processed,285,50,5,0,0,0,0,0,0,0,30,0
processed,212,38,4,0,0,0,0,0,0,0,1,0
processed,252,38,1,0,0,0,0,0,0,0,9,0
processed,252,58,4,0,0,0,0,0,0,0,4,0
processed,101,19,2,0,0,0,0,0,0,0,0,0
processed,173,43,3,0,0,0,0,0,0,5,1,0
processed,188,34,3,0,0,0,0,0,0,0,2,0
processed,216,45,5,0,0,0,0,0,0,0,4,1
processed,1083,224,20,0,0,0,0,0,0,1,15,0
processed,477,100,4,0,0,0,0,0,0,1,7,0
processed,556,109,10,0,0,0,0,0,0,0,12,0
processed,460,91,7,0,0,0,0,0,0,1,5,0
processed,247,49,3,0,0,0,0,0,0,1,5,0
processed,9,2,1,0,0,0,0,0,0,0,1,0
processed,377,65,8,0,0,0,0,0,0,0,6,0
processed,409,77,6,0,0,0,0,0,0,1,5,0
processed,464,87,8,0,0,0,0,0,0,0,8,0
processed,675,135,11,0,0,0,0,0,0,1,9,0
processed,644,129,7,0,0,0,0,0,0,2,10,0
processed,625,131,7,0,0,0,0,0,0,3,8,0
processed,283,62,5,0,0,0,0,0,0,0,11,0
processed,546,116,2,0,0,0,0,0,0,0,11,0
processed,953,187,6,0,0,0,0,0,0,2,19,0
processed,1227,252,5,0,0,0,0,0,0,2,21,0
processed,110,17,1,0,0,0,0,0,0,0,2,0
processed,158,36,2,0,0,0,0,0,0,1,2,0
processed,267,49,1,0,0,0,0,0,0,1,4,0
processed,452,82,3,0,0,0,0,0,0,2,12,1
processed,476,99,1,0,0,0,0,0,0,0,8,0
processed,428,90,7,0,0,0,0,0,0,0,5,0
processed,389,77,5,0,0,0,0,0,0,3,5,0
processed,38,5,1,0,0,0,0,0,0,0,1,0
processed,105,25,4,0,0,0,0,0,0,0,8,0
processed,70,8,1,0,0,0,0,0,0,0,0,0
processed,456,104,6,0,0,0,0,0,0,0,14,0
processed,402,77,4,0,0,0,0,0,0,1,4,0
processed,154,24,3,0,0,0,0,0,0,0,3,0
processed,294,56,4,0,0,0,0,0,0,0,8,0
processed,409,78,3,0,0,0,0,0,0,1,7,1
processed,135,30,3,0,0,0,0,0,0,0,4,0
processed,34,5,1,0,0,0,0,0,0,0,1,0
processed,851,167,8,0,0,0,0,0,0,0,19,0
processed,293,63,6,0,0,0,0,0,0,4,7,0
processed,295,60,8,0,0,0,0,0,0,1,7,0
processed,55,11,1,0,0,0,0,0,0,0,2,0
processed,29,4,2,0,0,0,0,0,0,0,0,0
processed,1053,230,18,0,0,0,0,0,0,5,16,0
processed,155,26,1,0,0,0,0,0,0,1,2,0
processed,432,98,6,0,0,0,0,0,0,0,2,0
processed,426,84,5,0,0,0,0,0,0,1,5,0
processed,799,164,10,0,0,0,0,0,0,2,15,0
processed,262,62,8,0,0,0,0,0,0,0,8,0
processed,686,139,16,0,0,0,0,0,0,0,4,0
processed,175,29,2,0,0,0,0,0,0,0,1,0
processed,156,26,2,0,0,0,0,0,0,0,1,0
processed,1378,267,17,0,0,0,0,0,0,0,15,0
processed,153,33,7,0,0,0,0,0,0,1,3,0
processed,418,81,6,0,0,0,0,0,0,0,8,0
processed,12,3,1,0,0,0,0,0,0,0,1,0
processed,947,172,7,1,0,0,0,0,0,3,8,0
processed,704,112,4,0,0,0,0,0,0,3,6,0
processed,467,108,4,0,0,0,0,0,0,2,13,0
processed,832,170,14,0,0,0,0,0,0,4,8,1
processed,820,171,3,0,0,0,0,0,0,3,16,0
processed,154,36,3,0,0,0,0,0,0,1,4,0
processed,289,64,4,0,0,0,0,0,2,0,9,1
processed,279,55,4,0,0,0,0,0,0,1,3,0
processed,254,52,3,0,0,0,0,0,0,0,5,0
processed,346,70,8,0,0,0,0,0,0,0,9,0
processed,714,148,5,0,0,0,0,0,0,2,9,0
processed,872,180,10,0,0,0,0,0,0,0,12,0
processed,265,50,2,0,0,0,0,0,1,0,7,0
processed,260,51,4,0,0,0,0,0,0,0,2,1
processed,1301,274,11,0,0,0,0,0,0,3,18,0
processed,488,95,6,0,0,0,0,0,0,0,3,0
processed,550,102,3,0,0,0,0,0,0,0,9,0
processed,114,26,3,0,0,0,0,0,2,0,2,0
processed,224,33,1,0,0,0,0,0,0,0,1,1
processed,603,117,9,0,0,0,0,0,0,1,8,0
processed,1239,276,15,0,0,0,0,0,0,4,15,0
processed,435,92,8,0,0,0,0,0,0,4,14,0
processed,54,10,2,0,0,0,0,0,0,0,1,1
processed,516,109,5,3,0,0,0,0,0,0,9,0
processed,401,85,3,0,0,0,0,0,0,1,11,0
processed,538,117,7,3,0,0,0,0,0,2,6,0
processed,152,29,1,0,0,0,0,0,0,0,2,0
processed,225,41,5,0,0,0,0,0,0,0,2,0
processed,675,133,8,0,0,0,0,0,0,0,10,0
processed,79,14,1,0,0,0,0,0,0,0,0,0
processed,70,15,1,0,0,0,0,0,0,0,4,0
processed,770,161,7,0,0,0,0,0,0,1,6,1
processed,1444,297,14,1,0,0,0,0,0,3,31,0
processed,247,49,3,0,0,0,0,0,0,0,3,0
processed,49,10,2,0,0,0,0,0,0,0,1,0
processed,328,67,3,0,0,0,0,0,0,0,3,0
processed,291,51,2,0,0,0,0,0,0,0,3,0
processed,89,18,3,0,0,0,0,0,0,0,5,0
processed,39,8,1,0,0,0,0,0,0,0,1,0
processed,261,46,1,0,0,0,0,0,0,0,0,0
processed,308,51,2,0,0,0,0,0,0,0,5,0
processed,150,29,2,0,0,0,0,0,0,0,4,0
processed,168,31,3,0,0,0,0,0,0,1,2,0
processed,309,57,5,0,0,0,0,0,0,1,3,0
processed,117,20,2,0,0,0,0,0,0,0,3,0
processed,627,136,12,0,0,0,0,0,0,1,13,0
processed,230,50,5,0,0,0,0,0,0,2,4,0
processed,113,18,1,0,0,0,0,0,0,0,2,0
processed,409,83,10,0,0,0,0,0,0,0,11,0
processed,242,43,1,0,0,0,0,0,0,0,5,0
processed,560,114,7,0,0,0,0,0,0,0,10,1
processed,117,22,3,0,0,0,0,0,0,0,1,0
processed,372,76,14,0,0,0,0,0,0,1,10,2
processed,340,65,4,0,1,0,0,0,0,1,8,0
processed,507,102,4,0,0,0,0,0,0,0,7,0
processed,333,70,3,0,0,0,0,0,0,0,8,0
processed,466,108,4,0,0,0,0,0,0,2,9,0
processed,79,16,3,0,0,0,0,0,0,0,2,0
processed,619,119,7,0,0,0,0,0,0,1,13,0
processed,216,34,4,0,0,0,0,0,0,0,5,0
processed,147,25,2,0,0,0,0,0,0,1,1,0
processed,177,23,1,0,0,0,0,0,0,0,2,0
processed,737,142,5,0,0,0,0,0,0,0,18,0
processed,1294,264,14,0,0,0,0,0,0,0,17,0
processed,149,33,4,0,0,0,0,0,0,0,2,0
processed,68,10,1,0,0,0,0,0,0,0,2,0
processed,183,37,4,0,0,0,0,0,0,1,4,0
processed,743,149,2,3,0,0,0,0,0,3,12,0
processed,186,35,4,0,0,0,0,0,0,0,2,0
processed,190,36,3,0,0,0,0,0,0,1,3,0
processed,248,55,5,0,0,0,0,0,0,0,4,0
processed,527,111,12,0,0,0,0,0,0,2,6,1
processed,355,73,4,0,0,0,0,0,0,0,7,0
processed,466,100,5,0,0,0,0,0,0,1,10,0
processed,203,38,3,0,0,0,0,0,0,0,4,0
processed,1183,255,9,0,0,0,0,0,0,2,11,0
processed,1123,198,5,2,0,0,0,0,0,2,16,0
processed,300,52,1,0,0,0,0,0,0,0,3,0
processed,99,19,1,0,0,0,0,0,0,1,3,0
processed,241,47,2,0,0,0,0,0,0,0,1,0
processed,424,91,5,0,0,0,0,0,0,1,13,0
processed,483,100,4,0,0,0,0,0,0,0,6,0
processed,995,201,7,0,0,0,0,0,0,0,26,0
processed,198,33,5,0,0,0,0,0,0,0,1,0
processed,296,55,4,0,0,0,0,0,0,1,6,1
processed,720,156,6,0,0,0,0,0,0,1,6,0
processed,730,157,9,0,0,0,0,0,0,2,11,0
processed,90,19,2,0,0,0,0,0,0,0,1,0
processed,94,17,1,0,0,0,0,0,0,0,4,0
processed,403,82,5,0,0,0,0,0,0,2,4,0
processed,394,86,3,0,0,0,0,0,0,0,8,0
processed,133,28,1,0,0,0,0,0,0,0,1,0
processed,53,13,1,0,0,0,0,0,0,0,2,0
processed,492,99,5,0,0,0,0,0,0,3,5,1
processed,131,24,4,0,0,0,0,0,0,0,2,0
processed,200,34,2,0,0,0,0,0,0,0,1,0
processed,1762,360,21,2,0,0,0,0,0,4,25,0
processed,702,137,8,0,0,0,0,0,0,0,13,1
processed,833,151,1,0,0,0,0,0,0,2,11,0
processed,62,13,2,0,0,0,0,0,0,0,1,0
processed,635,115,2,0,0,0,0,0,0,1,7,1
processed,536,112,4,0,0,0,0,0,0,5,6,0
processed,98,20,3,2,0,0,0,0,0,0,3,0
processed,203,41,7,0,0,0,0,0,0,0,3,0
processed,599,120,13,0,0,0,0,0,0,1,8,0
processed,403,74,4,0,0,0,0,0,0,2,4,0
processed,750,160,15,0,0,0,0,0,0,4,13,0
processed,640,118,6,0,0,0,0,0,0,0,10,0
processed,105,23,4,0,0,0,0,0,0,1,1,0
processed,695,148,10,0,0,0,0,0,0,2,12,0
processed,146,33,3,0,0,0,0,0,0,0,2,0
processed,826,163,10,0,0,0,0,0,0,1,16,0
processed,460,102,6,0,0,0,0,0,0,2,9,0
processed,107,22,3,0,0,0,0,0,0,0,2,0
processed,439,89,6,0,0,0,0,0,0,0,6,0
processed,139,25,3,0,0,0,0,0,0,0,4,0
processed,613,135,5,0,0,0,0,0,0,4,8,0
processed,477,94,1,0,0,0,0,0,0,0,5,1
processed,272,53,3,0,0,0,0,0,0,2,5,0
processed,1808,410,14,0,0,0,0,0,0,1,48,1
processed,600,126,14,0,0,0,0,0,0,2,17,0
processed,149,23,3,0,0,0,0,0,0,0,1,0
processed,199,41,4,0,0,0,0,0,0,2,2,1
processed,592,115,5,0,0,0,0,0,0,3,10,0
processed,391,76,8,0,0,0,0,0,0,0,3,0
processed,368,72,3,0,0,0,0,0,0,0,6,1
processed,115,26,3,0,0,0,0,0,0,0,1,0
processed,519,93,2,0,0,0,0,0,0,0,4,2
processed,703,146,6,0,0,0,0,0,0,1,10,0
processed,198,42,3,0,0,0,0,0,0,0,5,0
processed,79,12,2,0,0,0,0,0,0,0,0,0
processed,125,23,2,0,0,0,0,0,0,0,0,0
processed,135,24,4,0,0,0,0,0,0,0,2,0
processed,113,27,2,0,0,0,0,0,0,1,1,0
processed,620,125,12,0,0,0,0,0,0,0,9,0
processed,1292,262,29,0,0,0,0,0,0,3,21,0
processed,1005,202,1,9,0,0,0,0,0,2,13,0
processed,328,65,3,0,0,0,0,0,0,0,6,0
processed,669,135,3,0,0,0,0,0,0,0,13,0
processed,1156,220,8,0,0,0,0,0,0,0,22,0
processed,157,29,1,0,0,0,0,0,0,0,2,0
processed,418,84,4,0,0,0,0,0,1,3,17,0
processed,251,46,4,0,0,0,0,0,0,1,2,0
processed,151,28,2,0,0,0,0,0,0,0,2,0
processed,639,130,6,0,0,0,0,0,0,0,7,0
processed,45,11,1,0,0,0,0,0,0,0,1,0
processed,213,45,2,0,0,0,0,0,0,0,6,0
processed,72,12,2,0,0,0,0,0,0,0,1,0
processed,346,73,2,0,0,0,0,0,0,1,4,0
processed,514,106,8,0,0,0,0,0,0,4,13,1
processed,38,8,2,0,0,0,0,0,0,0,1,0
processed,576,105,5,0,0,0,0,0,0,1,4,0
processed,212,42,3,0,0,0,0,0,0,0,2,0
processed,503,101,6,0,0,0,0,0,0,1,7,0
processed,135,25,1,0,0,0,0,0,0,0,8,0
processed,197,42,4,0,0,0,0,0,0,1,2,0
processed,204,45,3,0,0,0,0,0,0,0,6,0
processed,447,79,2,0,0,0,0,0,0,1,1,0
processed,299,55,1,1,0,0,0,0,0,1,3,0
processed,108,18,2,0,0,0,0,0,0,0,4,0
processed,169,30,2,0,0,0,0,0,0,1,4,0
processed,547,114,6,0,0,0,0,0,0,0,6,0
processed,350,67,6,0,0,0,0,0,0,1,6,0
processed,425,80,3,0,0,0,0,0,0,1,7,0
processed,492,88,1,0,0,0,0,0,0,1,6,0
processed,1224,204,5,4,0,0,0,0,0,1,19,0
processed,224,48,8,0,0,0,0,0,0,0,4,0
processed,445,86,3,0,0,0,0,0,0,1,7,0
processed,239,45,2,0,0,0,0,0,0,0,4,0
processed,304,58,2,0,0,0,0,0,0,1,3,0
processed,199,36,1,0,0,0,0,0,0,0,4,0
processed,581,102,1,0,0,0,0,0,0,2,9,0
processed,204,41,1,0,0,0,0,0,0,0,7,0
processed,526,101,5,0,0,0,0,0,0,0,7,0
processed,661,130,10,0,0,0,0,0,0,2,17,0
processed,548,109,4,0,0,0,0,0,0,3,12,0
processed,274,58,5,0,0,0,0,0,0,1,5,0
processed,644,122,8,0,0,0,0,0,0,1,8,0
processed,310,57,2,0,0,0,0,0,0,0,5,0
processed,322,61,6,0,0,0,0,0,0,1,4,1
processed,570,122,6,0,0,0,0,0,0,1,16,0
processed,376,73,3,0,0,0,0,0,0,0,7,0
processed,317,65,6,0,0,0,0,0,0,1,4,0
processed,499,110,5,0,0,0,0,0,0,5,14,0
processed,264,49,4,0,0,0,0,0,0,0,1,0
processed,124,25,3,0,0,0,0,0,0,1,2,0
processed,19,4,1,0,0,0,0,0,0,0,1,0
processed,1112,223,9,0,0,0,0,0,0,3,18,0
processed,308,45,4,0,0,0,0,0,0,1,3,0
processed,850,155,7,0,0,0,0,0,0,0,27,0
processed,486,107,5,0,0,0,0,0,0,1,9,0
processed,514,99,2,0,0,0,0,0,0,2,4,1
processed,604,144,1,0,0,0,0,0,0,0,9,0
processed,1030,206,10,2,0,0,0,0,0,2,13,2
processed,325,68,1,0,0,0,0,0,0,5,6,0
processed,349,67,3,0,0,0,0,0,0,1,9,0
processed,126,18,3,0,0,0,0,0,0,0,1,0
processed,819,164,15,0,0,0,0,0,0,1,9,0
processed,565,107,8,0,0,0,0,0,0,0,7,0
processed,57,10,2,0,0,0,0,0,0,1,1,0
processed,571,102,6,0,0,0,0,0,0,1,9,0
processed,504,103,10,0,0,0,0,0,0,2,9,0
processed,332,71,11,0,0,0,0,0,0,0,5,2
processed,84,19,1,0,0,0,0,0,0,0,2,0
processed,329,74,6,0,0,0,0,0,0,0,7,0
processed,1806,383,15,0,0,0,0,0,0,0,23,0
processed,701,143,11,0,0,0,0,0,0,0,12,1
processed,137,27,3,0,0,0,0,0,0,0,1,0
processed,291,55,4,0,0,0,0,0,0,0,7,0
processed,1247,257,8,0,0,0,0,0,0,4,19,0
processed,530,103,1,0,0,0,0,0,0,1,8,0
processed,321,66,4,0,0,0,0,0,0,0,0,1
processed,626,126,6,0,0,0,0,0,0,0,17,0
processed,233,51,4,0,0,0,0,0,0,0,6,0
processed,371,62,6,0,0,0,0,0,0,0,3,0
processed,774,138,9,0,0,0,0,0,0,0,6,0
processed,420,80,9,0,0,0,0,0,0,0,7,0
processed,349,46,1,0,0,0,0,0,0,0,0,0
processed,357,72,5,0,0,0,0,0,0,1,4,0
processed,134,23,1,0,0,0,0,0,0,0,0,0
processed,119,22,1,0,0,0,0,0,0,0,2,0
processed,183,36,8,0,0,0,0,0,0,0,3,0
processed,648,140,6,0,0,0,0,0,0,4,16,0
processed,367,72,1,0,0,0,0,0,0,1,4,0
processed,654,129,7,1,0,0,0,0,0,1,7,1
processed,10,1,1,0,0,0,0,0,0,0,0,0
processed,501,110,9,0,0,0,0,0,0,1,5,0
processed,1616,318,14,0,0,0,0,0,0,1,21,0
processed,170,32,1,1,0,0,0,0,0,1,5,0
processed,259,47,3,0,0,0,0,0,0,1,4,0
processed,517,107,7,0,0,0,0,0,0,1,7,1
processed,583,120,7,2,0,0,0,0,2,2,9,0
processed,642,128,7,0,0,0,0,0,0,1,7,0
processed,685,126,5,3,0,0,0,0,0,0,8,0
processed,416,70,7,0,0,0,0,0,0,0,7,0
processed,651,132,5,0,0,0,0,0,0,2,8,2
processed,606,129,8,0,0,0,0,0,0,2,22,0
processed,182,38,4,0,0,0,0,0,0,0,8,0
processed,509,108,6,0,0,0,0,0,0,0,12,0
processed,1090,207,5,0,0,0,0,0,0,3,14,1
processed,119,27,3,0,0,0,0,0,0,0,2,0
processed,260,55,4,0,0,0,0,0,0,1,8,0
processed,553,121,9,0,0,0,0,0,0,1,6,0
processed,547,126,10,0,0,0,0,0,1,2,11,0
processed,20,4,1,0,0,0,0,0,0,0,2,0
processed,38,8,1,0,0,0,0,0,0,1,2,0
processed,146,27,6,0,0,0,0,0,0,0,1,0
processed,499,94,7,0,0,0,0,0,1,1,6,0
processed,138,31,1,0,0,0,0,0,0,0,4,0
processed,656,145,5,0,0,0,0,0,0,1,15,0
processed,831,179,11,0,0,0,0,0,0,3,13,1
processed,40,10,1,0,0,0,0,0,0,0,1,0
processed,483,92,3,0,0,0,0,0,0,0,8,0
processed,543,110,8,0,0,0,0,0,0,2,13,0
processed,579,132,7,0,0,0,0,0,0,1,18,0
processed,459,85,3,0,0,0,0,0,0,1,3,0
processed,27,6,1,0,0,0,0,0,0,0,1,0
processed,138,27,2,0,0,0,0,0,0,0,2,0
processed,180,39,3,0,0,0,0,0,0,1,1,0
processed,207,40,5,0,0,0,0,0,0,0,4,0
processed,561,114,5,0,0,0,0,0,0,1,7,0
processed,189,40,7,0,0,0,0,0,0,2,2,0
processed,329,62,4,0,0,0,0,0,0,0,1,0
processed,218,38,1,0,0,0,0,0,0,0,2,0
processed,120,25,2,0,0,0,0,0,0,0,1,0
processed,27,5,1,0,0,0,0,0,0,0,1,0
processed,114,22,1,0,0,0,0,0,0,0,1,0
processed,195,36,1,0,0,0,0,0,0,1,5,0
processed,280,67,21,0,0,0,0,0,0,1,3,0
processed,558,116,6,0,0,0,0,0,0,1,8,0
processed,523,102,6,0,0,0,0,0,0,0,5,0
processed,1986,394,14,0,0,0,0,0,0,1,21,1
processed,1173,243,20,0,0,0,0,0,0,4,14,0
processed,488,98,9,0,0,0,0,0,0,2,10,0
processed,489,101,2,0,0,0,0,0,0,0,8,0
processed,346,72,6,0,0,0,0,0,0,0,5,0
processed,125,27,2,0,0,0,0,0,0,0,1,0
processed,710,153,7,0,0,0,0,0,0,1,16,0
processed,217,31,2,0,0,0,0,0,0,0,3,0
processed,544,104,8,0,0,0,0,0,0,3,10,2
processed,618,126,7,0,0,0,0,0,0,5,9,0
processed,547,101,6,0,0,0,0,0,0,3,7,0
processed,263,53,3,0,0,0,0,0,0,0,6,0
processed,485,106,11,0,0,0,0,0,0,0,10,0
processed,307,74,5,0,0,0,0,0,0,3,0,0
processed,72,14,1,0,0,0,0,0,0,0,2,0
processed,63,13,1,0,0,0,0,0,0,0,1,0
processed,356,79,4,0,0,0,0,0,0,1,4,0
processed,156,32,3,0,0,0,0,0,0,0,1,0
processed,44,9,3,0,0,0,0,0,0,0,0,0
processed,82,17,3,0,0,0,0,0,0,0,1,0
processed,153,24,2,0,0,0,0,0,0,0,0,0
processed,466,91,4,0,0,0,0,0,0,0,8,0
processed,192,43,1,0,0,0,0,0,0,0,5,0
processed,103,16,4,0,0,0,0,0,0,0,1,0
processed,1658,337,31,0,0,0,0,0,1,4,15,1
processed,299,42,1,0,0,0,0,0,0,0,3,0
processed,47,8,1,0,0,0,0,0,0,0,0,0
processed,455,94,10,0,0,0,0,0,0,1,12,0
processed,283,58,6,0,0,0,0,0,0,0,6,0
processed,1126,258,24,0,0,0,0,0,0,2,27,0
processed,244,47,4,0,0,0,0,0,0,0,3,0
processed,168,28,2,0,0,0,0,0,0,0,3,0
processed,1204,225,9,0,0,0,0,0,0,2,16,0
processed,496,122,7,0,0,0,0,0,0,1,11,0
processed,12,3,1,0,0,0,0,0,0,0,1,0
processed,743,142,1,0,0,0,0,0,0,0,10,0
processed,400,79,5,0,0,0,0,0,0,0,11,1
processed,148,36,3,0,0,0,0,0,0,1,8,0
processed,86,17,1,0,0,0,0,0,0,0,2,0
processed,655,118,3,0,0,0,0,0,0,1,6,0
processed,213,34,4,0,0,0,0,0,0,0,0,0
processed,593,123,6,0,0,0,0,0,0,3,7,0
processed,1497,292,12,0,0,0,0,0,0,4,18,0
processed,2068,433,33,0,0,0,0,0,0,10,45,0
processed,74,14,1,0,0,0,0,0,0,0,2,0
processed,124,21,2,0,0,0,0,0,0,0,0,0
processed,217,46,4,0,0,0,0,0,0,0,2,0
processed,539,106,13,0,0,0,0,0,0,4,5,0
processed,359,68,3,0,0,0,0,0,0,0,2,0
processed,164,36,2,0,0,0,0,0,0,1,1,0
processed,591,115,6,0,0,0,0,0,0,4,7,0
processed,854,182,6,0,0,0,0,0,0,2,8,0
processed,252,54,2,0,0,0,0,0,0,0,1,0
processed,701,134,8,0,0,0,0,0,0,2,10,0
processed,328,58,5,0,0,0,0,0,0,0,4,0
processed,322,57,3,0,0,0,0,0,0,0,9,0
processed,322,67,5,0,0,0,0,0,0,0,9,0
processed,588,125,5,0,0,0,0,0,0,3,9,0
processed,698,143,9,0,0,0,0,0,0,1,11,0
processed,384,66,3,0,0,0,0,0,0,0,2,0
processed,881,193,5,0,0,0,0,0,0,0,19,0
processed,539,106,8,0,0,0,0,0,0,1,6,2
processed,127,20,1,0,0,0,0,0,0,0,2,0
processed,183,33,2,1,0,0,0,0,0,0,2,0
processed,617,112,3,0,0,0,0,0,0,2,11,0
processed,182,35,2,0,0,0,0,0,0,0,1,0
processed,243,44,4,0,0,0,0,0,0,0,3,0
processed,137,29,4,0,0,0,0,0,0,0,4,0
processed,347,68,2,0,0,0,0,0,0,1,3,0
processed,82,17,2,0,0,0,0,0,0,0,0,0
processed,738,153,8,0,0,0,0,0,0,3,11,0
processed,1402,279,12,0,0,0,0,0,0,1,15,1
processed,957,194,10,0,0,0,0,0,0,3,17,0
processed,92,14,2,0,0,0,0,0,0,0,0,0
processed,193,39,3,0,0,0,0,0,0,1,2,0
processed,99,18,1,0,0,0,0,0,0,0,1,0
processed,629,109,7,0,0,0,0,0,0,0,11,0
processed,172,37,2,0,0,0,0,0,0,0,3,0
processed,622,119,9,0,0,0,0,0,0,2,10,0
processed,28,5,2,0,0,0,0,0,0,0,0,0
processed,293,64,5,0,0,0,0,0,0,0,6,0
processed,527,108,1,0,0,0,0,0,0,1,8,0
processed,435,99,5,0,0,0,0,0,0,1,7,0
processed,437,96,8,0,0,0,0,0,0,1,8,0
processed,311,55,6,0,0,0,0,0,0,0,3,0
processed,234,49,2,0,0,0,0,0,0,0,5,0
processed,206,37,2,2,0,0,0,0,0,0,7,0
processed,1090,222,16,0,0,0,0,0,0,3,21,0
processed,248,47,1,0,0,0,0,0,0,0,4,0
processed,1303,240,3,0,0,0,0,0,0,2,18,1
processed,292,57,3,0,0,0,0,0,0,0,4,0
processed,521,106,8,0,0,0,0,0,0,0,11,0
processed,184,41,1,0,0,0,0,0,0,0,7,0
processed,70,12,1,0,0,0,0,0,0,0,0,0
processed,461,100,6,0,0,0,0,0,0,1,6,0
processed,377,73,7,0,0,0,0,0,0,0,6,0
processed,191,25,2,1,0,0,0,0,0,0,2,0
processed,326,71,1,0,0,0,0,0,0,2,2,0
processed,241,53,1,0,0,0,0,0,0,0,1,0
processed,443,90,5,0,0,0,0,0,0,0,0,0
processed,805,164,10,0,0,0,0,0,0,0,12,0
processed,1462,293,14,9,0,0,0,0,0,0,33,0
processed,189,35,4,0,0,0,0,0,0,0,0,2
processed,231,53,5,0,0,0,0,0,0,1,5,0
processed,41,8,2,0,0,0,0,0,0,0,0,0
processed,568,116,2,0,0,0,0,0,0,1,13,0
processed,896,177,7,0,0,0,0,0,0,1,13,0
processed,406,84,3,0,0,0,0,0,0,0,8,0
processed,191,41,3,0,0,0,0,0,0,0,3,1
processed,677,142,13,0,0,0,0,0,2,2,10,1
processed,1572,333,11,0,0,0,0,0,0,2,21,0
processed,1463,287,22,0,0,0,0,0,0,2,19,0
processed,242,48,2,0,0,0,0,0,0,0,10,0
processed,486,98,7,1,0,0,0,0,0,3,8,0
processed,1844,351,9,0,0,0,0,0,0,0,14,0
processed,1324,266,21,0,0,0,0,0,0,1,11,0
processed,624,115,4,0,0,0,0,0,0,1,6,0
processed,32,6,1,0,0,0,0,0,0,0,0,0
processed,123,19,2,0,0,0,0,0,0,1,0,0
processed,571,129,4,0,0,0,0,0,0,3,11,0
processed,2244,439,34,0,0,0,0,0,0,4,50,0
processed,193,41,3,0,0,0,0,0,0,0,3,0
processed,151,31,4,0,0,0,0,0,0,2,4,0
processed,285,73,4,0,0,0,0,0,0,0,7,0
processed,330,64,4,0,0,0,0,0,0,1,3,0
processed,47,10,1,0,0,0,0,0,0,0,1,0
processed,300,58,6,0,0,0,0,0,0,0,5,0
processed,508,102,1,0,0,0,0,0,0,2,4,0
processed,155,37,3,0,0,0,0,0,0,0,2,0
processed,110,24,4,0,0,0,0,0,0,1,3,0
processed,295,54,2,0,0,0,0,0,0,1,4,0
processed,149,29,4,0,0,0,0,0,0,0,1,0
processed,314,67,4,0,0,0,0,0,0,3,4,0
processed,1556,319,19,0,0,0,0,0,0,4,19,0
processed,907,169,9,0,0,0,0,0,0,0,19,0
processed,291,56,6,0,0,0,0,0,0,0,5,0
processed,150,37,5,0,0,0,0,0,0,0,2,0
processed,329,74,5,1,0,0,0,0,0,1,9,0
processed,449,90,7,1,0,0,0,0,0,0,4,1
processed,115,27,1,0,0,0,0,0,0,0,1,0
processed,419,86,6,0,0,0,0,0,0,3,7,0
processed,269,60,1,0,0,0,0,0,0,0,1,0
processed,19,3,1,0,0,0,0,0,0,0,0,0
processed,519,95,7,0,0,0,0,0,0,0,5,0
processed,167,36,5,0,0,0,0,0,0,1,4,0
processed,439,83,4,0,0,0,0,0,0,0,9,0
processed,3,1,1,0,0,0,0,0,0,0,1,0
processed,566,105,6,0,0,0,0,0,0,0,1,0
processed,144,27,3,0,0,0,0,0,0,0,2,0
processed,390,78,5,0,0,0,0,0,0,1,6,0
processed,376,72,4,0,0,0,0,0,0,0,5,0
processed,450,104,1,0,0,0,0,0,0,3,14,0
processed,44,9,3,0,0,0,0,0,0,0,1,0
processed,926,216,8,0,0,0,0,0,0,0,16,0
processed,335,72,5,0,0,0,0,0,0,0,4,0
processed,966,150,10,0,0,0,0,0,0,1,7,1
processed,59,13,3,0,0,0,0,0,0,0,2,0
processed,326,73,9,0,0,0,0,0,0,2,6,0
processed,97,19,1,0,0,0,0,0,0,1,1,0
processed,183,36,4,0,0,0,0,0,0,0,2,0
processed,202,41,2,0,0,0,0,0,0,0,3,0
processed,948,193,14,0,0,0,0,0,0,0,6,0
processed,83,17,2,0,0,0,0,0,0,0,2,0
processed,422,88,4,0,0,0,0,0,0,0,8,0
processed,2455,488,26,0,0,0,0,0,0,2,31,0
processed,165,34,1,0,0,0,0,0,0,2,0,0
processed,241,50,2,0,0,0,0,0,0,0,4,0
processed,207,39,2,0,0,0,0,0,0,0,5,0
processed,601,110,10,0,0,0,0,0,0,0,4,2
processed,99,18,1,0,0,0,0,0,0,0,4,0
processed,59,12,2,0,0,0,0,0,0,0,0,0
processed,184,36,3,0,0,0,0,0,0,0,1,0
processed,163,33,2,0,0,0,0,0,0,0,4,0
processed,196,39,5,0,0,0,0,0,0,0,6,1
processed,409,92,4,0,0,0,0,0,0,1,9,0
processed,359,79,4,0,0,0,0,0,0,1,6,0
processed,519,109,8,0,0,0,0,0,0,2,7,0
processed,107,23,2,0,0,0,0,0,0,0,3,0
processed,978,195,22,0,0,0,0,0,0,2,24,1
processed,292,60,7,0,0,0,0,0,0,2,3,0
processed,750,166,6,0,0,0,0,0,0,2,10,0
processed,573,107,6,0,0,0,0,0,0,0,16,0
processed,93,16,1,0,0,0,0,0,0,0,1,0
processed,333,65,4,0,0,0,0,0,0,0,11,0
processed,411,71,1,0,0,0,0,0,0,0,2,0
processed,218,44,2,0,0,0,0,0,0,0,1,0
processed,119,23,1,0,0,0,0,0,0,0,2,0
processed,499,92,5,0,0,0,0,0,0,0,10,0
processed,437,93,6,0,0,0,0,0,0,1,8,0
processed,336,64,3,0,0,0,0,0,0,0,4,0
processed,385,74,2,0,0,0,0,0,0,0,7,0
processed,200,33,4,0,0,0,0,0,0,0,3,0
processed,259,55,5,0,0,0,0,0,0,0,5,0
processed,205,33,1,0,0,0,0,0,0,0,5,0
processed,516,107,7,0,0,0,0,0,0,1,8,1
processed,556,120,15,0,0,0,0,0,0,2,7,0
processed,1275,223,13,0,0,0,0,0,0,4,14,0
processed,213,42,2,0,0,0,0,0,0,1,4,0
processed,941,203,14,0,0,0,0,0,0,1,13,0
processed,1448,288,17,0,0,0,0,0,0,3,24,0
processed,208,39,3,0,0,0,0,0,0,1,3,0
processed,500,84,5,0,0,0,0,0,0,2,3,0
processed,463,92,6,0,0,0,0,0,0,0,5,0
processed,399,71,6,0,0,0,0,0,0,0,6,0
processed,565,116,3,0,0,0,0,0,0,1,14,0
processed,98,21,1,0,0,0,0,0,0,0,2,0
processed,1044,226,11,0,0,0,0,0,0,1,19,2
processed,195,42,1,0,0,0,0,0,0,0,7,0
processed,58,8,1,0,0,0,0,0,0,0,0,0
processed,222,39,1,0,0,0,0,0,0,0,3,0
processed,118,24,1,0,0,0,0,0,0,0,4,0
processed,474,95,1,0,0,0,0,0,0,2,6,0
processed,614,126,11,0,0,0,0,0,0,2,14,0
processed,493,103,6,0,0,0,0,0,0,0,7,0
processed,40,9,1,0,0,0,0,0,0,0,0,0
processed,227,49,1,0,0,0,0,0,0,1,6,0
processed,105,20,4,0,0,0,0,0,0,0,1,0
processed,69,14,1,0,0,0,0,0,0,0,2,0
processed,453,88,4,0,0,0,0,0,0,0,9,0
processed,37,5,1,0,0,0,0,0,0,0,0,0
processed,1657,324,19,1,0,0,0,0,0,1,35,0
processed,96,21,3,0,0,0,0,0,0,0,2,0
processed,78,13,1,0,0,0,0,0,0,0,4,0
processed,633,125,8,0,0,0,0,0,0,2,12,0
processed,587,119,7,0,0,0,0,0,0,0,7,2
processed,764,160,4,0,0,0,0,0,0,2,13,0
processed,580,130,8,0,0,0,0,0,0,4,11,0
processed,117,20,3,0,0,0,0,0,0,0,0,0
processed,687,145,9,0,0,0,0,0,0,2,7,1
processed,750,150,11,0,0,0,0,0,0,0,10,0
processed,50,8,1,0,0,0,0,0,0,0,1,0
processed,43,7,1,0,0,0,0,0,0,0,1,0
processed,57,11,1,0,0,0,0,0,0,0,1,0
processed,122,29,6,0,0,0,0,0,0,0,2,0
processed,431,91,6,0,0,0,0,0,0,2,8,1
processed,385,71,3,0,0,0,0,0,0,1,5,0
processed,430,84,5,0,0,0,0,0,0,0,2,0
processed,164,31,1,0,0,0,0,0,0,1,2,0
processed,266,54,3,0,0,0,0,0,0,0,5,0
processed,510,99,6,0,0,0,0,0,0,0,11,0
processed,178,36,4,0,0,0,0,0,0,1,0,0
processed,15,2,1,0,0,0,0,0,0,0,1,0
processed,268,49,5,0,0,0,0,0,0,0,3,0
processed,875,167,14,0,0,0,0,0,0,2,12,0
processed,119,24,3,0,0,0,0,0,0,0,0,1
processed,42,5,2,0,0,0,0,0,0,0,0,0
processed,153,28,4,0,0,0,0,0,0,0,4,0
processed,220,43,5,0,0,0,0,0,0,1,1,0
processed,648,124,11,0,0,0,0,0,0,1,6,0
processed,187,41,1,0,0,0,0,0,0,1,2,0
processed,480,91,9,0,0,0,0,0,0,0,3,0
processed,266,54,2,0,0,0,0,0,0,0,7,0
processed,261,58,8,0,0,0,0,0,0,1,3,0
processed,476,99,7,0,0,0,0,0,0,1,6,0
processed,24,4,1,0,0,0,0,0,0,0,0,0
processed,66,12,2,0,0,0,0,0,0,0,1,0
processed,189,37,2,0,0,0,0,0,0,1,2,0
processed,210,38,2,0,0,0,0,0,0,0,6,0
processed,1030,206,10,0,0,0,0,0,0,0,17,0
processed,235,37,4,0,0,0,0,0,0,1,1,0
processed,465,107,14,0,0,0,0,0,0,5,8,0
processed,157,30,3,0,0,0,0,0,0,0,2,0
processed,876,188,12,6,0,0,0,0,0,6,12,0
processed,163,33,1,0,0,0,0,0,0,0,2,0
processed,89,13,4,0,0,0,0,0,0,0,1,0
processed,276,56,6,0,0,0,0,0,0,0,6,0
processed,687,137,14,0,0,0,0,0,0,3,10,0
processed,362,73,8,0,0,0,0,0,0,0,1,0
processed,475,103,8,0,0,0,0,0,0,0,7,0
processed,197,41,3,0,0,0,0,0,0,0,4,0
processed,262,49,4,0,0,0,0,0,0,0,4,0
processed,577,90,3,0,0,0,0,0,0,2,6,0
processed,672,140,6,1,0,0,0,0,0,0,19,0
processed,58,12,1,0,0,0,0,0,0,0,1,0
processed,373,75,6,0,0,0,0,0,0,0,7,0
processed,66,11,1,0,0,0,0,0,0,1,1,0
processed,180,36,2,0,0,0,0,0,0,0,2,0
processed,477,97,1,0,0,0,0,0,0,0,12,0
processed,231,35,2,0,0,0,0,0,0,0,5,0
processed,153,29,1,0,0,0,0,0,0,0,2,0
processed,271,53,3,0,0,0,0,0,0,0,7,0
processed,502,99,5,0,0,0,0,0,0,1,3,0
processed,400,84,5,0,0,0,0,0,0,0,4,0
processed,94,15,2,0,0,0,0,0,0,0,1,0
processed,265,54,4,0,0,0,0,0,0,0,6,0
processed,462,94,7,0,0,0,0,0,0,1,7,0
processed,83,13,1,0,0,0,0,0,0,0,1,0
processed,4207,876,19,0,0,0,0,0,0,4,84,0
processed,255,49,1,0,0,0,0,0,0,0,0,0
processed,214,50,3,0,0,0,0,0,0,0,5,0
processed,605,130,1,0,0,0,0,0,0,3,13,0
processed,49,9,1,0,0,0,0,0,0,0,0,0
processed,140,23,1,0,0,0,0,0,0,0,0,0
processed,998,212,10,0,0,0,0,0,0,3,10,0
processed,224,48,2,0,0,0,0,0,0,1,3,0
processed,1367,296,5,0,0,0,0,0,0,0,35,0
processed,154,26,3,0,0,0,0,0,0,0,1,0
processed,674,142,9,0,0,0,0,0,0,0,7,0
processed,244,49,1,0,0,0,0,0,0,0,1,0
processed,581,111,9,0,0,0,0,0,0,0,5,0
processed,158,26,4,0,0,0,0,0,0,0,0,0
processed,1810,387,26,0,0,0,0,0,0,3,30,2
processed,220,40,5,0,0,0,0,0,0,0,2,0
processed,290,65,6,0,0,0,0,0,0,2,6,0
processed,165,22,3,0,0,0,0,0,0,0,3,0
processed,186,38,2,0,0,0,0,0,0,0,6,0
processed,232,47,3,0,0,0,0,0,1,0,1,0
processed,445,90,1,0,0,0,0,0,0,1,9,0
processed,541,108,5,0,0,0,0,0,0,1,11,0
processed,151,18,1,0,0,0,0,0,0,0,3,0
processed,242,47,1,0,0,0,0,0,0,0,0,0
processed,118,25,2,0,0,0,0,0,0,1,2,0
processed,356,80,9,0,0,0,0,0,0,0,3,0
processed,327,71,4,0,0,0,0,0,0,0,2,0
processed,406,78,10,0,0,0,0,0,0,1,4,0
processed,498,104,14,0,0,0,0,0,0,1,5,0
processed,1044,221,9,0,0,0,0,0,0,1,16,0
processed,705,163,5,0,0,0,0,0,0,2,11,0
processed,145,32,1,0,0,0,0,0,0,0,6,0
processed,568,111,4,0,0,0,0,0,0,0,10,0
processed,476,85,8,0,0,0,0,0,0,0,3,0
processed,56,12,3,0,0,0,0,0,0,0,3,0
processed,113,19,2,0,0,0,0,0,0,0,1,0
processed,348,61,2,0,0,0,0,0,0,0,3,0
processed,603,122,5,0,0,0,0,0,0,3,16,0
processed,159,29,2,0,0,0,0,0,0,0,3,0
processed,124,22,3,0,0,0,0,0,0,0,2,0
processed,446,88,12,0,0,0,0,0,0,1,12,0
processed,366,76,5,0,0,0,0,0,0,0,7,0
processed,834,177,2,0,0,0,0,0,1,2,15,0
processed,336,60,1,0,0,0,0,0,0,0,8,0
processed,270,58,2,0,0,0,0,0,0,1,2,0
processed,275,63,4,0,0,0,0,0,0,0,3,0
processed,477,100,11,0,0,0,0,0,1,1,9,0
processed,476,97,8,0,0,0,0,0,0,1,8,0
processed,93,18,3,0,0,0,0,0,0,0,2,0
processed,117,25,2,0,0,0,0,0,0,0,1,0
processed,252,50,4,0,0,0,0,0,0,1,1,0
processed,993,213,9,0,0,0,0,0,0,3,15,0
processed,660,128,7,0,0,0,0,0,0,1,12,0
processed,26,7,1,0,0,0,0,0,0,0,1,0
processed,14,3,1,0,0,0,0,0,0,0,0,0
processed,88,15,1,0,0,0,0,0,0,0,1,0
processed,126,26,3,0,0,0,0,0,0,0,3,0
processed,265,55,1,0,0,0,0,0,0,0,4,0
processed,463,98,7,0,0,0,0,0,0,1,3,0
processed,50,8,1,0,0,0,0,0,0,0,2,0
processed,331,69,5,0,0,0,0,0,0,2,4,0
processed,829,161,9,0,0,0,0,0,0,0,15,0
processed,55,10,1,0,0,0,0,0,0,0,1,0
processed,316,63,5,0,0,0,0,0,0,0,9,0
processed,455,91,6,0,0,0,0,0,0,0,6,0
processed,955,204,5,0,0,0,0,0,0,0,18,0
processed,16,3,1,0,0,0,0,0,0,0,1,0
processed,229,45,2,0,0,0,0,0,0,2,2,0
processed,144,27,3,0,0,0,0,0,0,0,1,0
processed,656,135,6,0,0,0,0,0,0,3,5,0
processed,367,72,6,0,0,0,0,0,0,2,5,0
processed,660,135,7,0,0,0,0,0,0,2,11,10
processed,215,44,2,0,0,0,0,0,0,0,5,0
processed,745,140,9,0,0,0,0,0,0,1,8,0
processed,253,50,3,0,0,0,0,0,0,0,7,0
processed,736,169,10,0,0,0,0,0,0,0,21,0
processed,83,10,1,0,0,0,0,0,0,0,0,0
processed,70,14,1,0,0,0,0,0,0,1,1,0
processed,256,52,6,0,0,0,0,0,0,0,4,0
processed,684,142,10,0,0,0,0,0,0,1,16,0
processed,818,137,5,0,0,0,0,0,0,3,7,0
processed,110,25,3,0,0,0,0,0,0,1,0,0
processed,52,7,1,0,0,0,0,0,0,0,1,0
processed,361,71,6,0,0,0,0,0,0,0,8,0
processed,823,146,5,0,0,0,0,0,0,3,8,2
processed,631,130,6,0,0,0,0,0,0,2,13,0
processed,997,196,14,1,0,0,0,0,0,2,4,0
processed,217,43,4,0,0,0,0,0,0,0,5,0
processed,46,8,1,0,0,0,0,0,0,0,0,0
processed,60,9,1,0,0,0,0,0,0,0,2,0
processed,40,7,1,0,0,0,0,0,0,0,2,0
processed,942,178,10,0,0,0,0,0,0,1,11,0
processed,42,9,2,0,0,0,0,0,0,0,0,0
processed,393,78,5,0,0,0,0,0,0,0,11,0
processed,76,15,2,0,0,0,0,0,0,0,2,0
processed,206,39,1,1,0,0,0,0,0,0,4,0
processed,59,8,2,0,0,0,0,0,0,0,0,0
processed,679,140,7,0,0,0,0,0,0,3,12,0
processed,230,36,1,0,0,0,0,0,0,0,4,0
processed,418,77,5,0,0,0,0,0,0,0,4,0
processed,486,98,9,0,0,0,0,0,0,1,5,0
processed,1342,301,20,0,0,0,0,0,0,10,22,0
processed,491,96,10,0,0,0,0,0,0,1,6,0
processed,683,112,7,0,0,0,0,0,0,0,6,0
processed,84,16,1,0,0,0,0,0,0,0,0,0
processed,120,22,1,0,0,0,0,0,0,0,1,0
processed,224,47,1,0,0,0,0,0,0,0,6,0
processed,586,128,3,0,0,0,0,0,0,1,6,0
processed,154,29,4,0,0,0,0,0,0,0,4,1
processed,307,71,6,0,0,0,0,0,0,1,3,0
processed,559,105,10,0,0,0,0,0,0,0,5,0
processed,29,7,1,0,0,0,0,0,0,0,1,0
processed,474,99,9,0,0,0,0,0,0,1,8,1
processed,355,79,2,0,0,0,0,0,0,0,5,0
processed,121,25,1,0,0,0,0,0,0,0,1,1
processed,907,180,9,0,0,0,0,0,0,0,7,0
processed,40,8,1,0,0,0,0,0,0,0,2,0
processed,82,15,1,0,0,0,0,0,0,1,2,0
processed,1151,226,8,0,0,0,0,0,0,3,14,0
processed,227,38,2,0,0,0,0,0,0,0,3,0
processed,366,70,3,0,0,0,0,0,0,0,4,0
processed,550,110,11,0,0,0,0,0,0,1,10,0
processed,496,79,3,0,0,0,0,0,0,0,10,0
processed,930,174,14,0,0,0,0,0,0,2,15,0
processed,299,65,5,0,0,0,0,0,0,1,9,0
processed,493,97,5,3,0,0,0,0,0,3,3,0
processed,126,23,2,0,0,0,0,0,0,0,3,0
processed,345,82,2,0,0,0,0,0,0,0,10,0
processed,185,35,1,0,0,0,0,0,0,0,2,0
processed,910,180,9,0,0,0,0,0,0,0,9,0
processed,199,42,5,0,0,0,0,0,0,0,3,0
processed,248,47,4,0,0,0,0,0,0,0,4,0
processed,302,60,3,0,0,0,0,0,0,1,5,0
processed,221,45,5,0,0,0,0,0,0,0,2,0
processed,257,50,4,0,0,0,0,0,0,2,7,0
processed,126,27,3,0,0,0,0,0,0,0,5,0
processed,141,26,4,0,0,0,0,0,0,0,4,0
processed,510,100,7,0,0,0,0,0,0,1,6,0
processed,897,184,15,0,0,0,0,0,0,1,12,0
processed,58,13,3,0,0,0,0,0,0,0,1,1
processed,760,159,8,0,0,0,0,0,0,2,17,0
processed,207,38,4,0,0,0,0,0,0,0,4,0
processed,131,25,4,0,0,0,0,0,0,0,2,0
processed,156,35,3,0,0,0,0,0,0,0,2,0
processed,388,74,6,0,0,0,0,0,0,0,8,0
processed,391,71,10,0,0,0,0,0,0,1,6,0
processed,481,93,9,0,0,0,0,0,0,2,4,0
processed,160,32,2,0,0,0,0,0,0,0,0,0
processed,620,128,5,0,0,0,0,0,0,3,5,1
processed,479,92,2,0,0,0,0,0,0,3,5,0
processed,487,101,7,0,0,0,0,0,0,3,5,0
processed,196,43,5,0,0,0,0,0,0,1,5,0
processed,326,63,7,0,0,0,0,0,0,0,3,0
processed,45,10,2,0,0,0,0,0,0,0,1,0
processed,571,119,8,0,0,0,0,0,0,1,5,0
processed,214,41,1,0,0,0,0,0,0,1,3,0
processed,540,108,3,0,0,0,0,0,0,0,11,0
processed,127,26,1,0,0,0,0,0,0,0,0,0
processed,776,163,6,0,0,0,0,0,0,6,10,0
processed,557,110,10,0,0,0,0,0,0,1,11,0
processed,323,68,5,0,0,0,0,0,0,0,6,0
processed,151,26,1,0,0,0,0,0,0,0,1,0
processed,862,186,9,0,0,0,0,0,0,2,18,0
processed,1245,243,19,0,0,0,0,0,0,6,14,0
processed,743,151,7,1,0,0,0,0,0,0,13,0
processed,614,130,9,0,0,0,0,0,0,3,9,0
processed,618,128,8,0,0,0,0,0,0,0,13,0
processed,899,190,13,0,0,0,0,0,0,0,12,0
processed,114,21,2,0,0,0,0,0,0,0,2,0
processed,579,124,6,0,0,0,0,0,0,1,9,0
processed,166,31,1,0,0,0,0,0,0,0,2,0
processed,485,98,5,0,0,0,0,0,0,0,9,0
processed,293,64,6,0,0,0,0,0,0,1,6,0
processed,122,25,1,0,0,0,0,0,0,0,2,0
processed,134,34,3,0,0,0,0,0,0,0,1,0
processed,476,97,8,0,0,0,0,0,0,0,9,0
processed,192,37,4,0,0,0,0,0,0,0,2,0
processed,83,17,1,0,0,0,0,0,0,0,0,0
processed,246,59,4,0,0,0,0,0,0,0,2,0
processed,171,31,2,0,0,0,0,0,0,0,3,0
processed,69,14,2,0,0,0,0,0,0,0,1,0
processed,405,81,6,0,0,0,0,0,0,1,4,1
processed,158,31,2,0,0,0,0,0,0,0,2,0
processed,743,147,7,0,0,0,0,0,0,3,5,0
processed,61,7,1,0,0,0,0,0,0,0,0,0
processed,97,21,4,0,0,0,0,0,0,0,1,0
processed,141,35,1,0,0,0,0,0,0,0,5,0
processed,707,143,3,1,0,0,0,0,0,0,11,0
processed,610,131,7,0,0,0,0,0,0,2,10,0
processed,109,24,3,0,0,0,0,0,0,1,1,0
processed,1147,231,13,0,0,0,0,0,0,1,8,2
processed,760,150,5,0,0,0,0,0,0,5,8,0
processed,778,148,7,0,0,0,0,0,0,1,11,0
processed,130,21,2,0,0,0,0,0,0,1,0,0
processed,120,25,2,0,0,0,0,0,0,0,1,0
processed,505,99,9,0,0,0,0,0,0,0,9,0
processed,241,41,3,0,0,0,0,0,0,0,5,0
processed,268,54,4,0,0,0,0,0,0,0,4,0
processed,249,43,5,0,0,0,0,0,0,0,2,0
processed,535,101,4,0,0,0,0,0,0,1,12,0
processed,652,131,9,0,0,0,0,0,0,1,7,0
processed,355,71,1,0,0,0,0,0,0,1,4,0
processed,831,181,16,0,0,0,0,0,0,1,11,0
processed,1531,315,18,0,0,0,0,0,0,2,17,0
processed,150,28,5,0,0,0,0,0,0,0,2,0
processed,140,32,6,0,0,0,0,0,0,0,1,0
processed,494,111,10,0,0,0,0,0,0,2,6,0
processed,800,160,9,0,0,0,0,0,0,1,17,1
processed,32,5,1,0,0,0,0,0,0,0,1,0
processed,78,12,3,0,0,0,0,0,0,0,1,0
processed,145,30,2,0,0,0,0,0,0,1,3,0
processed,232,47,5,0,0,0,0,0,0,1,4,0
processed,106,25,2,0,0,0,0,0,0,0,4,0
processed,168,35,3,0,0,0,0,0,0,0,3,0
processed,333,65,4,0,0,0,0,0,0,0,11,0
processed,253,58,3,0,0,0,0,0,0,2,6,0
processed,1477,311,14,0,0,0,0,0,0,1,24,0
processed,374,65,5,0,0,0,0,0,0,0,6,0
processed,416,90,7,0,0,0,0,0,0,1,7,0
processed,414,83,4,0,0,0,0,0,0,0,6,0
processed,70,12,1,0,0,0,0,0,0,0,0,0
processed,176,34,4,0,0,0,0,0,0,0,20,0
processed,100,18,1,0,0,0,0,0,0,0,4,0
processed,580,120,2,0,0,0,0,0,0,0,9,0
processed,688,140,6,0,0,0,0,0,0,2,17,0
processed,238,40,1,0,0,0,0,0,0,0,2,0
processed,287,61,5,2,0,0,0,0,0,1,4,0
processed,657,116,5,0,0,0,0,0,0,0,7,0
processed,127,21,3,0,0,0,0,0,0,0,1,0
processed,79,18,7,0,0,0,0,0,0,0,2,0
processed,105,17,2,0,0,0,0,0,0,0,0,0
processed,576,120,4,0,0,0,0,0,0,1,5,0
processed,827,180,10,0,0,0,0,0,0,4,11,0
processed,381,68,3,0,0,0,0,0,0,0,4,0
processed,199,37,3,0,0,0,0,0,0,1,1,0
processed,520,103,7,0,0,0,0,0,0,2,4,0
processed,219,52,4,0,0,0,0,0,0,1,3,0
processed,591,116,4,0,0,0,0,0,0,4,18,0
processed,129,28,1,0,0,0,0,0,0,1,3,1
processed,525,105,8,0,0,0,0,0,0,1,8,1
processed,509,92,6,0,0,0,0,0,0,1,7,0
processed,692,147,5,1,0,0,0,0,0,2,4,0
processed,835,171,14,0,0,0,0,0,0,2,11,1
processed,391,83,15,0,0,0,0,0,0,2,4,0
processed,68,15,1,0,0,0,0,0,0,0,4,0
processed,628,129,9,0,0,0,0,0,0,0,17,0
processed,326,63,6,0,0,0,0,0,0,1,4,0
processed,486,108,9,0,0,0,0,0,0,1,7,1
processed,319,69,6,0,0,0,0,0,0,0,3,0
processed,205,39,3,0,0,0,0,0,0,0,5,1
processed,787,161,18,1,0,0,0,0,0,2,18,0
processed,197,34,1,0,0,0,0,0,0,0,6,1
processed,370,80,7,0,0,0,0,0,0,0,5,0
processed,189,35,5,0,0,0,0,0,0,1,4,0
processed,445,100,7,0,0,0,0,0,0,1,10,1
processed,421,89,4,0,0,0,0,0,0,0,16,0
processed,159,35,2,0,0,0,0,0,0,0,4,0
processed,59,14,4,0,0,0,0,0,0,0,2,0
processed,119,16,1,0,0,0,0,0,0,0,0,0
processed,1018,198,4,0,0,0,0,0,0,3,11,0
processed,622,129,11,0,0,0,0,0,0,1,15,0
processed,583,109,8,0,0,0,0,0,0,1,5,0
processed,347,68,4,0,0,0,0,0,0,2,7,0
processed,98,21,2,0,0,0,0,0,0,0,2,0
processed,442,93,9,0,0,0,0,0,0,0,8,0
processed,33,5,1,0,0,0,0,0,0,0,0,0
processed,508,103,9,0,0,0,0,0,0,1,8,0
processed,90,22,1,0,0,0,0,0,0,1,1,0
processed,231,45,7,0,0,0,0,0,0,0,8,0
processed,1277,260,6,0,0,0,0,0,0,1,11,1
processed,117,25,5,0,0,0,0,0,0,0,2,0
processed,146,34,3,0,0,0,0,0,0,0,3,0
processed,10,3,1,0,0,0,0,0,0,0,1,0
processed,578,117,6,0,0,0,0,0,0,1,5,0
processed,629,138,13,0,0,0,0,0,0,3,4,0
processed,596,133,10,0,0,0,0,0,0,1,8,0
processed,443,82,4,0,0,0,0,0,0,2,7,0
processed,271,52,5,0,0,0,0,0,0,0,2,0
processed,106,25,1,0,0,0,0,0,0,0,2,0
processed,768,148,11,0,0,0,0,0,0,1,4,0
processed,499,87,1,0,0,0,0,0,0,1,7,0
processed,337,64,4,0,0,0,0,0,0,0,9,0
processed,430,85,3,0,0,0,0,0,0,0,6,0
processed,123,33,2,0,0,0,0,0,0,0,1,0
processed,425,79,6,0,0,0,0,0,0,0,5,0
processed,268,45,5,0,0,0,0,0,0,0,6,0
processed,219,42,1,0,0,0,0,0,0,0,0,2
processed,159,31,1,0,0,0,0,0,0,0,3,0
processed,106,15,1,0,0,0,0,0,0,0,1,0
processed,1093,218,12,0,0,0,0,0,0,3,13,2
processed,91,22,2,0,0,0,0,0,0,1,1,0
processed,295,52,10,0,0,0,0,0,0,0,5,0
processed,417,86,3,0,0,0,0,0,1,0,3,0
processed,296,67,3,0,0,0,0,0,0,1,3,0
processed,612,120,10,0,0,0,0,0,0,3,2,0
processed,138,28,2,0,0,0,0,0,0,0,1,0
processed,199,37,3,0,0,0,0,0,0,0,26,0
processed,879,176,11,0,0,0,0,0,0,0,13,0
processed,50,12,1,0,0,0,0,0,0,1,1,0
processed,137,36,2,0,0,0,0,0,0,1,2,0
processed,211,43,3,0,0,0,0,0,0,0,1,0
processed,66,14,1,0,0,0,0,0,0,0,3,0
processed,419,98,2,0,0,0,0,0,0,1,9,0
processed,74,17,1,0,0,0,0,0,0,0,1,0
processed,58,11,1,0,0,0,0,0,0,0,1,0
processed,544,103,8,0,0,0,0,0,0,1,7,0
processed,260,56,5,0,0,0,0,0,2,0,1,0
processed,503,104,6,2,0,0,0,0,0,4,6,0
processed,1091,214,5,0,0,0,0,0,0,2,12,0
processed,634,126,9,0,0,0,0,0,0,1,12,0
processed,467,95,4,0,0,0,0,0,0,2,13,0
processed,47,7,1,0,0,0,0,0,0,0,1,0
processed,196,40,1,0,0,0,0,0,0,0,2,0
processed,510,104,9,0,0,0,0,0,0,2,12,0
processed,76,10,1,0,0,0,0,0,0,0,0,0
processed,171,31,3,0,0,0,0,0,0,0,3,0
processed,248,48,4,0,0,0,0,0,0,1,5,0
processed,116,27,3,0,0,0,0,0,0,0,3,0
processed,153,26,3,0,0,0,0,0,0,0,2,0
processed,129,26,1,0,0,0,0,0,0,0,1,0
processed,356,72,7,0,0,0,0,0,0,0,7,0
processed,126,32,2,0,0,0,0,0,0,0,5,0
processed,651,123,10,0,0,0,0,0,0,1,11,0
processed,250,55,5,0,0,0,0,0,0,1,1,0
processed,132,28,2,0,0,0,0,0,0,0,2,0
processed,117,21,3,0,0,0,0,0,0,0,1,0
processed,114,27,1,0,0,0,0,0,1,0,1,0
processed,665,139,15,0,0,0,0,0,0,0,8,1
processed,645,145,7,0,0,0,0,0,0,0,10,0
processed,465,87,7,0,0,0,0,0,0,0,5,0
processed,1548,345,28,0,0,0,0,0,0,5,26,0
processed,9,2,1,0,0,0,0,0,0,0,1,0
processed,41,11,1,0,0,0,0,0,0,0,1,0
processed,167,33,1,0,0,0,0,0,0,0,5,0
processed,309,69,6,0,0,0,0,0,0,0,7,0
processed,553,117,8,0,0,0,0,0,0,0,13,0
processed,279,56,5,0,0,0,0,0,0,0,3,0
processed,80,17,3,0,0,0,0,0,0,0,3,0
processed,125,21,2,0,0,0,0,0,0,0,0,0
processed,542,111,4,0,0,0,0,0,0,4,6,0
processed,415,71,3,2,0,0,0,0,0,0,7,0
processed,36,6,1,0,0,0,0,0,0,0,1,0
processed,526,114,7,0,0,0,0,0,0,1,4,0
processed,446,88,4,0,0,0,0,0,0,1,5,0
processed,632,120,8,0,0,0,0,0,0,0,3,0
processed,743,140,4,0,0,0,0,0,0,1,8,0
processed,152,32,3,0,0,0,0,0,0,0,3,0
processed,289,58,1,0,0,0,0,0,0,1,4,0
processed,292,64,3,0,0,0,0,0,0,0,6,0
processed,58,12,1,0,0,0,0,0,0,0,1,0
processed,423,75,6,0,0,0,0,0,0,1,3,0
processed,646,115,1,0,0,0,0,0,0,1,8,0
processed,208,49,3,0,0,0,0,0,0,1,10,0
processed,325,73,6,0,0,0,0,0,0,0,7,0
processed,73,12,1,0,0,0,0,0,0,0,2,0
processed,91,17,1,0,0,0,0,0,0,0,2,0
processed,1505,328,18,1,0,0,0,0,0,3,20,0
processed,1223,266,9,0,0,0,0,0,0,0,22,1
processed,192,33,1,0,0,0,0,0,0,0,1,0
processed,661,143,9,0,0,0,0,0,0,0,12,0
processed,397,77,12,0,0,0,0,0,0,1,10,0
processed,137,33,6,0,0,0,0,0,0,0,2,0
processed,304,62,5,0,0,0,0,0,0,0,6,0
processed,131,24,1,0,0,0,0,0,0,0,2,0
processed,450,97,10,0,0,0,0,0,0,0,12,0
processed,120,24,3,0,0,0,0,0,0,0,0,0
processed,544,116,5,0,0,0,0,0,0,2,4,0
processed,70,19,1,0,0,0,0,0,0,0,1,0
processed,112,24,1,0,0,0,0,0,0,0,1,1
processed,61,15,2,0,0,0,0,0,0,0,1,0
processed,167,33,5,0,0,0,0,0,0,0,5,0
processed,155,27,1,0,0,0,0,0,0,0,4,0
processed,115,19,1,1,0,0,0,0,0,0,2,0
processed,633,125,6,0,0,0,0,0,0,0,20,0
processed,8,2,1,0,0,0,0,0,0,0,1,0
processed,139,25,2,0,0,0,0,0,0,0,1,0
processed,590,125,7,0,0,0,0,0,0,1,10,0
processed,604,111,3,0,0,0,0,0,0,0,4,0
processed,536,106,7,0,0,0,0,0,0,1,6,0
processed,229,45,2,0,0,0,0,0,0,0,8,0
processed,160,32,5,0,0,0,0,0,0,0,3,0
processed,102,18,2,0,0,0,0,0,0,0,2,0
processed,479,82,4,0,0,0,0,0,0,0,4,0
processed,840,176,7,0,0,0,0,0,0,1,16,0
processed,580,127,4,0,0,0,0,0,0,4,6,0
processed,77,21,2,0,0,0,0,0,0,0,4,0
processed,532,103,7,0,0,0,0,0,0,1,7,0
processed,970,193,8,0,0,0,0,0,0,0,14,0
processed,738,138,7,0,0,0,0,0,0,1,12,0
processed,221,44,1,1,0,0,0,0,0,0,3,0
processed,203,36,1,0,0,0,0,0,0,0,3,0
processed,32,7,1,0,0,0,0,0,0,0,1,0
processed,602,108,5,0,0,0,0,0,0,4,6,1
processed,102,34,4,0,0,0,0,0,0,3,4,0
processed,766,174,13,0,0,0,0,0,0,7,14,0
processed,410,62,1,0,0,0,0,0,0,0,6,0
processed,108,24,1,0,0,0,0,0,0,0,1,0
processed,114,24,2,0,0,0,0,0,0,0,2,0
processed,612,125,4,0,0,0,0,0,0,0,13,0
processed,293,52,3,0,0,0,0,0,0,1,3,1
processed,487,112,7,0,0,0,0,0,0,4,4,0
processed,298,65,3,0,0,0,0,0,0,2,7,1
processed,256,51,4,0,0,0,0,0,0,0,2,0
processed,522,100,8,0,0,0,0,0,0,0,7,0
processed,129,34,3,0,0,0,0,0,0,0,21,0
processed,589,94,3,0,0,0,0,0,0,1,4,0
processed,194,30,1,0,0,0,0,0,0,0,1,0
processed,164,30,3,0,0,0,0,0,0,0,2,0
processed,569,126,6,0,0,0,0,0,0,0,11,0
processed,363,77,4,0,0,0,0,0,0,0,7,0
processed,177,40,4,0,0,0,0,0,0,1,10,0
processed,94,19,1,0,0,0,0,0,0,0,0,0
processed,19,5,1,0,0,0,0,0,0,0,1,0
processed,129,23,2,0,0,0,0,0,0,0,3,0
processed,501,102,4,0,0,0,0,0,0,0,14,0
processed,1721,349,17,0,0,0,0,0,0,1,34,0
processed,405,67,8,0,0,0,0,0,0,1,4,0
processed,430,79,5,0,0,0,0,0,0,0,4,0
processed,195,31,2,0,0,0,0,0,0,0,3,0
processed,383,75,4,0,0,0,0,0,0,1,8,0
processed,34,7,1,0,0,0,0,0,0,0,2,0
processed,554,113,11,0,0,0,0,0,0,1,8,1
processed,134,31,4,0,0,0,0,0,0,0,1,0
processed,824,162,13,0,0,0,0,0,0,0,19,1
processed,98,21,1,0,0,0,0,0,0,1,1,0
processed,177,38,5,0,0,0,0,0,0,1,2,0
processed,166,31,2,0,0,0,0,0,0,0,2,0
processed,485,96,5,0,0,0,0,0,0,4,4,0
processed,960,166,8,3,0,0,0,0,1,0,13,0
processed,467,96,4,0,0,0,0,0,0,3,5,0
processed,468,83,8,0,0,0,0,0,0,4,8,0
processed,215,38,3,0,0,0,0,0,0,0,4,0
processed,1109,237,30,1,0,0,0,0,0,0,17,0
processed,116,23,1,0,0,0,0,0,0,1,1,0
processed,304,49,1,0,0,0,0,0,0,0,3,0
processed,230,52,3,0,0,0,0,0,0,0,9,0
processed,276,47,4,0,0,0,0,0,0,0,4,0
processed,76,13,4,0,0,0,0,0,0,0,0,0
processed,766,149,8,1,0,0,0,0,0,0,23,0
processed,919,192,9,0,0,0,0,0,0,2,20,0
processed,476,101,9,0,0,0,0,0,0,0,8,0
processed,884,170,1,0,0,0,0,0,0,1,20,0
processed,215,35,3,0,0,0,0,0,0,0,4,0
processed,73,13,1,0,0,0,0,0,0,0,2,0
processed,337,75,7,0,0,0,0,0,0,2,11,0
processed,348,66,6,0,0,0,0,0,0,0,4,0
processed,425,84,5,0,0,0,0,0,0,0,9,0
processed,736,131,11,0,0,0,0,0,0,2,5,0
processed,895,190,7,0,0,0,0,0,0,1,14,0
processed,288,50,3,0,0,0,0,0,0,0,4,2
processed,187,39,4,0,0,0,0,0,0,1,3,0
processed,1282,251,10,0,0,0,0,0,0,3,16,0
processed,495,103,4,0,0,0,0,0,0,1,9,0
processed,24,5,1,0,0,0,0,0,0,0,0,0
processed,451,93,8,0,0,0,0,0,0,1,10,1
processed,416,82,7,0,0,0,0,0,0,1,5,0
processed,35,7,1,0,0,0,0,0,0,0,1,0
processed,144,31,1,0,0,0,0,0,0,0,2,0
processed,1441,307,17,0,0,0,0,0,0,2,21,0
processed,690,127,8,0,0,0,0,0,0,0,6,0
processed,308,60,5,0,0,0,0,0,0,0,2,0
processed,91,20,2,0,0,0,0,0,0,0,4,0
processed,401,88,4,0,0,0,0,0,0,1,4,1
processed,305,56,7,0,0,0,0,0,0,0,5,0
processed,90,19,2,0,0,0,0,0,0,0,2,0
processed,187,35,3,0,0,0,0,0,0,0,2,2
processed,241,46,4,0,0,0,0,0,0,1,0,0
processed,1582,281,19,0,0,0,0,0,0,4,27,0
processed,177,37,5,0,0,0,0,0,0,0,5,0
processed,843,162,8,0,0,0,0,0,0,0,12,0
processed,460,98,8,0,0,0,0,0,0,0,6,0
processed,179,40,1,0,0,0,0,0,0,0,2,0
processed,615,128,6,0,0,0,0,0,0,0,13,0
processed,659,124,5,0,0,0,0,0,0,0,7,0
processed,56,13,1,0,0,0,0,0,0,0,0,0
processed,159,25,2,0,0,0,0,0,0,0,2,0
processed,96,17,2,0,0,0,0,0,0,0,1,0
processed,526,98,7,0,0,0,0,0,0,2,4,0
processed,609,131,9,0,0,0,0,0,0,6,7,0
processed,733,144,13,0,0,0,0,0,0,0,8,0
processed,240,48,3,0,0,0,0,0,0,0,7,0
processed,410,79,8,0,0,0,0,0,0,2,2,0
processed,750,152,20,0,0,0,0,0,0,1,13,0
processed,1565,307,14,7,0,0,0,0,0,3,13,1
processed,1203,228,11,2,0,0,0,0,0,3,12,0
processed,744,145,6,0,0,0,0,0,0,1,12,0
processed,1016,213,15,0,0,0,0,0,0,3,12,0
processed,208,44,7,0,0,0,0,0,0,1,5,0
processed,304,64,6,0,0,0,0,0,0,0,4,0
processed,775,154,6,0,0,0,0,0,0,2,7,0
processed,588,102,5,0,0,0,0,0,0,0,3,0
processed,799,157,11,0,0,0,0,0,0,3,7,2
processed,588,104,4,0,0,0,0,0,0,1,15,0
processed,166,36,3,0,0,0,0,0,0,1,2,0
processed,896,167,4,0,0,0,0,0,0,1,16,0
processed,225,49,2,0,0,0,0,0,0,0,3,0
processed,449,98,4,0,0,0,0,0,0,1,2,0
processed,259,57,3,0,0,0,0,0,0,2,3,0
processed,13,4,1,0,0,0,0,0,0,0,1,0
processed,191,32,2,1,0,0,0,0,0,1,0,0
processed,1598,347,7,1,0,0,0,0,0,2,38,0
processed,127,28,2,0,0,0,0,0,0,1,1,0
processed,167,31,1,0,0,0,0,0,0,0,1,0
processed,211,41,3,0,0,0,0,0,0,0,4,0
processed,286,56,5,0,0,0,0,0,0,2,6,0
processed,378,78,4,0,0,0,0,0,0,0,6,0
processed,491,101,7,0,0,0,0,0,0,1,8,0
processed,567,114,12,0,0,0,0,0,0,1,6,0
processed,161,30,1,0,0,0,0,0,0,0,2,0
processed,610,126,7,0,0,0,0,0,0,1,9,0
processed,255,54,3,0,0,0,0,0,0,2,8,0
processed,224,44,2,0,0,0,0,0,0,0,4,0
processed,471,105,4,0,0,0,0,0,0,1,4,0
processed,235,49,1,0,0,0,0,0,0,0,7,0
processed,23,5,1,0,0,0,0,0,0,0,3,0
processed,248,40,2,0,0,0,0,0,0,0,6,0
processed,395,83,5,0,0,0,0,0,0,1,11,0
processed,424,86,6,0,0,0,0,0,0,0,7,0
processed,261,52,1,0,0,0,0,0,0,0,4,0
processed,586,128,7,0,0,0,0,0,0,0,12,0
processed,229,47,1,0,0,0,0,0,0,0,4,0
processed,51,11,2,0,0,0,0,0,0,0,0,0
processed,494,84,5,0,0,0,0,0,0,0,5,0
processed,604,130,16,0,0,0,0,0,0,3,11,1
processed,349,66,2,0,0,0,0,0,0,1,7,0
processed,1362,282,17,0,0,0,0,0,0,2,22,0
processed,102,25,2,0,0,0,0,0,0,0,4,0
processed,86,22,2,0,0,0,0,0,0,3,2,0
processed,1054,227,18,0,0,0,0,0,0,0,24,0
processed,130,28,3,0,0,0,0,0,0,0,1,0
processed,221,47,4,0,0,0,0,0,0,0,3,0
processed,251,51,7,0,0,0,0,0,0,0,5,0
processed,49,6,1,0,0,0,0,0,0,0,0,0
processed,946,188,8,0,0,0,0,0,0,4,10,0
processed,564,118,10,0,0,0,0,0,0,0,13,0
processed,282,56,3,0,0,0,0,0,0,0,3,0
processed,528,114,11,0,0,0,0,0,0,1,11,0
processed,468,92,8,0,0,0,0,0,0,0,6,0
processed,225,47,2,0,0,0,0,0,0,0,4,0
processed,719,152,11,0,0,0,0,0,0,1,5,0
processed,180,28,1,0,0,0,0,0,0,0,3,0
processed,714,130,3,0,0,0,0,0,0,3,7,1
processed,746,148,9,0,0,0,0,0,0,3,18,0
processed,195,41,4,0,0,0,0,0,0,1,4,0
processed,162,35,3,0,0,0,0,0,0,0,4,0
processed,217,38,1,0,0,0,0,0,0,1,4,0
processed,76,18,3,0,0,0,0,0,0,0,1,0
processed,332,69,3,0,0,0,0,0,0,2,10,0
processed,541,115,5,0,0,0,0,0,0,0,12,0
processed,280,41,4,0,0,0,0,0,0,0,3,0
processed,823,169,10,0,0,0,0,0,0,0,10,0
processed,290,59,5,0,0,0,0,0,0,1,3,0
processed,153,29,7,0,0,0,0,0,0,0,4,0
processed,455,75,1,0,0,0,0,0,0,0,7,0
processed,519,105,10,0,0,0,0,0,0,0,10,0
processed,120,24,5,0,0,0,0,0,0,0,2,0
processed,10,3,1,0,0,0,0,0,0,0,1,0
processed,132,30,3,0,0,0,0,0,0,0,3,0
processed,394,88,2,0,0,0,0,0,0,3,3,0
processed,116,25,3,0,0,0,0,0,0,0,2,0
processed,180,31,4,0,0,0,0,0,0,1,1,0
processed,693,133,10,0,0,0,0,0,2,0,11,0
processed,263,51,2,0,0,0,0,0,0,0,2,0
processed,504,110,7,0,0,0,0,0,0,1,6,0
processed,589,120,9,0,0,0,0,0,0,2,6,1
processed,593,120,7,0,0,0,0,0,0,2,3,0
processed,449,90,6,0,0,0,0,0,0,0,8,0
processed,449,93,5,0,0,0,0,0,0,1,4,0
processed,118,24,2,0,0,0,0,0,0,0,0,0
processed,289,59,5,0,0,0,0,0,0,1,9,0
processed,235,47,4,0,0,0,0,0,0,1,4,0
processed,654,116,7,0,0,0,0,0,0,1,6,0
processed,529,106,7,0,0,0,0,0,0,0,8,1
processed,610,138,2,0,0,0,0,0,0,3,6,0
processed,48,11,1,0,0,0,0,0,0,0,2,0
processed,88,18,2,0,0,0,0,0,0,0,4,0
processed,172,34,3,0,0,0,0,0,0,0,5,0
processed,543,112,16,0,0,0,0,0,0,0,7,0
processed,846,183,16,0,0,0,0,0,0,2,24,0
processed,245,49,3,0,0,0,0,0,0,0,4,0
processed,162,33,1,0,0,0,0,0,0,1,4,0
processed,1107,212,10,0,0,0,0,0,0,1,14,0
processed,83,18,1,0,0,0,0,0,0,0,1,0
processed,527,102,6,0,0,0,0,0,0,0,6,1
processed,981,188,10,0,0,0,0,0,0,0,6,0
processed,109,16,1,0,0,0,0,0,0,0,0,0
processed,792,160,6,0,0,0,0,0,0,1,11,0
processed,258,55,3,0,0,0,0,0,0,1,2,0
processed,223,43,3,0,0,0,0,0,0,0,4,0
processed,895,169,8,0,0,0,0,0,0,2,16,0
processed,397,68,2,0,0,0,0,0,0,2,3,0
processed,161,29,1,0,0,0,0,0,0,0,2,0
processed,342,72,5,0,0,0,0,0,0,1,5,0
processed,815,156,11,0,0,0,0,0,0,1,8,1
processed,244,56,6,0,0,0,0,0,0,0,0,0
processed,256,45,5,0,0,0,0,0,0,0,5,0
processed,304,56,4,0,0,0,0,0,0,0,3,0
processed,117,23,2,0,0,0,0,0,0,0,3,0
processed,232,47,6,0,0,0,0,0,0,0,5,0
processed,411,82,4,0,0,0,0,0,0,1,8,0
processed,242,52,1,0,0,0,0,0,0,0,6,0
processed,302,60,4,0,0,0,0,0,0,0,6,0
processed,164,34,2,0,0,0,0,0,0,0,4,0
processed,76,15,2,0,0,0,0,0,0,0,2,0
processed,235,48,4,0,0,0,0,0,0,3,1,0
processed,165,29,5,0,0,0,0,0,0,0,2,0
processed,79,16,2,0,0,0,0,0,0,0,2,0
processed,1689,337,30,0,0,0,0,0,0,3,17,0
processed,664,123,1,0,0,0,0,0,0,1,12,1
processed,338,72,4,0,0,0,0,0,0,1,7,1
processed,53,10,1,0,0,0,0,0,0,0,2,0
processed,191,43,2,0,0,0,0,0,0,0,5,0
processed,1534,308,12,0,0,0,0,0,0,3,9,1
processed,317,65,2,0,0,0,0,0,0,0,4,0
processed,174,42,3,1,0,0,0,0,0,1,3,0
processed,213,50,1,0,0,0,0,0,0,0,5,0
processed,54,9,2,0,0,0,0,0,0,0,0,0
processed,208,40,2,0,0,0,0,0,0,1,2,0
processed,40,6,2,0,0,0,0,0,0,0,1,0
processed,42,11,1,0,0,0,0,0,0,0,2,0
processed,338,74,5,0,0,0,0,0,0,1,7,0
processed,548,103,3,0,0,0,0,0,0,1,13,0
processed,300,63,11,0,0,0,0,0,0,0,5,0
processed,444,88,3,0,0,0,0,0,0,0,9,0
processed,1030,229,11,0,0,0,0,0,0,10,13,0
processed,912,167,8,0,0,0,0,0,0,5,14,1
processed,113,26,2,0,0,0,0,0,0,0,3,0
processed,519,95,6,0,0,0,0,0,0,0,5,0
processed,755,163,6,0,0,0,0,0,0,1,8,0
processed,1023,213,14,0,0,0,0,0,0,1,23,0
processed,55,13,1,0,0,0,0,0,0,0,0,0
processed,64,16,3,0,0,0,0,0,0,0,3,0
processed,606,132,8,0,0,0,0,0,0,1,12,0
processed,490,109,8,0,0,0,0,0,0,0,7,1
processed,541,117,7,0,0,0,0,0,0,0,8,0
processed,198,41,5,0,0,0,0,0,0,0,1,0
processed,102,22,1,0,0,0,0,0,0,0,4,0
processed,587,108,4,0,0,0,0,0,0,1,13,0
processed,102,18,2,0,0,0,0,0,0,0,0,0
processed,118,19,1,0,0,0,0,0,0,0,2,0
processed,279,62,2,0,0,0,0,0,0,2,3,0
processed,1619,334,9,0,0,0,0,0,0,7,35,0
processed,24,7,1,0,0,0,0,0,0,0,1,0
processed,211,41,4,0,0,0,0,0,0,0,3,0
processed,144,34,1,0,0,0,0,0,0,1,5,0
processed,616,144,6,0,0,0,0,0,0,6,12,0
processed,1024,198,7,2,0,0,0,0,0,5,14,2
processed,190,42,1,0,0,0,0,0,0,2,4,0
processed,115,26,2,0,0,0,0,0,0,1,3,0
processed,955,191,14,0,0,0,0,0,0,0,11,0
processed,177,27,2,0,0,0,0,0,0,0,1,0
processed,438,90,3,0,0,0,0,0,0,1,4,0
processed,205,43,3,0,0,0,0,0,0,0,5,0
processed,138,26,1,0,0,0,0,0,0,0,1,0
processed,2,1,1,0,0,0,0,0,0,0,0,0
processed,235,47,4,0,0,0,0,0,0,0,6,0
processed,169,33,1,0,0,0,0,0,0,0,1,0
processed,361,77,4,0,0,0,0,0,0,1,14,0
processed,59,11,1,0,0,0,0,0,0,0,3,1
processed,511,102,6,0,0,0,0,0,0,0,8,0
processed,126,26,1,0,0,0,0,0,0,0,1,0
processed,481,94,7,0,0,0,0,0,0,1,7,0
processed,602,113,7,0,0,0,0,0,0,1,10,0
processed,143,26,3,0,0,0,0,0,0,0,2,0
processed,595,114,7,0,0,0,0,0,0,2,4,0
processed,751,152,6,0,0,0,0,0,0,1,10,0
processed,1385,280,13,0,0,0,0,0,0,5,36,0
processed,297,59,6,0,0,0,0,0,0,1,4,0
processed,118,19,3,0,0,0,0,0,0,0,2,0
processed,33,6,1,0,0,0,0,0,0,0,0,0
processed,213,41,2,0,0,0,0,0,0,0,1,0
processed,246,51,1,2,0,0,0,0,0,0,2,0
processed,241,50,4,0,0,0,0,0,0,0,7,0
processed,459,88,5,0,0,0,0,0,0,0,5,0
processed,233,47,6,0,0,0,0,0,0,1,5,0
processed,678,148,11,0,0,0,0,0,0,2,6,1
processed,377,71,7,0,0,0,0,0,0,0,5,0
processed,180,36,5,0,0,0,0,0,0,0,2,0
processed,622,118,9,0,0,0,0,0,0,1,10,0
processed,421,85,6,0,0,0,0,0,0,3,8,0
processed,555,124,15,0,0,0,0,0,0,1,11,0
processed,1034,198,5,0,0,0,0,0,0,1,7,1
processed,319,68,5,0,0,0,0,0,0,2,2,0
processed,301,63,3,0,0,0,0,0,0,2,5,0
processed,402,82,7,0,0,0,0,0,0,1,8,0
processed,445,102,6,0,0,0,0,0,0,2,10,0
processed,193,35,6,0,0,0,0,0,0,0,3,0
processed,39,6,1,0,0,0,0,0,0,0,0,0
processed,190,42,2,0,0,0,0,0,0,0,2,0
processed,180,34,4,0,0,0,0,0,0,1,4,0
processed,547,114,10,0,0,0,0,0,0,1,11,0
processed,184,38,2,0,0,0,0,0,0,3,2,0
processed,134,20,1,0,0,0,0,0,0,0,4,0
processed,341,73,5,0,0,0,0,0,0,2,5,0
processed,135,24,1,0,0,0,0,0,0,0,1,0
processed,495,97,8,0,0,0,0,0,0,0,11,0
processed,27,6,1,0,0,0,0,0,0,0,1,0
processed,648,137,6,0,0,0,0,0,0,1,9,0
processed,31,7,1,0,0,0,0,0,0,0,2,0
processed,573,112,4,0,0,0,0,0,0,1,6,0
processed,466,89,5,0,0,0,0,0,0,0,3,1
processed,884,166,8,0,0,0,0,0,0,2,10,0
processed,503,109,5,0,0,0,0,0,0,1,15,1
processed,898,164,10,1,0,0,0,0,0,1,11,1
processed,449,91,7,0,0,0,0,0,0,0,8,0
processed,190,43,3,0,0,0,0,0,0,0,5,0
processed,387,76,7,0,0,0,0,0,0,2,9,0
processed,259,46,3,0,0,0,0,0,0,1,4,0
processed,137,32,4,0,0,0,0,0,0,0,3,0
processed,0,0,0,0,0,0,0,0,0,0,0,0
processed,729,141,12,0,0,0,0,0,0,2,11,0
processed,195,40,1,0,0,0,0,0,0,2,0,0
processed,481,91,9,0,0,0,0,0,0,0,6,0
processed,290,65,7,0,0,0,0,0,0,1,2,0
processed,136,29,2,0,0,0,0,0,0,0,2,0
processed,1107,242,21,0,0,0,0,0,0,3,19,1
processed,354,68,5,0,0,0,0,0,0,0,1,0
processed,581,115,5,0,0,0,0,0,0,0,13,0
processed,503,92,1,0,0,0,0,0,0,0,7,0
processed,892,169,7,0,0,0,0,0,0,0,22,0
processed,21,4,1,0,0,0,0,0,0,0,2,0
processed,655,135,7,0,0,0,0,0,0,2,16,0
processed,344,74,7,0,0,0,0,0,0,0,15,0
processed,279,52,5,0,0,0,0,0,0,1,6,0
processed,1096,184,2,7,0,0,0,0,0,5,10,0
processed,448,87,4,0,0,0,0,0,0,0,9,0
processed,366,87,3,0,0,0,0,0,0,0,9,0
processed,214,43,3,0,0,0,0,0,0,0,4,0
processed,318,62,4,0,0,0,0,0,0,0,10,0
processed,114,25,4,0,0,0,0,0,0,0,13,0
processed,1344,254,14,0,0,0,0,0,0,0,12,0
processed,433,90,5,0,0,0,0,0,0,0,8,0
processed,242,48,5,0,0,0,0,0,0,0,4,0
processed,105,14,1,0,0,0,0,0,0,0,1,0
processed,512,102,7,0,0,0,0,0,0,0,4,0
processed,350,67,3,0,0,0,0,0,0,0,5,0
processed,316,66,4,1,0,0,0,0,0,1,9,0
processed,263,51,3,0,0,0,0,0,0,1,5,0
processed,277,61,2,0,0,0,0,0,0,0,6,0
processed,79,13,2,0,0,0,0,0,0,0,2,0
processed,864,159,5,0,0,0,0,0,0,2,21,0
