dataset,chars,words,sentences,emojis,emoticons,urls,emails,mentions,repeated_chars,teencode,english_tokens,phrase_hits
raw,282,59,2,1,0,0,0,0,0,0,6,1
raw,805,179,8,0,2,0,0,0,2,1,25,3
raw,670,153,6,0,0,0,0,0,0,0,17,5
raw,62,15,1,0,0,0,0,0,0,1,5,0
raw,280,67,8,0,0,0,0,0,0,1,6,3
raw,461,110,3,0,1,0,0,0,0,2,18,6
raw,286,59,4,2,0,0,0,0,1,1,8,2
raw,426,96,1,5,0,0,0,0,0,2,20,3
raw,1070,270,6,6,4,0,0,0,4,5,22,1
raw,479,118,7,0,0,0,0,0,0,0,7,1
raw,67,13,1,0,0,0,0,0,0,0,4,0
raw,323,78,8,0,0,0,0,0,0,2,11,2
raw,81,19,1,0,0,0,0,0,0,1,3,0
raw,487,97,1,0,0,0,0,0,0,1,19,0
raw,83,25,3,0,0,0,0,0,0,1,1,1
raw,31,7,1,1,0,0,0,0,1,0,2,0
raw,347,74,5,0,0,0,0,0,0,0,11,6
raw,96,22,1,0,0,0,0,0,0,0,2,0
raw,113,21,2,0,0,0,0,0,0,0,3,3
raw,211,51,2,0,0,0,0,0,0,1,8,2
raw,160,42,6,0,0,0,0,0,0,1,7,0
raw,378,85,6,0,0,0,0,0,0,1,6,6
raw,192,37,4,0,0,0,0,0,0,0,9,2
raw,305,71,8,0,0,0,0,0,0,0,11,7
raw,13,3,1,0,0,0,0,0,0,0,0,1
raw,157,43,1,1,0,0,0,0,0,1,8,0
raw,59,16,1,0,0,0,0,0,0,0,5,0
raw,57,11,1,0,0,0,0,0,0,0,4,0
raw,1124,258,18,0,0,0,0,0,1,0,33,7
raw,340,73,3,0,2,0,0,0,0,0,10,0
raw,530,119,2,0,0,0,0,0,0,0,15,3
raw,675,143,4,6,1,0,0,0,1,1,15,3
raw,38,7,1,0,0,0,0,0,1,0,1,0
raw,244,60,3,0,0,0,0,0,0,0,6,0
raw,342,70,4,0,0,0,0,0,1,1,16,1
raw,52,12,1,0,0,0,0,0,0,0,3,1
raw,138,33,2,1,0,0,0,0,0,1,8,1
raw,389,79,4,0,0,0,0,0,0,0,9,3
raw,537,106,6,0,0,0,0,0,0,0,10,5
raw,189,37,1,0,0,0,0,0,0,0,7,1
raw,96,21,1,0,0,0,0,0,0,0,4,0
raw,222,58,6,0,0,0,0,0,1,0,6,2
raw,424,88,3,0,0,0,0,0,0,0,8,0
raw,187,46,3,0,0,0,0,0,0,0,3,1
raw,245,50,3,1,0,0,0,0,0,0,5,2
raw,512,127,7,0,0,0,0,0,1,0,15,2
raw,131,23,1,1,0,0,0,0,0,0,5,2
raw,418,86,6,0,2,0,0,0,0,0,10,3
raw,413,99,4,0,1,0,0,0,0,3,10,1
raw,94,23,1,0,0,0,0,0,0,2,1,1
raw,469,111,8,0,0,0,0,0,0,2,12,4
raw,895,201,11,4,0,0,0,0,1,12,32,3
raw,192,46,2,0,0,0,0,0,0,0,4,0
raw,818,186,9,0,1,0,0,0,0,3,23,2
raw,80,20,2,0,0,0,0,0,0,1,4,0
raw,114,29,1,0,0,0,0,0,0,0,2,0
raw,160,40,6,1,0,0,0,0,0,2,3,0
raw,70,17,2,0,0,0,0,0,0,0,4,0
raw,7,2,1,0,0,0,0,0,0,0,0,0
raw,54,11,1,0,0,0,0,0,0,0,1,0
raw,123,29,1,0,0,0,0,0,0,1,5,1
raw,216,42,1,1,0,0,0,0,0,0,7,1
raw,501,109,5,0,0,0,0,0,0,1,9,2
raw,243,57,7,0,0,0,0,0,0,2,10,1
raw,41,10,2,0,0,0,0,0,0,0,0,2
raw,629,141,8,0,0,0,0,0,0,1,13,2
raw,504,125,5,4,1,0,0,0,0,5,12,1
raw,248,53,4,0,0,0,0,0,0,0,7,4
raw,1450,308,18,0,0,0,0,0,2,3,33,7
raw,852,192,10,0,0,0,0,0,1,0,26,2
raw,207,50,4,0,0,0,0,0,0,0,8,0
raw,476,107,10,0,0,0,0,0,0,0,14,4
raw,113,26,2,0,0,0,0,0,0,0,1,3
raw,156,34,3,0,0,0,0,0,0,1,5,1
raw,1524,343,7,2,4,0,0,0,2,3,34,2
raw,92,23,3,0,0,0,0,0,0,1,1,0
raw,149,32,1,0,0,0,0,0,0,0,5,2
raw,225,54,3,1,0,0,0,0,0,1,8,0
raw,897,214,15,0,0,0,0,0,0,2,29,2
raw,1265,264,17,0,1,0,0,0,0,3,36,1
raw,94,19,1,0,0,0,0,0,0,0,2,1
raw,340,79,4,1,0,0,0,0,0,4,9,2
raw,701,142,2,2,0,0,0,0,4,1,25,0
raw,45,12,1,1,0,0,0,0,1,0,1,0
raw,612,137,7,1,0,0,0,0,0,0,22,4
raw,183,36,1,0,0,0,0,0,0,1,10,0
raw,687,160,11,0,0,0,0,0,0,0,22,3
raw,395,97,1,2,1,0,0,0,0,2,7,0
raw,163,43,1,0,0,0,0,0,0,3,8,0
raw,306,67,4,0,0,0,0,0,0,2,9,3
raw,493,106,8,0,0,0,0,0,0,0,7,1
raw,173,41,2,1,0,0,0,0,0,0,3,1
raw,290,57,5,0,0,0,0,0,0,0,3,3
raw,422,93,6,1,0,0,0,0,0,3,9,0
raw,4,1,1,0,0,0,0,0,0,0,1,0
raw,1301,305,21,0,0,0,0,0,0,0,32,2
raw,1532,345,11,4,0,0,0,0,1,3,41,4
raw,284,52,1,0,1,0,0,0,0,0,9,3
raw,255,46,2,0,0,0,0,0,0,0,27,0
raw,500,104,3,0,0,0,0,0,1,0,19,3
raw,289,64,6,2,0,0,0,0,0,0,3,2
raw,151,33,1,0,0,0,0,0,0,1,6,3
raw,71,14,1,1,0,0,0,0,0,0,2,3
raw,73,13,1,0,0,0,0,0,0,0,1,2
raw,243,49,1,0,0,0,0,0,0,0,14,2
raw,1035,209,7,0,3,0,0,0,0,0,109,0
raw,448,109,5,0,0,0,0,0,0,1,11,2
raw,517,105,2,0,0,0,0,0,0,1,62,0
raw,447,108,5,0,3,0,0,0,0,4,20,1
raw,375,88,6,1,0,0,0,0,0,0,9,0
raw,507,118,5,0,0,0,0,0,0,0,12,5
raw,684,160,8,0,0,0,0,0,0,2,25,0
raw,338,73,6,0,0,0,0,0,0,3,9,1
raw,500,118,7,0,0,0,0,0,0,1,12,1
raw,381,87,3,5,0,0,0,0,1,0,16,0
raw,443,105,4,3,0,0,0,0,0,3,6,1
raw,462,107,9,0,0,0,0,0,1,0,17,1
raw,551,122,10,1,0,0,0,0,1,0,15,2
raw,144,31,1,0,1,0,0,0,0,0,7,1
raw,66,15,2,0,0,0,0,0,0,0,3,0
raw,54,12,1,0,0,0,0,0,0,0,3,0
raw,290,56,5,0,0,0,0,0,0,0,9,2
raw,338,87,5,4,0,0,0,0,0,1,9,1
raw,623,123,5,0,0,0,0,0,0,0,14,3
raw,262,64,7,1,0,0,0,0,0,0,7,0
raw,185,46,2,0,0,0,0,0,0,0,3,0
raw,460,90,6,0,0,0,0,0,0,2,17,0
raw,1965,464,19,0,0,0,0,0,1,0,45,3
raw,426,78,5,0,0,0,0,0,1,0,13,2
raw,194,51,3,0,0,0,0,0,0,1,9,0
raw,443,105,14,0,0,0,0,0,1,2,16,5
raw,219,48,3,0,0,0,0,0,0,1,6,1
raw,331,76,9,1,0,0,0,0,0,1,14,1
raw,755,176,5,0,0,0,0,0,1,0,13,1
raw,424,107,11,1,0,0,0,0,0,3,30,2
raw,655,155,4,8,0,0,0,0,2,3,23,1
raw,402,100,1,4,0,0,0,0,1,2,11,1
raw,114,24,3,0,0,0,0,0,0,0,2,1
raw,209,52,3,1,0,0,0,0,1,3,4,0
raw,584,124,3,3,2,0,0,0,0,0,19,2
raw,247,54,3,0,0,0,0,0,0,2,12,0
raw,175,40,3,0,1,0,0,0,1,1,2,2
raw,8,2,1,0,0,0,0,0,0,0,1,0
raw,468,104,7,1,1,0,0,0,1,2,16,2
raw,185,41,1,0,0,0,0,0,0,0,4,4
raw,487,108,12,0,0,0,0,0,1,0,14,4
raw,267,61,3,1,0,0,0,0,1,3,14,1
raw,208,45,3,1,1,0,0,0,2,0,4,0
raw,236,55,5,1,0,0,0,0,0,0,3,1
raw,199,43,4,0,0,0,0,0,0,1,7,0
raw,859,171,10,0,1,0,0,0,0,0,23,5
raw,251,51,5,1,0,0,0,0,0,1,11,0
raw,161,35,1,1,0,0,0,0,0,3,8,1
raw,57,15,1,0,0,0,0,0,0,1,2,1
raw,187,43,1,0,0,0,0,0,0,1,3,2
raw,37,8,1,0,0,0,0,0,0,0,3,0
raw,512,115,3,0,1,0,0,0,0,5,16,1
raw,180,36,1,2,0,0,0,0,6,0,5,1
raw,80,18,1,1,0,0,0,0,0,0,5,1
raw,1166,262,9,0,0,0,0,0,0,0,22,3
raw,323,64,3,0,0,0,0,0,0,0,13,3
raw,259,57,4,0,0,0,0,0,0,1,8,1
raw,143,32,3,0,0,0,0,0,0,0,3,2
raw,298,71,3,1,0,0,0,0,0,1,11,2
raw,273,69,5,0,0,0,0,0,0,2,8,0
raw,35,9,1,0,0,0,0,0,0,0,1,0
raw,402,89,10,0,0,0,0,0,0,0,11,3
raw,152,32,2,0,0,0,0,0,0,0,4,1
raw,96,21,1,1,0,0,0,0,0,0,1,0
raw,503,122,9,0,0,0,0,0,0,1,17,5
raw,83,19,1,0,0,0,0,0,0,0,3,0
raw,339,67,1,0,0,0,0,0,1,0,10,0
raw,257,60,6,0,0,0,0,0,0,2,13,4
raw,1816,390,14,0,2,0,0,0,1,0,54,4
raw,607,139,5,0,0,0,0,0,0,0,26,2
raw,450,102,4,0,0,0,0,0,0,1,14,0
raw,239,61,2,0,0,0,0,0,3,4,17,1
raw,309,72,2,2,0,0,0,0,0,3,8,1
raw,141,29,2,0,0,0,0,0,0,1,3,1
raw,82,22,3,0,0,0,0,0,0,0,2,0
raw,1103,265,14,2,1,0,0,0,0,4,33,3
raw,405,97,5,1,0,0,0,0,0,3,11,3
raw,133,29,3,0,0,0,0,0,0,0,3,1
raw,265,58,4,0,1,0,0,0,0,0,8,2
raw,196,47,3,0,0,0,0,0,0,1,8,0
raw,342,77,6,0,0,0,0,0,0,1,13,1
raw,161,31,2,0,0,0,0,0,0,0,8,0
raw,537,125,6,0,0,0,0,0,3,0,12,3
raw,245,58,4,0,1,0,0,0,1,1,6,1
raw,81,21,1,0,1,0,0,0,0,1,2,1
raw,467,105,6,0,0,0,0,0,0,2,12,0
raw,213,45,5,0,1,0,0,0,0,1,7,5
raw,664,155,7,4,0,0,0,0,0,0,20,1
raw,654,154,11,0,0,0,0,0,0,0,18,3
raw,262,56,3,1,0,0,0,0,0,0,14,2
raw,498,106,7,1,1,0,0,0,1,0,7,1
raw,286,59,5,0,0,0,0,0,0,0,7,0
raw,602,137,7,0,1,0,0,0,1,3,28,0
raw,95,24,2,1,0,0,0,0,1,0,1,2
raw,42,12,1,1,0,0,0,0,0,0,0,1
raw,185,45,3,0,0,0,0,0,1,0,7,0
raw,764,174,7,0,0,0,0,0,0,4,19,2
raw,195,45,4,0,0,0,0,0,0,4,7,1
raw,184,44,1,0,0,0,0,0,0,0,6,0
raw,24,4,1,1,0,0,0,0,0,0,1,1
raw,922,212,8,0,0,0,0,0,3,1,31,1
raw,514,125,11,0,0,0,0,0,1,2,22,0
raw,1006,221,14,18,1,0,0,1,5,0,33,4
raw,146,34,1,0,0,0,0,0,0,0,3,1
raw,240,48,3,0,1,0,0,0,0,2,11,2
raw,501,110,7,0,0,0,0,0,0,0,16,2
raw,371,84,6,0,0,0,0,0,0,0,10,3
raw,555,133,5,4,0,0,0,0,0,1,15,6
raw,162,40,4,0,0,0,0,0,0,0,9,1
raw,138,32,3,0,0,0,0,0,0,0,9,0
raw,32,9,2,0,0,0,0,0,0,0,1,0
raw,1068,245,11,6,1,0,0,0,2,4,23,9
raw,749,152,5,0,0,0,0,0,0,7,27,4
raw,462,104,2,0,0,0,0,0,1,0,12,1
raw,139,34,1,0,1,0,0,0,0,0,1,1
raw,263,60,1,0,3,0,0,0,3,2,8,0
raw,499,102,6,0,0,0,0,0,0,0,11,1
raw,99,22,1,0,0,0,0,0,0,1,3,0
raw,1673,382,13,0,0,0,0,0,0,10,57,1
raw,518,102,4,0,1,0,0,0,0,0,41,0
raw,743,166,13,0,0,0,0,0,1,7,19,2
raw,405,76,3,0,2,0,0,0,0,1,11,1
raw,537,119,8,0,0,0,0,0,1,3,16,5
raw,357,77,6,3,0,0,0,0,0,0,11,2
raw,483,113,4,0,0,0,0,0,0,5,16,1
raw,442,99,4,0,0,0,0,0,0,1,16,2
raw,1253,295,8,0,3,0,0,0,1,0,45,3
raw,124,31,1,0,0,0,0,0,0,0,5,0
raw,4,1,1,0,0,0,0,0,0,0,0,0
raw,195,47,3,0,0,0,0,0,0,1,4,0
raw,182,44,4,0,0,0,0,0,0,1,3,1
raw,235,55,4,2,0,0,0,0,0,0,4,3
raw,74,19,2,0,0,0,0,0,0,0,3,0
raw,262,65,5,0,0,0,0,0,0,1,7,1
raw,370,74,1,2,1,0,0,0,1,0,11,4
raw,567,123,16,0,0,0,0,0,0,0,20,0
raw,203,45,2,0,0,0,0,0,0,0,5,1
raw,402,87,5,1,0,0,0,0,0,1,10,3
raw,263,54,3,0,0,0,0,0,0,0,12,0
raw,405,97,8,0,0,0,0,0,1,2,15,1
raw,79,13,2,0,0,0,0,0,0,0,0,0
raw,372,84,6,1,0,0,0,0,1,2,15,2
raw,72,15,2,0,1,0,0,0,0,0,3,1
raw,623,155,6,4,4,0,0,0,0,6,22,1
raw,438,98,5,1,0,0,0,0,0,0,14,1
raw,1848,399,28,0,0,0,0,0,1,0,56,0
raw,27,6,1,0,0,0,0,0,0,0,1,0
raw,474,133,5,0,2,0,0,0,0,3,19,1
raw,29,5,1,0,0,0,0,0,0,0,0,0
raw,107,18,1,0,0,0,0,0,0,0,2,2
raw,100,25,3,0,1,0,0,0,0,0,5,0
raw,248,47,3,0,1,0,0,0,0,0,5,1
raw,160,36,2,2,0,0,0,0,0,0,9,1
raw,110,28,3,0,0,0,0,0,0,0,1,0
raw,173,36,1,0,0,0,0,0,0,0,4,2
raw,741,158,4,1,0,0,0,0,1,2,16,4
raw,119,23,1,2,0,0,0,0,0,0,3,1
raw,118,25,3,2,0,0,0,0,1,0,3,1
raw,290,55,2,0,0,0,0,0,0,0,7,3
raw,131,29,5,0,0,0,0,0,0,1,3,0
raw,1002,246,22,6,6,0,0,0,5,10,30,4
raw,546,121,1,0,0,0,0,0,0,2,23,1
raw,471,98,7,0,0,0,0,0,0,1,16,7
raw,509,123,10,0,0,0,0,0,0,0,12,0
raw,861,198,9,3,0,0,0,0,0,0,15,5
raw,540,116,6,1,0,0,0,0,0,0,13,2
raw,65,11,1,2,0,0,0,0,1,0,3,2
raw,295,70,3,0,0,0,0,0,0,2,8,0
raw,107,28,2,1,0,0,0,0,0,2,3,1
raw,734,166,6,0,0,0,0,0,1,2,24,9
raw,575,134,11,0,0,0,0,0,1,0,20,1
raw,201,53,4,0,0,0,0,0,0,0,1,2
raw,418,94,9,0,1,0,0,0,0,3,19,3
raw,189,42,4,0,0,0,0,0,0,0,4,1
raw,2921,641,4,16,3,0,0,0,4,3,94,16
raw,362,74,2,0,0,0,0,0,0,0,7,1
raw,318,66,1,0,0,0,0,0,0,1,11,0
raw,492,104,7,0,1,0,0,0,1,1,19,2
raw,23,6,1,0,0,0,0,0,0,0,0,0
raw,507,105,3,0,1,0,0,0,0,0,15,1
raw,128,29,2,0,1,0,0,0,0,2,5,1
raw,1006,197,4,6,1,0,0,0,1,3,37,3
raw,164,33,3,0,0,0,0,0,0,2,2,2
raw,98,22,2,1,0,0,0,0,0,0,4,1
raw,324,58,4,0,0,0,0,0,0,0,10,2
raw,225,45,1,0,0,0,0,0,0,0,8,2
raw,727,178,9,0,0,0,0,0,1,2,22,2
raw,123,25,1,2,0,0,0,0,0,0,3,7
raw,27,8,2,0,1,0,0,0,0,0,1,1
raw,127,28,1,0,0,0,0,0,0,0,3,2
raw,242,59,6,1,0,0,0,0,2,0,5,1
raw,147,34,1,1,0,0,0,0,0,0,13,2
raw,450,107,4,0,0,0,0,0,0,1,11,2
raw,52,11,2,0,1,0,0,0,0,0,1,0
raw,364,86,6,0,0,0,0,0,0,1,9,0
raw,301,73,9,0,0,0,0,0,0,1,8,0
raw,274,65,4,3,0,0,0,0,4,1,7,3
raw,84,16,1,0,0,0,0,0,0,0,2,0
raw,851,177,6,0,3,0,0,0,0,0,25,5
raw,406,88,5,4,0,0,0,0,0,0,11,2
raw,1792,414,16,0,0,0,0,0,0,2,45,7
raw,312,74,6,0,0,0,0,0,1,1,12,0
raw,19,8,2,0,0,0,0,0,0,0,2,0
raw,620,134,1,7,0,0,0,0,1,2,27,2
raw,133,33,6,1,0,0,0,0,0,1,3,2
raw,132,26,1,0,0,0,0,0,0,0,1,7
raw,1245,282,13,0,0,0,0,0,0,0,37,1
raw,239,53,7,0,0,0,0,0,0,0,7,0
raw,1286,294,6,1,0,0,0,0,0,9,53,1
raw,530,107,1,0,0,0,0,0,1,2,13,7
raw,473,102,7,0,0,0,0,0,0,1,17,1
raw,752,176,10,5,0,0,0,0,0,0,32,2
raw,742,208,6,0,0,0,0,0,0,0,28,3
raw,84,23,1,0,0,0,0,0,1,1,2,0
raw,136,34,1,0,0,0,0,0,0,0,5,0
raw,96,24,2,0,0,0,0,0,0,0,2,0
raw,949,211,10,0,0,0,0,0,0,4,32,2
raw,709,154,6,1,0,0,0,0,0,2,12,4
raw,275,65,8,0,0,0,0,0,0,3,16,0
raw,543,112,6,0,1,0,0,0,1,3,11,1
raw,186,39,1,0,0,0,0,0,1,0,7,0
raw,142,35,2,0,0,0,0,0,0,0,3,0
raw,513,123,7,0,0,0,0,0,0,4,14,3
raw,216,43,3,0,0,0,0,0,0,2,7,0
raw,120,30,2,0,0,0,0,0,0,0,4,0
raw,349,72,4,0,0,0,0,0,0,0,8,2
raw,44,9,1,1,0,0,0,0,1,0,2,0
raw,77,17,1,1,0,0,0,0,0,0,2,1
raw,613,151,3,0,0,0,0,0,0,4,13,1
raw,198,45,5,0,1,0,0,0,0,1,3,1
raw,559,117,3,0,0,0,0,0,0,0,16,1
raw,127,23,3,0,1,0,0,0,1,0,5,3
raw,725,152,8,0,0,0,0,0,4,0,19,1
raw,672,156,8,1,0,0,0,0,0,0,23,5
raw,222,46,6,0,0,0,0,0,0,1,5,3
raw,96,21,1,0,1,0,0,0,1,0,5,1
raw,196,45,3,0,0,0,0,0,0,0,7,7
raw,15,3,1,0,0,0,0,0,0,0,0,0
raw,470,111,4,2,1,0,0,0,1,1,14,5
raw,255,53,4,0,0,0,0,0,0,0,9,3
raw,504,108,2,0,0,0,0,0,4,0,20,2
raw,93,23,1,0,1,0,0,0,0,0,6,0
raw,390,86,4,2,0,0,0,0,0,0,14,2
raw,13,3,1,0,0,0,0,0,0,0,0,1
raw,816,168,1,5,0,0,0,0,2,3,34,2
raw,117,23,1,1,0,0,0,0,0,0,0,1
raw,2063,469,13,6,0,0,0,0,9,4,29,5
raw,89,21,1,0,0,0,0,0,0,0,1,1
raw,335,76,1,4,0,0,0,0,0,1,11,0
raw,198,39,3,0,0,0,0,0,0,0,5,1
raw,36,9,1,1,0,0,0,0,1,0,1,1
raw,114,31,3,0,0,0,0,0,0,1,2,0
raw,7,2,1,0,0,0,0,0,0,0,1,0
raw,36,6,1,0,0,0,0,0,0,0,1,0
raw,415,105,8,0,0,0,0,0,0,3,13,0
raw,174,37,2,0,0,0,0,0,0,1,5,2
raw,678,142,7,1,0,0,0,0,0,0,20,1
raw,144,29,3,0,0,0,0,0,0,2,5,2
raw,253,52,3,0,1,0,0,0,1,0,5,3
raw,4129,913,33,7,1,0,0,0,3,5,144,12
raw,43,12,2,1,0,0,0,0,0,0,1,0
raw,321,74,7,0,0,0,0,0,0,1,10,0
raw,43,12,1,1,0,0,0,0,0,1,0,0
raw,427,101,5,0,0,0,0,0,0,2,7,4
raw,621,144,7,0,0,0,0,0,0,2,19,2
raw,43,8,2,0,0,0,0,0,0,0,0,0
raw,122,35,2,0,0,0,0,0,2,2,4,0
raw,438,90,6,0,1,0,0,0,1,4,17,3
raw,1819,422,25,9,0,0,0,0,1,1,40,1
raw,93,19,3,0,0,0,0,0,0,0,3,0
raw,103,21,3,0,0,0,0,0,0,0,2,1
raw,90,21,1,0,0,0,0,0,0,0,3,1
raw,63,15,2,0,0,0,0,0,0,0,4,3
raw,388,82,1,0,0,0,0,0,0,0,15,1
raw,174,43,1,1,0,0,0,0,0,0,5,0
raw,322,78,5,0,1,0,0,0,0,0,7,6
raw,552,134,9,6,0,0,0,0,0,2,10,3
raw,282,57,1,0,0,0,0,0,0,0,7,2
raw,100,23,2,0,0,0,0,0,0,0,2,0
raw,380,80,1,0,0,0,0,0,0,1,15,2
raw,427,91,2,0,0,0,0,0,0,2,15,4
raw,289,60,4,0,0,0,0,0,0,0,9,1
raw,1066,244,13,1,0,0,0,0,1,0,30,3
raw,264,58,4,0,1,0,0,0,1,0,8,1
raw,673,156,7,0,2,0,0,0,0,1,19,1
raw,1424,299,11,2,0,0,0,0,1,2,20,14
raw,632,153,7,2,0,0,0,0,0,1,24,3
raw,304,69,6,0,0,0,0,0,0,2,4,7
raw,135,34,2,3,0,0,0,0,0,1,3,1
raw,418,96,8,1,0,0,0,0,0,0,7,1
raw,295,69,6,1,0,0,0,0,1,0,4,4
raw,147,35,3,1,0,0,0,0,0,1,6,0
raw,129,30,1,0,0,0,0,0,4,0,2,0
raw,71,13,1,0,0,0,0,0,2,0,5,0
raw,215,45,3,0,0,0,0,0,0,1,10,0
raw,101,22,2,1,0,0,0,0,1,0,5,0
raw,251,57,2,0,0,0,0,0,0,0,10,0
raw,197,46,3,1,0,0,0,0,2,0,6,0
raw,172,41,2,0,0,0,0,0,0,2,6,2
raw,244,59,2,0,0,0,0,0,0,0,3,0
raw,710,144,6,0,0,0,0,0,0,0,10,1
raw,409,102,8,0,0,0,0,0,1,0,13,3
raw,485,105,9,1,0,0,0,0,0,4,16,4
raw,374,85,3,0,0,0,0,0,1,1,7,5
raw,521,122,6,0,1,0,0,0,0,1,13,1
raw,211,51,5,0,0,0,0,0,0,1,8,0
raw,63,16,1,1,0,0,0,0,2,2,2,0
raw,428,100,7,0,0,0,0,0,1,0,14,1
raw,307,70,7,0,0,0,0,0,0,5,13,1
raw,409,79,6,0,0,0,0,0,0,1,9,1
raw,550,137,10,0,0,0,0,0,1,2,16,1
raw,107,25,3,0,1,0,0,0,1,0,5,4
raw,714,143,7,0,0,0,0,0,0,0,15,4
raw,351,76,4,0,0,0,0,0,0,2,14,0
raw,557,131,8,0,1,0,0,0,2,5,21,1
raw,175,44,3,0,0,0,0,0,2,0,5,0
raw,277,57,2,0,0,0,0,0,0,0,6,1
raw,226,52,3,0,0,0,0,0,0,0,9,3
raw,131,29,2,0,0,0,0,0,0,1,3,0
raw,311,71,5,0,0,0,0,0,0,5,19,0
raw,117,24,1,0,0,0,0,0,0,0,0,0
raw,283,67,5,0,0,0,0,0,0,0,14,0
raw,849,165,3,0,0,0,0,0,0,0,23,6
raw,746,156,9,2,1,0,0,0,2,1,27,0
raw,95,21,3,1,0,0,0,0,0,0,3,0
raw,503,115,8,0,1,0,0,0,0,0,11,4
raw,452,106,3,2,0,0,0,0,1,2,13,3
raw,549,127,7,0,0,0,0,0,0,0,18,3
raw,388,88,4,0,1,0,0,0,0,0,8,0
raw,474,111,3,1,1,0,0,0,2,6,6,2
raw,766,165,2,6,0,0,0,0,2,0,22,11
raw,479,120,11,0,0,0,0,0,0,0,14,3
raw,261,55,1,2,0,0,0,0,1,0,15,1
raw,494,101,4,0,0,0,0,0,0,0,15,8
raw,582,129,5,0,0,0,0,0,1,1,11,7
raw,178,44,2,1,0,0,0,0,0,2,4,0
raw,883,196,13,0,3,0,0,0,0,4,30,5
raw,36,11,1,1,0,0,0,0,0,0,2,1
raw,1247,299,16,0,0,0,0,0,1,0,46,2
raw,22,4,1,0,0,0,0,0,0,0,0,0
raw,333,77,1,0,0,0,0,0,0,0,9,0
raw,331,73,1,0,1,0,0,0,1,1,17,0
raw,433,90,7,0,0,0,0,0,0,0,19,6
raw,40,8,1,0,0,0,0,0,0,0,2,0
raw,92,21,1,0,0,0,0,0,0,0,1,0
raw,380,94,6,0,0,0,0,0,1,0,8,1
raw,731,157,2,0,7,0,0,0,8,5,31,2
raw,472,108,11,0,0,0,0,0,0,0,19,1
raw,232,57,3,0,0,0,0,0,0,0,6,1
raw,128,24,2,0,0,0,0,0,0,0,1,1
raw,823,173,14,1,0,0,0,0,0,1,130,0
raw,10,3,1,0,0,0,0,0,0,0,1,0
raw,239,52,4,0,0,0,0,0,0,0,3,2
raw,206,48,3,3,0,0,0,0,1,1,9,0
raw,430,91,3,0,0,0,0,0,0,4,14,3
raw,896,202,10,1,3,0,0,0,0,0,19,1
raw,679,132,2,3,0,0,0,0,1,2,21,5
raw,160,41,1,1,0,0,0,0,0,1,13,0
raw,370,68,1,0,1,0,0,0,0,1,39,0
raw,210,62,2,0,0,0,0,0,5,1,4,1
raw,501,107,6,0,0,0,0,0,0,2,9,1
raw,347,83,8,1,0,0,0,0,0,0,8,2
raw,204,50,4,0,0,0,0,0,0,1,2,4
raw,138,36,5,0,0,0,0,0,0,0,7,0
raw,226,53,3,3,0,0,0,0,1,0,5,1
raw,5,1,1,0,0,0,0,0,0,0,0,0
raw,220,50,5,0,0,0,0,0,0,0,7,3
raw,124,27,4,1,0,0,0,0,0,0,6,0
raw,475,100,5,0,0,0,0,0,1,0,29,0
raw,180,38,4,0,0,0,0,0,0,0,6,1
raw,34,8,1,0,0,0,0,0,0,0,1,0
raw,9,2,1,0,0,0,0,0,0,0,1,0
raw,765,163,2,8,0,0,0,0,1,2,27,0
raw,314,63,2,0,0,0,0,0,0,0,10,0
raw,457,101,5,1,0,0,0,0,0,0,13,4
raw,1092,252,16,0,0,0,0,0,3,6,34,5
raw,306,73,7,0,1,0,0,0,1,2,13,1
raw,183,43,4,0,0,0,0,0,0,0,4,0
raw,631,144,11,3,0,0,0,0,2,1,25,4
raw,201,50,6,0,0,0,0,0,0,2,4,2
raw,157,33,1,0,0,0,0,0,0,1,8,0
raw,40,7,1,0,0,0,0,0,0,0,0,0
raw,93,25,1,0,0,0,0,0,0,0,4,0
raw,30,6,1,0,0,0,0,0,0,0,0,0
raw,412,101,3,3,0,0,0,0,1,4,17,0
raw,222,48,5,0,0,0,0,0,0,0,4,2
raw,73,19,1,0,1,0,0,0,0,0,3,1
raw,514,114,5,0,4,0,0,0,0,0,11,3
raw,479,108,9,0,0,0,0,0,0,0,13,3
raw,406,88,4,0,1,0,0,0,0,1,6,3
raw,284,67,4,0,0,0,0,0,0,0,6,2
raw,104,19,2,0,0,0,0,0,0,0,3,0
raw,460,107,6,0,0,0,0,0,0,0,21,1
raw,560,144,8,1,0,0,0,0,0,2,17,0
raw,56,11,1,0,0,0,0,0,0,0,0,1
raw,190,45,2,0,0,0,0,0,0,3,9,2
raw,1132,250,1,1,2,0,0,0,2,2,28,6
raw,468,96,1,0,1,0,0,0,0,1,8,2
raw,108,23,2,1,0,0,0,0,1,0,2,2
raw,129,29,2,0,0,0,0,0,0,0,5,0
raw,326,81,10,0,0,0,0,0,0,2,12,2
raw,279,64,6,0,0,0,0,0,0,0,6,6
raw,323,77,5,0,0,0,0,0,0,1,12,7
raw,262,62,3,0,0,0,0,0,0,1,11,1
raw,153,37,6,0,0,0,0,0,0,1,5,0
raw,292,70,6,0,1,0,0,0,1,0,7,0
raw,323,68,5,0,0,0,0,0,0,4,6,3
raw,175,41,1,0,0,0,0,0,0,0,4,0
raw,895,153,3,0,0,0,0,0,1,0,102,0
raw,518,108,6,0,0,0,0,0,0,1,15,1
raw,366,90,7,0,0,0,0,0,2,1,14,2
raw,430,108,1,0,0,0,0,0,0,3,11,3
raw,442,107,12,0,0,0,0,0,0,4,20,3
raw,117,29,3,0,1,0,0,0,0,0,4,0
raw,420,96,5,0,0,0,0,0,1,1,10,1
raw,474,108,7,0,0,0,0,0,0,0,15,0
raw,424,94,7,0,0,0,0,0,1,0,14,5
raw,235,55,2,1,0,0,0,0,8,0,9,3
raw,503,103,5,1,0,0,0,0,1,0,14,3
raw,598,126,7,1,0,0,0,0,0,1,14,2
raw,331,67,3,2,0,0,0,0,0,0,14,3
raw,137,28,1,0,0,0,0,0,0,0,6,0
raw,125,23,1,0,0,0,0,0,0,0,5,3
raw,761,167,9,0,1,0,0,0,0,0,15,3
raw,1129,251,18,0,0,0,0,0,0,2,37,4
raw,15,4,1,0,0,0,0,0,0,0,0,0
raw,297,66,5,0,0,0,0,0,0,0,2,2
raw,309,68,4,0,1,0,0,0,0,0,8,0
raw,136,25,2,0,0,0,0,0,0,0,7,2
raw,1063,234,11,3,0,0,0,0,0,2,34,4
raw,82,15,2,0,0,0,0,0,0,0,2,4
raw,421,96,8,0,0,0,0,0,0,2,10,3
raw,556,122,5,3,0,0,0,0,0,1,9,3
raw,508,105,3,0,4,0,0,0,1,0,14,8
raw,135,27,3,0,0,0,0,0,0,0,3,1
raw,145,31,2,0,0,0,0,0,0,2,9,0
raw,489,116,5,0,0,0,0,0,0,0,11,1
raw,426,102,5,0,0,0,0,0,0,2,17,1
raw,51,11,2,0,0,0,0,0,0,1,0,1
raw,293,64,5,0,0,0,0,0,0,0,5,3
raw,378,90,6,0,0,0,0,0,0,3,16,2
raw,845,197,12,7,1,0,0,0,0,11,29,2
raw,181,37,2,0,1,0,0,0,0,0,3,0
raw,107,22,2,0,0,0,0,0,0,0,2,1
raw,191,46,5,0,0,0,0,0,0,0,6,1
raw,219,43,2,0,0,0,0,0,0,0,7,0
raw,118,27,1,0,0,0,0,0,0,0,3,0
raw,653,154,11,0,0,0,0,0,0,6,10,0
raw,510,128,6,0,0,0,0,0,0,0,10,2
raw,183,42,2,0,0,0,0,0,0,0,3,3
raw,242,55,2,1,0,0,0,0,2,0,7,0
raw,452,109,4,0,0,0,0,0,0,5,15,0
raw,197,50,3,0,0,0,0,0,0,1,5,0
raw,203,45,1,0,0,0,0,0,0,0,5,1
raw,97,22,3,0,0,0,0,0,0,2,4,0
raw,949,224,15,0,0,0,0,0,1,1,25,2
raw,149,35,6,0,0,0,0,0,0,0,10,2
raw,447,111,9,0,0,0,0,0,0,1,21,4
raw,204,45,1,0,0,0,0,0,0,0,8,0
raw,642,154,2,2,0,0,0,0,2,2,15,1
raw,241,62,4,0,0,0,0,0,0,1,6,1
raw,253,67,4,1,0,0,0,0,0,1,10,0
raw,147,36,2,1,0,0,0,0,0,0,3,0
raw,515,113,7,0,1,0,0,0,0,2,16,0
raw,1009,224,11,3,1,0,0,0,0,2,29,7
raw,708,170,12,1,1,0,0,0,1,2,15,5
raw,188,42,1,0,0,0,0,0,2,2,5,0
raw,96,18,2,0,0,0,0,0,0,1,3,0
raw,84,22,1,0,0,0,0,0,0,0,4,0
raw,814,174,10,0,0,0,0,0,0,0,32,2
raw,69,14,2,0,0,0,0,0,0,0,1,2
raw,579,151,7,1,2,0,0,0,1,1,19,0
raw,320,86,5,0,1,0,0,0,0,2,15,1
raw,319,67,3,0,0,0,0,0,0,0,38,0
raw,144,29,3,0,0,0,0,0,0,0,8,1
raw,159,38,3,0,0,0,0,0,0,0,5,1
raw,70,14,1,0,0,0,0,0,0,0,1,2
raw,1706,356,20,0,1,0,0,0,2,0,29,9
raw,441,98,5,2,0,0,0,0,0,2,17,0
raw,508,100,7,0,0,0,0,0,0,0,14,5
raw,188,42,3,1,0,0,0,0,0,0,7,0
raw,1078,252,13,0,0,0,0,0,1,2,54,5
raw,59,13,1,0,0,0,0,0,0,0,2,0
raw,415,86,1,6,1,0,0,0,1,0,9,0
raw,249,47,2,0,0,0,0,0,0,0,5,0
raw,41,8,1,0,0,0,0,0,0,0,0,0
raw,205,48,2,0,0,0,0,0,0,0,5,1
raw,357,91,6,0,0,0,0,0,0,0,10,0
raw,137,31,2,0,0,0,0,0,0,1,3,1
raw,468,99,8,0,0,0,0,0,0,2,15,5
raw,76,13,3,0,0,0,0,0,0,1,2,0
raw,405,89,6,0,0,0,0,0,0,0,10,3
raw,882,181,8,7,1,0,0,0,1,0,33,2
raw,195,38,2,0,1,0,0,0,0,1,5,0
raw,9,2,1,0,0,0,0,0,0,0,2,0
raw,58,16,2,1,0,0,0,0,0,0,0,0
raw,615,143,4,0,0,0,0,0,0,0,12,2
raw,103,24,1,0,0,0,0,0,0,1,5,0
raw,398,95,8,0,1,0,0,0,0,3,18,0
raw,290,63,3,1,0,0,0,0,2,1,13,3
raw,291,63,6,0,1,0,0,0,0,4,14,1
raw,329,67,1,4,0,0,0,0,0,1,19,1
raw,396,93,5,0,2,0,0,0,0,0,15,0
raw,244,56,4,0,0,0,0,0,0,0,8,0
raw,691,137,4,0,0,0,0,0,2,1,81,0
raw,575,121,10,0,0,0,0,0,0,2,26,3
raw,232,48,4,0,0,0,0,0,0,1,5,0
raw,125,24,1,0,0,0,0,0,0,0,6,2
raw,2,1,1,0,0,0,0,0,0,0,0,0
raw,178,37,3,0,0,0,0,0,0,1,7,1
raw,130,29,2,0,2,0,0,0,1,0,5,2
raw,201,42,1,1,0,0,0,0,0,0,5,0
raw,389,74,4,0,0,0,0,0,0,1,52,0
raw,106,24,1,1,1,0,0,0,1,0,2,2
raw,694,165,7,0,0,0,0,0,2,2,24,6
raw,627,136,6,3,0,0,0,0,3,0,16,1
raw,626,151,1,6,0,0,0,0,0,4,19,2
raw,439,98,5,0,0,0,0,0,0,1,14,2
raw,109,26,3,0,0,0,0,0,0,0,3,1
raw,19,4,1,0,0,0,0,0,0,0,1,0
raw,470,107,4,5,0,0,0,0,0,1,17,1
raw,175,39,3,0,1,0,0,0,1,1,4,0
raw,447,92,2,3,0,0,0,0,1,0,17,2
raw,290,71,2,1,0,0,0,0,1,5,9,0
raw,108,24,4,1,0,0,0,0,0,0,2,1
raw,478,112,6,0,0,0,0,0,1,4,13,2
raw,57,17,2,0,0,0,0,0,0,0,2,0
raw,52,11,2,1,0,0,0,0,1,0,1,2
raw,402,99,7,1,0,0,0,0,0,1,11,3
raw,271,67,1,1,2,0,0,0,0,4,15,0
raw,37,11,1,0,0,0,0,0,0,0,0,0
raw,313,67,3,0,1,0,0,0,1,0,3,4
raw,1035,230,7,0,0,0,0,0,0,1,21,3
raw,1959,433,19,0,0,0,0,0,0,2,58,5
raw,234,49,3,0,1,0,0,0,0,1,10,2
raw,429,100,5,5,0,0,0,0,0,1,13,3
raw,303,50,1,0,0,0,0,0,0,0,55,0
raw,141,31,1,0,0,0,0,0,0,0,4,2
raw,96,24,2,1,0,0,0,0,0,0,5,0
raw,278,70,4,0,0,0,0,0,1,3,11,0
raw,337,66,1,0,0,0,0,0,0,2,17,0
raw,103,22,1,0,0,0,0,0,0,1,4,0
raw,174,37,1,0,0,0,0,0,0,1,5,0
raw,1100,240,12,0,0,0,0,0,1,1,29,3
raw,1108,261,16,0,3,0,0,0,2,9,33,1
raw,1010,239,6,9,0,0,0,0,0,6,21,7
raw,447,97,7,0,0,0,0,0,0,0,11,3
raw,53,11,1,0,0,0,0,0,0,0,0,0
raw,338,73,4,0,0,0,0,0,0,4,11,1
raw,449,110,7,0,0,0,0,0,0,1,19,1
raw,1327,295,8,0,3,0,0,0,3,11,48,4
raw,185,35,3,1,0,0,0,0,0,2,10,2
raw,469,108,15,1,0,0,0,0,1,1,13,3
raw,366,77,6,1,0,0,0,0,1,2,8,1
raw,955,203,9,0,0,0,0,0,2,2,30,1
raw,474,102,4,0,0,0,0,0,0,0,17,1
raw,622,136,6,0,0,0,0,0,0,1,28,3
raw,476,103,4,0,0,0,0,0,0,2,13,3
raw,445,92,1,0,0,0,0,0,0,0,12,3
raw,2113,502,25,3,1,0,0,0,3,0,63,7
raw,505,117,5,0,0,0,0,0,1,1,14,2
raw,294,72,4,0,0,0,0,0,0,0,10,1
raw,225,53,3,2,0,0,0,0,0,0,13,1
raw,69,18,2,0,0,0,0,0,1,0,3,0
raw,426,103,7,0,0,0,0,0,0,1,19,0
raw,423,98,5,1,1,0,0,0,0,2,14,0
raw,429,90,2,2,2,0,0,0,3,3,14,4
raw,1045,207,8,0,0,0,0,0,4,0,34,3
raw,979,201,11,0,0,0,0,0,0,3,38,3
raw,892,192,9,0,0,0,0,0,0,0,16,4
raw,439,97,3,0,0,0,0,0,0,6,17,2
raw,1554,350,24,1,0,0,0,0,0,3,82,3
raw,979,203,6,0,2,0,0,0,1,1,29,1
raw,456,104,2,5,0,0,0,0,0,2,17,2
raw,524,115,9,0,3,0,0,0,0,0,15,5
raw,8,2,1,0,0,0,0,0,0,0,0,0
raw,40,8,1,0,0,0,0,0,0,0,0,0
raw,252,62,3,0,1,0,0,0,0,0,5,0
raw,242,58,1,0,0,0,0,0,0,0,7,2
raw,141,34,1,0,0,0,0,0,0,0,4,0
raw,9,1,1,0,0,0,0,0,0,0,0,0
raw,126,25,2,0,0,0,0,0,0,0,7,1
raw,55,12,1,0,0,0,0,0,0,0,2,2
raw,124,28,1,0,1,0,0,0,0,0,7,2
raw,520,106,6,0,2,0,0,0,1,0,15,1
raw,843,194,3,9,0,0,0,0,2,7,44,1
raw,507,120,6,0,1,0,0,0,2,0,14,1
raw,95,24,1,1,0,0,0,0,0,0,3,1
raw,335,79,5,0,0,0,0,0,0,0,8,1
raw,1,1,1,1,0,0,0,0,0,0,0,0
raw,584,134,6,0,0,0,0,0,0,1,17,5
raw,137,37,5,1,0,0,0,0,1,1,4,0
raw,575,115,3,0,0,0,0,0,0,0,61,0
raw,1369,318,14,1,1,0,0,0,1,2,34,3
raw,967,208,11,0,0,0,0,0,0,0,25,4
raw,292,63,3,0,0,0,0,0,0,0,5,0
raw,529,111,5,3,0,0,0,0,0,1,15,2
raw,345,73,1,1,0,0,0,0,1,1,17,2
raw,475,100,9,0,1,0,0,0,1,1,12,0
raw,81,22,2,0,0,0,0,0,0,3,6,0
raw,161,30,3,0,0,0,0,0,0,0,5,2
raw,159,36,1,0,0,0,0,0,1,0,5,0
raw,611,131,6,0,0,0,0,0,0,0,13,1
raw,193,38,1,0,1,0,0,0,0,0,6,3
raw,973,210,19,2,0,0,0,0,1,0,35,2
raw,234,43,5,0,0,0,0,0,0,0,11,3
raw,347,79,1,0,1,0,0,0,0,2,9,0
raw,841,180,9,0,0,0,0,0,1,0,22,2
raw,528,121,12,0,0,0,0,0,1,1,7,0
raw,35,7,2,0,0,0,0,0,1,0,1,0
raw,228,54,4,0,0,0,0,0,1,0,5,1
raw,174,41,4,0,0,0,0,0,1,3,7,0
raw,427,101,9,1,0,0,0,0,0,2,15,2
raw,1452,359,16,0,0,0,0,0,0,3,38,4
raw,455,109,4,0,0,0,0,0,0,0,15,0
raw,143,31,3,0,0,0,0,0,0,0,6,1
raw,87,19,2,0,0,0,0,0,1,0,6,0
raw,198,48,4,0,0,0,0,0,2,2,7,2
raw,300,63,1,0,1,0,0,0,0,0,4,1
raw,442,94,4,0,0,0,0,0,0,0,18,0
raw,98,22,2,0,1,0,0,0,0,0,2,0
raw,155,41,2,0,0,0,0,0,0,0,7,2
raw,251,54,5,0,0,0,0,0,0,0,6,1
raw,585,134,13,0,1,0,0,0,0,0,9,1
raw,65,13,2,0,0,0,0,0,0,0,2,3
raw,238,52,4,0,0,0,0,0,1,0,4,4
raw,301,58,4,0,0,0,0,0,0,0,10,1
raw,120,30,2,0,0,0,0,0,0,0,5,0
raw,1084,250,7,0,0,0,0,0,0,2,23,4
raw,65,16,2,0,0,0,0,0,1,1,3,0
raw,124,27,4,0,0,0,0,0,0,0,2,4
raw,83,22,2,0,0,0,0,0,0,0,1,0
raw,362,85,1,0,0,0,0,0,0,4,9,0
raw,297,64,4,2,1,0,0,0,1,0,10,1
raw,699,155,7,2,1,0,0,0,0,0,18,4
raw,713,153,6,0,2,0,0,0,0,2,18,3
raw,159,30,1,0,1,0,0,0,1,1,7,1
raw,718,160,7,0,0,0,0,0,0,2,18,0
raw,538,107,3,0,0,0,0,0,0,0,6,3
raw,1293,288,7,6,2,0,0,0,1,4,35,4
raw,250,57,3,0,0,0,0,0,0,0,6,2
raw,490,106,1,0,3,0,0,0,1,2,9,3
raw,141,29,5,0,0,0,0,0,0,0,4,3
raw,1005,222,13,0,0,0,0,0,0,2,18,4
raw,401,80,3,0,2,0,0,0,0,0,11,2
raw,139,38,2,0,0,0,0,0,1,0,6,2
raw,182,44,1,0,1,0,0,0,0,1,8,1
raw,789,176,5,1,0,0,0,0,1,0,16,4
raw,155,34,3,0,0,0,0,0,0,0,8,0
raw,454,94,4,0,0,0,0,0,0,4,10,5
raw,296,67,4,0,0,0,0,0,0,0,11,0
raw,357,80,5,0,0,0,0,0,0,1,7,0
raw,278,62,3,1,0,0,0,0,0,1,7,0
raw,167,39,2,0,0,0,0,0,0,0,7,2
raw,817,189,8,0,0,0,0,0,1,8,30,2
raw,180,46,4,0,0,0,0,0,0,1,6,0
raw,402,91,3,0,0,0,0,0,0,1,8,4
raw,71,16,1,0,0,0,0,0,0,1,4,0
raw,211,52,1,0,0,0,0,0,0,2,9,0
raw,160,39,1,2,0,0,0,0,0,0,7,1
raw,218,37,2,0,0,0,0,0,0,0,6,0
raw,147,36,3,0,0,0,0,0,1,5,8,0
raw,400,84,7,0,0,0,0,0,1,1,7,0
raw,110,25,1,0,0,0,0,0,1,1,7,0
raw,305,77,4,0,0,0,0,0,0,0,5,1
raw,60,15,1,0,0,0,0,0,0,0,2,0
raw,1708,404,12,6,5,0,0,0,0,4,36,7
raw,592,126,5,0,0,0,0,0,1,1,14,4
raw,545,150,18,6,2,0,0,0,2,10,13,0
raw,514,116,2,1,0,0,0,0,0,0,14,1
raw,434,110,7,0,0,0,0,0,1,2,16,1
raw,725,163,5,1,0,0,0,0,0,1,24,4
raw,313,67,7,0,0,0,0,0,0,0,5,1
raw,293,67,8,0,0,0,0,0,0,0,18,1
raw,276,63,3,0,0,0,0,0,0,0,7,1
raw,45,12,1,0,0,0,0,0,0,1,1,0
raw,129,33,4,0,0,0,0,0,0,2,8,0
raw,420,93,5,0,0,0,0,0,0,0,11,1
raw,476,103,11,0,0,0,0,0,0,1,13,4
raw,570,127,5,3,0,0,0,0,6,1,22,6
raw,754,183,7,10,0,0,0,0,1,3,23,1
raw,144,35,3,0,1,0,0,0,1,0,6,1
raw,471,109,4,0,0,0,0,0,3,4,16,1
raw,546,137,8,0,0,0,0,0,1,4,12,0
raw,1039,265,10,0,0,0,0,0,2,10,46,2
raw,120,28,2,1,0,0,0,0,0,0,4,0
raw,651,133,10,0,1,0,0,0,1,0,23,2
raw,631,144,6,0,0,0,0,0,0,0,18,4
raw,205,42,4,0,1,0,0,0,1,0,8,0
raw,588,137,10,0,0,0,0,0,0,2,18,4
raw,545,123,8,0,1,0,0,0,0,3,9,0
raw,149,37,4,0,0,0,0,0,0,1,8,1
raw,40,5,1,0,0,0,0,0,0,0,3,3
raw,325,67,1,5,0,0,0,0,1,2,12,2
raw,588,138,1,0,0,0,0,0,0,5,21,1
raw,220,50,2,0,0,0,0,0,1,1,7,0
raw,1132,272,21,0,0,0,0,0,1,14,45,5
raw,637,144,4,3,0,0,0,0,4,1,38,0
raw,85,20,2,0,0,0,0,0,0,2,7,1
raw,832,190,11,0,0,0,0,0,0,5,26,3
raw,752,165,11,0,0,0,0,0,0,3,24,0
raw,213,58,3,0,0,0,0,0,1,0,7,2
raw,229,54,4,1,1,0,0,0,0,1,14,1
raw,37,8,1,0,0,0,0,0,0,0,1,1
raw,178,34,4,0,0,0,0,0,0,0,3,4
raw,72,15,1,0,0,0,0,0,0,0,1,0
raw,596,132,6,0,1,0,0,0,1,3,24,3
raw,50,9,1,0,0,0,0,0,0,0,0,0
raw,697,176,14,8,0,0,0,0,0,4,29,1
raw,38,10,2,0,0,0,0,0,0,0,1,0
raw,274,47,2,0,0,0,0,0,0,0,11,1
raw,613,129,8,0,0,0,0,0,0,0,13,1
raw,101,22,1,0,0,0,0,0,0,0,2,0
raw,218,44,5,0,0,0,0,0,0,0,6,0
raw,380,78,5,0,0,0,0,0,0,0,10,3
raw,48,9,1,0,0,0,0,0,1,0,6,0
raw,874,187,7,0,1,0,0,0,0,3,21,4
raw,535,123,2,1,0,0,0,0,2,3,20,1
raw,67,20,1,1,1,0,0,0,1,1,1,0
raw,1070,242,10,0,0,0,0,0,0,0,19,5
raw,877,203,18,0,0,0,0,0,1,5,24,4
raw,354,89,4,0,0,0,0,0,0,2,10,1
raw,614,148,6,2,0,0,0,0,1,1,14,2
raw,458,95,9,0,0,0,0,0,0,2,18,2
raw,512,113,8,0,0,0,0,0,0,5,19,0
raw,42,8,3,0,0,0,0,0,0,0,1,1
raw,791,182,4,0,0,0,0,0,0,1,20,6
raw,298,71,6,0,0,0,0,0,0,2,4,0
raw,194,37,3,0,0,0,0,0,0,0,12,2
raw,1311,284,10,0,0,0,0,0,0,0,44,0
raw,900,187,8,0,1,0,0,0,0,5,25,5
raw,511,118,9,0,0,0,0,0,1,4,14,2
raw,781,187,12,0,0,0,0,0,0,3,31,4
raw,531,121,7,1,2,0,0,0,2,4,22,1
raw,123,29,4,1,0,0,0,0,2,0,2,1
raw,337,77,8,1,0,0,0,0,0,3,8,2
raw,763,178,7,4,1,0,0,0,0,5,20,3
raw,589,128,7,0,1,0,0,0,0,7,23,4
raw,672,151,5,0,0,0,0,0,1,5,20,1
raw,607,124,6,0,0,0,0,0,0,2,18,2
raw,460,105,5,0,0,0,0,0,2,3,15,5
raw,136,31,3,0,0,0,0,0,0,0,6,0
raw,57,13,1,0,0,0,0,0,0,0,2,2
raw,200,43,3,0,0,0,0,0,2,0,4,2
raw,441,108,6,0,0,0,0,0,0,2,14,0
raw,303,71,7,0,1,0,0,0,1,0,13,1
raw,127,30,3,0,0,0,0,0,0,3,6,0
raw,970,227,20,0,6,0,0,0,0,6,34,2
raw,129,25,2,0,0,0,0,0,0,0,2,0
raw,38,7,1,0,0,0,0,0,0,0,5,0
raw,829,186,4,0,0,0,0,0,1,6,26,0
raw,272,59,4,0,3,0,0,0,0,0,5,1
raw,450,107,7,0,0,0,0,0,0,1,10,3
raw,547,122,9,1,0,0,0,0,0,1,9,5
raw,553,128,9,4,0,0,0,0,4,0,13,0
raw,433,101,7,0,2,0,0,0,0,2,12,2
raw,107,28,3,0,0,0,0,0,0,1,4,0
raw,507,116,3,4,0,0,0,0,2,0,15,4
raw,95,18,1,2,0,0,0,0,0,0,2,1
raw,1348,314,15,0,0,0,0,0,0,4,29,4
raw,573,128,7,5,1,0,0,0,5,1,12,2
raw,87,19,2,0,0,0,0,0,0,0,3,0
raw,469,108,7,0,0,0,0,0,0,0,14,0
raw,588,115,4,0,0,0,0,0,0,2,14,4
raw,1192,259,9,0,0,0,0,0,0,0,27,13
raw,107,24,3,0,0,0,0,0,0,0,2,0
raw,139,33,1,0,0,0,0,0,0,1,5,1
raw,434,92,5,0,0,0,0,0,0,0,7,2
raw,148,33,1,1,0,0,0,0,1,0,9,0
raw,443,95,5,0,1,0,0,0,0,1,16,0
raw,109,21,5,0,0,0,0,0,0,1,2,0
raw,424,87,3,0,0,0,0,0,0,0,14,3
raw,74,17,1,1,0,0,0,0,0,0,0,0
raw,463,101,4,0,2,0,0,0,0,1,12,0
raw,110,29,2,0,0,0,0,0,1,0,3,0
raw,46,9,1,0,0,0,0,0,1,0,0,0
raw,839,189,5,0,1,0,0,0,0,3,23,0
raw,286,70,2,0,0,0,0,0,0,3,11,0
raw,316,74,5,0,0,0,0,0,0,0,9,0
raw,387,94,6,0,1,0,0,0,1,1,8,2
raw,603,124,4,0,2,0,0,0,2,1,25,2
raw,769,185,18,1,1,0,0,0,1,0,16,4
raw,472,89,2,0,0,0,0,0,0,0,20,8
raw,84,18,2,0,0,0,0,0,0,0,1,0
raw,675,164,7,0,0,0,0,0,0,3,9,2
raw,414,82,4,0,0,0,0,0,0,1,13,3
raw,228,52,4,0,0,0,0,0,0,3,13,0
raw,422,95,6,2,0,0,0,0,0,1,22,3
raw,248,56,3,0,0,0,0,0,0,0,8,0
raw,837,163,5,0,0,0,0,0,2,0,26,0
raw,323,74,7,1,0,0,0,0,0,3,13,0
raw,360,82,3,1,1,0,0,0,1,3,13,0
raw,177,37,4,0,0,0,0,0,0,0,3,5
raw,218,53,3,0,0,0,0,0,0,4,7,3
raw,438,104,6,0,0,0,0,0,0,0,10,4
raw,401,85,6,0,0,0,0,0,0,0,11,6
raw,244,51,2,0,0,0,0,0,0,0,4,1
raw,270,66,4,2,0,0,0,0,0,1,12,0
raw,72,17,3,0,0,0,0,0,0,1,4,0
raw,115,26,1,0,0,0,0,0,1,0,4,0
raw,167,36,3,0,0,0,0,0,0,0,12,0
raw,495,124,7,0,0,0,0,0,0,3,21,1
raw,16,2,1,0,0,0,0,0,0,0,1,1
raw,481,114,5,0,0,0,0,0,0,0,11,4
raw,123,30,2,0,0,0,0,0,0,1,5,0
raw,254,64,2,0,0,0,0,0,0,0,9,3
raw,214,55,3,0,0,0,0,0,0,0,1,0
raw,8,2,1,0,0,0,0,0,0,0,1,0
raw,316,77,4,1,0,0,0,0,0,1,12,1
raw,442,100,3,0,0,0,0,0,1,2,11,5
raw,196,48,6,0,0,0,0,0,0,1,6,0
raw,173,32,4,0,0,0,0,0,0,0,5,1
raw,107,25,1,0,2,0,0,0,0,0,2,1
raw,601,127,7,1,0,0,0,0,0,0,10,2
raw,895,207,14,4,0,0,0,0,0,5,34,7
raw,185,37,4,0,0,0,0,0,0,0,8,1
raw,136,34,2,0,0,0,0,0,0,2,8,2
raw,305,61,2,0,0,0,0,0,0,0,3,2
raw,478,115,6,0,3,0,0,0,0,0,12,1
raw,41,11,2,1,0,0,0,0,0,0,1,1
raw,2011,461,30,6,7,0,0,0,1,18,86,2
raw,413,94,5,0,0,0,0,0,0,2,18,1
raw,45,10,1,0,0,0,0,0,0,0,1,1
raw,38,8,2,0,0,0,0,0,0,0,0,1
raw,336,68,1,0,2,0,0,0,1,2,11,2
raw,451,106,5,1,1,0,0,0,0,0,9,2
raw,77,19,3,0,0,0,0,0,0,0,3,0
raw,183,45,5,0,0,0,0,0,0,1,5,1
raw,526,118,5,0,0,0,0,0,0,1,19,1
raw,272,67,4,0,0,0,0,0,1,1,10,1
raw,120,28,1,0,0,0,0,0,0,0,2,2
raw,102,24,3,0,0,0,0,0,0,0,3,0
raw,24,8,1,2,0,0,0,0,0,0,0,0
raw,350,81,5,0,0,0,0,0,0,3,21,3
raw,134,32,2,0,0,0,0,0,0,0,5,0
raw,400,92,6,1,0,0,0,0,0,0,10,1
raw,432,101,5,3,0,0,0,0,0,2,10,2
raw,366,68,3,1,0,0,0,0,0,0,10,0
raw,498,100,6,0,0,0,0,0,0,0,11,4
raw,673,148,7,0,0,0,0,0,0,1,18,1
raw,2314,510,14,0,0,0,0,0,0,5,63,11
raw,345,67,5,0,0,0,0,0,0,2,12,1
raw,552,121,2,0,0,0,0,0,0,2,12,3
raw,39,8,1,0,0,0,0,0,0,0,1,0
raw,260,58,2,0,0,0,0,0,0,2,8,0
raw,96,21,2,0,0,0,0,0,0,0,3,2
raw,98,15,1,0,0,0,0,0,0,0,2,1
raw,1539,373,20,0,1,0,0,0,1,17,52,2
raw,1105,249,2,1,3,0,0,0,1,7,36,0
raw,563,132,3,0,1,0,0,0,2,3,14,4
raw,336,75,3,0,0,0,0,0,0,0,7,2
raw,34,8,1,1,0,0,0,0,0,0,2,0
raw,940,221,1,2,2,0,0,0,3,0,40,0
raw,413,96,6,0,1,0,0,0,0,2,14,0
raw,191,40,4,0,0,0,0,0,0,0,6,1
raw,51,12,3,0,0,0,0,0,0,0,1,0
raw,768,170,11,1,0,0,0,0,1,1,30,4
raw,282,62,5,0,0,0,0,0,0,0,4,1
raw,358,74,2,0,0,0,0,0,0,0,12,0
raw,854,201,8,0,0,0,0,0,0,3,36,4
raw,515,109,4,0,1,0,0,0,1,1,6,3
raw,679,147,12,0,0,0,0,0,1,1,19,8
raw,837,191,6,3,1,0,0,0,0,6,17,0
raw,59,16,1,0,0,0,0,0,0,0,1,1
raw,756,176,10,0,1,0,0,0,1,10,30,0
raw,283,59,5,0,0,0,0,0,0,0,8,3
raw,114,35,4,1,0,0,0,0,0,2,3,1
raw,484,111,6,0,1,0,0,0,0,1,21,0
raw,444,99,7,0,0,0,0,0,0,1,22,2
raw,791,172,6,0,0,0,0,0,1,0,25,3
raw,344,78,5,0,0,0,0,0,0,0,10,3
raw,602,134,5,0,0,0,0,0,0,1,12,1
raw,2135,461,21,12,2,0,0,0,3,5,76,4
raw,121,31,1,0,0,0,0,0,0,3,3,0
raw,542,117,10,0,0,0,0,0,0,0,8,3
raw,420,94,1,2,0,0,0,0,2,1,15,0
raw,260,65,4,0,0,0,0,0,0,2,4,2
raw,182,39,2,0,0,0,0,0,0,1,7,1
raw,278,66,2,0,0,0,0,0,0,0,7,3
raw,633,134,8,1,0,0,0,0,0,4,15,2
raw,54,10,1,0,1,0,0,0,0,0,2,0
raw,541,128,8,0,1,0,0,0,0,2,18,3
raw,210,44,3,0,0,0,0,0,0,0,7,5
raw,90,21,1,0,0,0,0,0,0,0,1,2
raw,863,214,10,0,0,0,0,0,0,3,19,3
raw,370,86,5,0,0,0,0,0,0,3,9,1
raw,258,53,5,0,0,0,0,0,0,0,7,3
raw,1171,270,13,0,1,0,0,0,1,7,33,2
raw,413,101,7,0,0,0,0,0,0,3,16,1
raw,287,64,5,1,0,0,0,0,0,1,7,1
raw,283,64,2,3,0,0,0,0,1,0,2,3
raw,477,104,6,0,0,0,0,0,0,0,11,2
raw,648,128,8,0,1,0,0,0,0,1,18,3
raw,218,52,7,0,0,0,0,0,0,4,4,1
raw,442,99,5,0,0,0,0,0,0,0,12,1
raw,589,130,9,0,0,0,0,0,0,0,21,3
raw,834,208,10,0,1,0,0,0,0,9,29,5
raw,78,15,2,0,0,0,0,0,0,0,5,1
raw,185,37,2,0,0,0,0,0,0,2,8,0
raw,621,133,5,0,0,0,0,0,0,3,26,4
raw,179,41,2,0,0,0,0,0,0,0,5,0
raw,505,115,9,0,0,0,0,0,0,1,13,1
raw,279,57,3,1,0,0,0,0,2,0,9,2
raw,475,119,5,0,0,0,0,0,0,6,19,0
raw,328,75,1,0,0,0,0,0,0,0,11,0
raw,248,56,3,0,0,0,0,0,1,0,5,3
raw,676,153,1,3,2,0,0,0,0,3,15,2
raw,627,126,7,0,0,0,0,0,1,2,16,2
raw,21,3,1,0,0,0,0,0,0,0,1,0
raw,29,6,1,0,0,0,0,0,0,0,1,0
raw,1492,341,18,0,0,0,0,0,0,10,68,3
raw,238,48,4,0,0,0,0,0,0,0,5,4
raw,187,43,1,0,0,0,0,0,0,0,9,1
raw,127,29,4,0,0,0,0,0,0,1,2,0
raw,791,195,7,0,6,0,0,0,1,2,28,3
raw,79,19,1,0,0,0,0,0,0,0,7,0
raw,277,62,4,0,0,0,0,0,0,0,3,4
raw,141,36,2,1,0,0,0,0,0,1,5,0
raw,235,54,3,0,0,0,0,0,1,0,9,0
raw,314,66,4,0,0,0,0,0,0,1,10,1
raw,107,22,2,0,0,0,0,0,0,0,3,0
raw,90,25,4,1,0,0,0,0,0,1,5,0
raw,433,98,6,0,0,0,0,0,0,0,11,2
raw,844,209,18,0,0,0,0,0,0,6,25,6
raw,157,41,1,0,1,0,0,0,0,0,3,4
raw,434,101,10,0,0,0,0,0,0,0,22,0
raw,517,119,6,0,0,0,0,0,0,2,17,3
raw,108,28,3,0,0,0,0,0,0,0,3,0
raw,56,13,1,0,0,0,0,0,0,0,2,0
raw,489,111,6,0,0,0,0,0,0,0,11,0
raw,744,168,15,0,0,0,0,0,0,0,19,1
raw,149,39,5,1,0,0,0,0,1,2,5,1
raw,141,27,2,0,0,0,0,0,0,0,1,0
raw,301,73,4,0,0,0,0,0,0,0,12,2
raw,55,12,1,0,0,0,0,0,0,0,0,1
raw,1035,230,10,0,0,0,0,0,0,0,25,0
raw,556,135,4,1,0,0,0,0,0,3,18,1
raw,447,93,6,3,0,0,0,0,0,1,11,1
raw,74,15,1,0,0,0,0,0,0,1,3,0
raw,428,89,1,7,0,0,0,0,1,6,27,0
raw,668,147,9,0,0,0,0,0,0,2,23,2
raw,500,114,7,0,3,0,0,0,0,2,18,4
raw,284,56,2,0,0,0,0,0,1,0,17,0
raw,665,155,9,1,1,0,0,0,4,2,14,5
raw,379,82,11,0,0,0,0,0,0,1,7,0
raw,485,115,4,3,0,0,0,0,0,0,18,1
raw,914,204,8,5,0,0,0,0,0,3,29,4
raw,155,37,2,0,0,0,0,0,0,0,5,1
raw,56,13,1,0,0,0,0,0,0,0,2,2
raw,3,1,1,0,0,0,0,0,0,0,1,0
raw,229,50,2,2,0,0,0,0,0,4,7,5
raw,1283,315,13,3,0,0,0,0,1,4,29,6
raw,1009,227,16,0,2,0,0,0,1,2,24,12
raw,628,152,7,2,0,0,0,0,0,1,25,0
raw,119,24,2,0,0,0,0,0,0,0,5,1
raw,541,115,6,3,0,0,0,0,0,0,19,4
raw,384,95,6,0,0,0,0,0,0,2,8,0
raw,839,188,9,0,0,0,0,0,0,2,18,7
raw,672,154,8,0,0,0,0,0,1,0,23,0
raw,376,81,1,0,1,0,0,0,0,6,16,2
raw,454,99,8,0,1,0,0,0,0,3,5,6
raw,123,27,3,0,0,0,0,0,0,2,5,1
raw,270,55,4,1,0,0,0,0,0,2,6,0
raw,40,9,1,0,0,0,0,0,0,1,2,0
raw,78,19,2,0,0,0,0,0,0,0,3,3
raw,114,24,1,0,0,0,0,0,0,1,3,2
raw,853,187,8,0,0,0,0,0,0,0,37,1
raw,438,90,7,0,0,0,0,0,0,0,12,2
raw,18,4,1,1,0,0,0,0,0,0,1,0
raw,925,217,10,0,1,0,0,0,0,5,23,4
raw,275,59,5,0,0,0,0,0,0,0,12,1
raw,435,96,3,4,1,0,0,0,2,3,16,0
raw,511,118,5,0,2,0,0,0,3,0,14,0
raw,40,9,1,1,0,0,0,0,0,0,1,1
raw,83,20,5,0,0,0,0,0,0,0,4,1
raw,536,129,11,0,0,0,0,0,0,0,9,4
raw,35,7,1,0,0,0,0,0,0,0,2,0
raw,461,116,5,0,0,0,0,0,1,3,19,0
raw,143,29,1,0,0,0,0,0,1,1,18,0
raw,85,19,2,0,1,0,0,0,0,2,4,0
raw,818,167,11,0,0,0,0,0,0,0,23,4
raw,127,28,4,0,0,0,0,0,0,2,3,3
raw,484,95,8,0,0,0,0,0,0,0,15,2
raw,39,12,1,0,0,0,0,0,1,0,3,0
raw,136,24,2,1,0,0,0,0,1,0,2,1
raw,202,44,2,0,0,0,0,0,0,2,9,0
raw,653,148,6,2,0,0,0,0,0,3,26,2
raw,69,19,1,0,0,0,0,0,0,0,1,1
raw,139,34,5,0,0,0,0,0,0,0,4,2
raw,257,62,5,0,0,0,0,0,0,0,5,0
raw,477,104,6,1,0,0,0,0,0,2,18,4
raw,108,26,3,1,0,0,0,0,0,1,4,1
raw,539,123,8,1,1,0,0,0,0,2,18,4
raw,179,42,2,2,0,0,0,0,1,1,7,0
raw,575,138,5,0,0,0,0,0,0,1,7,0
raw,624,138,10,0,2,0,0,0,0,2,14,7
raw,647,164,13,6,3,0,0,0,1,3,18,4
raw,526,110,6,0,3,0,0,0,0,0,17,1
raw,60,12,1,0,0,0,0,0,0,2,3,1
raw,407,84,5,0,0,0,0,0,0,0,7,4
raw,918,196,10,0,6,0,0,0,5,4,27,6
raw,178,35,2,1,0,0,0,0,1,0,6,1
raw,839,187,8,0,0,0,0,0,0,1,20,7
raw,188,40,2,1,0,0,0,0,0,0,5,0
raw,1222,287,11,2,2,0,0,0,2,10,29,3
raw,67,15,1,0,0,0,0,0,0,0,2,0
raw,679,167,4,6,1,0,0,0,1,8,24,0
raw,431,96,4,1,0,0,0,0,0,0,7,3
raw,37,9,1,0,0,0,0,0,0,0,2,0
raw,894,208,14,0,0,0,0,0,0,0,24,1
raw,466,85,5,0,0,0,0,0,0,0,10,3
raw,482,111,4,0,1,0,0,0,0,0,17,1
raw,20,6,1,0,0,0,0,0,0,0,1,0
raw,565,127,8,0,0,0,0,0,0,0,20,0
raw,239,62,5,0,1,0,0,0,0,3,14,1
raw,60,15,1,0,0,0,0,0,0,0,0,0
raw,257,57,4,0,0,0,0,0,0,1,6,2
raw,619,132,8,0,0,0,0,0,0,0,20,3
raw,279,60,1,3,0,0,0,0,4,2,7,1
raw,783,177,2,0,1,0,0,0,1,1,22,2
raw,428,95,3,1,0,0,0,0,0,4,17,1
raw,461,111,14,0,1,0,0,0,0,5,16,0
raw,416,80,1,0,0,0,0,1,0,0,8,1
raw,598,130,3,10,0,0,0,0,1,0,15,2
raw,630,137,8,0,0,0,0,0,0,0,16,5
raw,571,127,7,0,0,0,0,0,1,1,14,0
raw,471,113,8,0,1,0,0,0,0,6,23,1
raw,295,68,5,0,0,0,0,0,0,0,9,0
raw,430,92,3,0,0,0,0,0,0,0,18,1
raw,377,76,9,0,2,0,0,0,2,0,8,3
raw,410,103,7,0,0,0,0,0,0,0,23,0
raw,34,5,1,0,0,0,0,0,0,0,1,1
raw,344,78,6,0,0,0,0,0,0,0,12,1
raw,294,54,2,0,0,0,0,0,0,0,15,2
raw,155,37,4,1,0,0,0,0,0,0,4,0
raw,186,41,2,0,0,0,0,0,0,0,5,1
raw,263,51,6,0,0,0,0,0,0,0,5,3
raw,1002,222,17,0,0,0,0,0,2,0,26,6
raw,83,20,2,0,0,0,0,0,0,0,0,0
raw,171,44,2,1,0,0,0,0,0,1,3,0
raw,191,39,4,0,0,0,0,0,1,1,12,1
raw,104,24,1,0,0,0,0,0,0,0,2,0
raw,199,50,3,1,0,0,0,0,1,1,6,2
raw,77,20,1,0,0,0,0,0,0,1,4,0
raw,150,36,2,0,0,0,0,0,0,0,5,0
raw,1214,272,9,0,0,0,0,0,2,0,34,0
raw,341,76,6,0,0,0,0,0,0,0,14,1
raw,117,25,1,0,0,0,0,0,0,1,5,1
raw,160,35,4,0,0,0,0,0,0,0,11,0
raw,372,85,9,1,0,0,0,0,1,1,10,1
raw,120,26,5,0,0,0,0,0,0,0,3,1
raw,61,16,1,0,0,0,0,0,1,0,2,2
raw,228,42,2,0,0,0,0,0,1,0,3,3
raw,136,31,2,0,0,0,0,0,1,0,2,0
raw,526,114,3,0,1,0,0,0,1,1,13,8
raw,107,22,4,0,0,0,0,0,0,0,3,3
raw,69,15,1,0,0,0,0,0,0,0,4,0
raw,298,68,2,0,0,0,0,0,0,1,8,1
raw,1169,231,13,2,0,0,0,0,1,4,39,5
raw,553,124,3,0,4,0,0,0,2,4,19,0
raw,467,93,3,0,0,0,0,0,2,1,56,0
raw,106,24,4,0,0,0,0,0,0,0,6,0
raw,176,44,5,1,0,0,0,0,0,0,8,2
raw,426,84,1,0,1,0,0,0,0,3,16,2
raw,184,42,4,1,0,0,0,0,0,2,3,1
raw,501,105,8,0,0,0,0,0,0,1,12,3
raw,169,44,8,0,0,0,0,0,0,2,6,1
raw,576,125,3,3,0,0,0,0,0,1,28,0
raw,29,6,1,0,0,0,0,0,0,0,2,0
raw,551,124,6,0,0,0,0,0,1,1,17,1
raw,1294,301,10,1,2,0,0,0,4,8,47,6
raw,869,216,11,0,0,0,0,0,0,2,20,5
raw,205,45,4,1,0,0,0,0,2,0,11,0
raw,445,94,8,0,0,0,0,0,0,0,16,2
raw,707,168,6,0,1,0,0,0,1,2,14,1
raw,162,36,3,0,1,0,0,0,0,0,9,0
raw,704,170,8,0,2,0,0,0,1,1,17,4
raw,1088,257,8,1,4,0,0,0,5,4,31,4
raw,304,75,1,2,2,0,0,0,0,0,15,0
raw,36,12,2,0,0,0,0,0,0,0,3,0
raw,1812,405,18,0,1,0,0,0,5,4,56,3
raw,296,67,2,0,1,0,0,0,0,0,11,1
raw,1017,231,10,4,3,0,0,0,1,0,31,2
raw,770,160,6,0,0,0,0,0,0,0,21,5
raw,270,56,5,0,0,0,0,0,0,1,9,2
raw,1051,232,11,1,0,0,0,0,0,8,45,3
raw,901,207,8,0,0,0,0,0,1,2,31,14
raw,223,60,2,0,0,0,0,0,0,0,4,1
raw,100,20,1,0,0,0,0,0,0,0,5,3
raw,565,128,9,0,0,0,0,0,1,1,17,3
raw,292,68,5,0,0,0,0,0,1,3,9,0
raw,452,113,1,0,1,0,0,0,1,2,12,1
raw,136,29,1,0,1,0,0,0,1,1,1,0
raw,381,86,3,0,1,0,0,0,0,2,17,2
raw,48,10,1,0,0,0,0,0,0,1,1,2
raw,1228,249,8,5,0,0,0,0,1,1,49,2
raw,353,71,8,0,1,0,0,0,0,1,11,3
raw,2170,503,27,1,0,0,0,0,1,7,61,5
raw,114,21,4,0,0,0,0,0,1,0,5,1
raw,679,147,11,1,0,0,0,0,0,2,15,1
raw,501,118,13,0,1,0,0,0,1,0,16,5
raw,426,99,1,1,0,0,0,0,0,0,14,1
raw,134,34,5,0,0,0,0,0,0,0,3,2
raw,166,34,1,0,0,0,0,0,0,0,7,0
raw,133,29,1,0,0,0,0,0,0,1,3,0
raw,111,22,1,0,0,0,0,0,0,0,1,0
raw,292,60,2,0,0,0,0,0,0,1,14,0
raw,80,23,1,0,0,0,0,0,1,0,2,0
raw,446,90,6,0,0,0,0,0,0,0,19,0
raw,278,68,3,1,0,0,0,0,2,0,7,0
raw,368,99,12,4,0,0,0,0,0,3,14,0
raw,817,181,10,0,1,0,0,0,0,1,26,3
raw,153,28,3,0,0,0,0,0,0,0,3,2
raw,22,4,1,0,0,0,0,0,0,0,5,0
raw,238,50,3,0,0,0,0,0,0,0,3,1
raw,68,15,1,0,0,0,0,0,0,0,2,2
raw,623,150,11,0,0,0,0,0,2,7,21,3
raw,26,5,2,0,0,0,0,0,0,0,1,0
raw,789,179,9,0,2,0,0,0,0,5,17,4
raw,145,32,2,0,0,0,0,0,0,0,3,1
raw,411,90,5,2,0,0,0,0,0,1,7,0
raw,1798,370,25,4,0,1,0,0,3,0,65,2
raw,584,135,13,0,0,0,0,0,1,0,26,2
raw,101,27,2,0,0,0,0,0,0,0,2,0
raw,138,30,1,0,0,0,0,0,2,1,8,0
raw,789,186,14,0,0,0,0,0,2,4,18,3
raw,748,158,7,2,0,0,0,0,0,2,22,2
raw,907,205,11,0,1,0,0,0,1,2,27,4
raw,462,109,7,1,0,0,0,0,3,1,10,1
raw,51,14,1,3,0,0,0,0,0,0,1,0
raw,169,44,6,0,0,0,0,0,0,1,5,0
raw,161,40,2,1,0,0,0,0,0,1,8,0
raw,637,153,9,1,0,0,0,0,0,7,18,5
raw,719,177,10,0,0,0,0,0,3,4,23,1
raw,109,28,1,0,1,0,0,0,0,0,6,0
raw,82,16,1,1,0,0,0,0,1,0,2,0
raw,250,50,5,0,0,0,0,0,0,0,5,2
raw,130,29,2,0,0,0,0,0,0,1,7,2
raw,275,66,3,2,0,0,0,0,2,4,9,0
raw,153,34,1,1,0,0,0,0,0,0,4,0
raw,581,131,4,4,0,0,0,0,1,4,27,3
raw,206,52,4,2,0,0,0,0,1,0,5,2
raw,281,66,4,0,1,0,0,0,0,1,7,2
raw,77,21,2,0,0,0,0,0,1,0,0,0
raw,181,34,2,0,0,0,0,0,0,0,3,1
raw,83,18,4,0,0,0,0,0,0,0,3,0
raw,178,39,3,0,1,0,0,0,0,0,7,0
raw,367,88,2,0,0,0,0,0,0,1,12,1
raw,582,122,11,5,0,0,0,0,1,3,17,2
raw,91,21,3,0,0,0,0,0,0,0,5,1
raw,618,138,5,2,2,0,0,0,1,2,15,6
raw,260,46,1,0,0,0,0,0,0,0,5,3
raw,261,62,5,0,0,0,0,0,0,2,6,2
raw,501,103,6,0,3,0,0,0,4,1,22,2
raw,429,96,8,0,0,0,0,0,0,1,10,1
raw,187,43,2,2,0,0,0,0,0,0,10,3
raw,163,37,3,0,0,0,0,0,0,2,6,0
raw,337,74,4,0,3,0,0,0,0,3,21,1
raw,426,97,2,6,0,0,0,0,3,0,12,2
raw,476,104,5,1,0,0,0,0,0,0,18,1
raw,174,39,4,0,0,0,0,0,0,0,10,2
raw,195,35,1,1,0,0,0,0,0,1,26,0
raw,368,91,6,0,0,0,0,0,0,3,10,4
raw,433,95,8,0,0,0,0,0,0,2,12,2
raw,176,40,4,0,0,0,0,0,0,0,6,1
raw,186,42,4,0,0,0,0,0,0,0,4,0
raw,645,164,15,2,0,0,0,0,0,4,15,3
raw,613,151,1,8,5,0,0,0,0,5,25,4
raw,132,34,2,1,1,0,0,0,1,1,3,0
raw,760,181,8,0,1,0,0,0,3,4,30,6
raw,523,121,4,0,1,0,0,0,0,1,13,0
raw,78,13,1,0,0,0,0,0,0,0,3,2
raw,87,22,1,0,0,0,0,0,0,1,2,0
raw,70,16,1,1,0,0,0,0,0,0,3,0
raw,501,108,7,0,0,0,0,0,1,3,17,5
raw,30,9,1,0,0,0,0,0,0,1,2,0
raw,367,80,5,0,1,0,0,0,0,0,4,3
raw,163,35,3,0,0,0,0,0,0,0,10,0
raw,935,208,9,0,0,0,0,0,0,0,15,1
raw,67,14,1,0,1,0,0,0,1,1,2,0
raw,195,41,3,0,0,0,0,0,0,0,2,1
raw,376,75,4,2,0,0,0,0,1,3,22,4
raw,348,73,3,0,2,0,0,0,0,1,12,0
raw,402,96,11,1,0,0,0,0,0,3,9,4
raw,842,178,4,2,1,0,0,0,1,4,28,3
raw,207,41,3,0,0,0,0,0,1,0,4,2
raw,50,12,1,0,0,0,0,0,0,0,2,0
raw,163,37,2,0,0,0,0,0,0,1,3,1
raw,231,42,3,0,0,0,0,0,0,0,9,3
raw,1278,272,13,0,5,0,0,0,0,6,40,7
raw,157,39,3,1,0,0,0,0,0,0,7,2
raw,20,5,1,0,0,0,0,0,0,0,1,0
raw,224,56,5,0,0,0,0,0,0,0,2,6
raw,219,50,6,0,0,0,0,0,0,0,6,2
raw,254,48,1,0,0,0,0,0,0,0,12,1
raw,88,21,2,1,0,0,0,0,5,0,2,0
raw,539,109,5,0,1,0,0,0,0,1,16,2
raw,164,37,4,0,0,0,0,0,0,0,4,0
raw,229,51,6,1,0,0,0,0,1,0,6,3
raw,341,86,8,0,0,0,0,0,0,0,15,4
raw,133,33,2,0,0,0,0,0,0,2,5,0
raw,289,74,3,0,0,0,0,0,0,2,11,0
raw,252,54,1,0,0,0,0,0,0,2,11,1
raw,157,38,2,0,0,0,0,0,1,0,5,0
raw,926,204,4,0,0,0,0,0,4,12,48,0
raw,627,153,8,0,0,0,0,0,0,7,16,4
raw,564,131,4,6,0,0,0,0,1,0,21,3
raw,52,12,3,1,0,0,0,0,0,0,2,1
raw,597,137,6,0,2,0,0,0,1,2,16,4
raw,81,19,3,0,0,0,0,0,0,0,5,0
raw,245,52,6,1,1,0,0,0,0,0,6,1
raw,159,40,3,0,0,0,0,0,0,2,6,0
raw,180,44,2,0,0,0,0,0,0,1,8,2
raw,97,15,1,0,0,0,0,0,0,0,3,3
raw,522,121,5,0,0,0,0,0,0,1,11,0
raw,35,10,2,1,0,0,0,0,0,0,2,0
raw,194,48,4,0,0,0,0,0,0,0,9,1
raw,32,7,1,0,0,0,0,0,0,0,0,0
raw,196,42,3,0,0,0,0,0,0,0,6,2
raw,285,66,1,2,0,0,0,0,0,0,12,2
raw,309,76,4,0,0,0,0,0,0,3,18,1
raw,172,36,1,0,0,0,0,0,0,0,13,0
raw,188,46,3,0,0,0,0,0,0,2,8,0
raw,288,66,3,0,1,0,0,0,1,0,4,1
raw,4,1,1,0,0,0,0,0,0,0,1,0
raw,942,227,13,5,0,0,0,0,1,1,15,7
raw,649,140,4,1,2,0,0,0,0,3,11,1
raw,477,111,8,0,0,0,0,0,0,0,17,4
raw,356,85,6,0,0,0,0,0,0,0,5,1
raw,692,166,6,4,0,0,0,0,2,4,20,4
raw,300,67,4,0,0,0,0,0,0,2,10,1
raw,357,79,5,0,1,0,0,0,0,0,9,4
raw,289,67,5,0,0,0,0,0,0,0,7,2
raw,591,131,2,2,0,0,0,0,1,3,16,1
raw,483,109,9,0,0,0,0,0,0,5,13,4
raw,190,36,2,0,0,0,0,0,0,0,4,2
raw,50,11,1,0,0,0,0,0,1,0,3,0
raw,128,27,2,0,0,0,0,0,0,0,4,0
raw,676,137,5,1,0,0,0,0,1,6,40,1
raw,48,11,1,0,0,0,0,0,0,0,3,0
raw,406,92,4,6,0,0,0,0,0,4,13,1
raw,86,20,2,0,0,0,0,0,0,0,1,0
raw,162,39,2,0,1,0,0,0,0,0,5,0
raw,737,188,9,0,0,0,0,0,0,2,23,5
raw,411,101,2,0,1,0,0,0,0,2,11,5
raw,548,118,11,0,1,0,0,0,0,0,18,2
raw,799,181,5,0,3,0,0,0,1,0,28,1
raw,287,67,1,0,0,0,0,0,0,1,11,2
raw,1358,308,13,3,1,0,0,0,1,3,31,3
raw,299,60,5,0,1,0,0,0,0,0,11,0
raw,535,118,3,5,0,0,0,0,2,7,22,0
raw,199,40,3,0,0,0,0,0,0,0,8,0
raw,222,52,1,2,0,0,0,0,0,0,9,2
raw,346,80,4,0,0,0,0,0,0,0,7,1
raw,268,65,4,1,0,0,0,0,1,0,11,0
raw,134,26,2,0,0,0,0,0,1,0,3,0
raw,491,112,7,0,1,0,0,0,0,9,14,2
raw,765,151,3,0,2,0,0,0,2,0,84,0
raw,304,69,3,1,0,0,0,0,1,1,8,2
raw,42,10,1,1,0,0,0,0,1,0,1,0
raw,156,35,5,1,0,0,0,0,1,1,5,0
raw,156,31,1,0,0,0,0,0,0,0,4,1
raw,336,76,5,0,0,0,0,0,1,0,17,0
raw,79,14,2,0,0,0,0,0,0,0,2,2
raw,785,183,8,0,2,0,0,0,2,1,17,3
raw,413,95,1,3,0,0,0,0,1,3,9,11
raw,19,6,1,1,0,0,0,0,0,0,0,0
raw,579,120,6,0,1,0,0,0,1,0,18,0
raw,871,195,6,0,0,0,0,0,0,3,26,2
raw,765,171,13,0,0,0,0,0,1,2,25,2
raw,211,50,3,0,1,0,0,0,0,0,5,0
raw,561,124,3,0,0,0,0,0,2,0,11,0
raw,745,163,6,0,0,0,0,0,1,1,30,3
raw,1131,277,13,0,0,0,0,0,0,1,21,3
raw,44,11,1,0,0,0,0,0,0,1,1,0
raw,310,69,1,1,1,0,0,0,0,1,13,0
raw,470,111,8,0,0,0,0,0,1,2,17,0
raw,926,222,14,0,0,0,0,0,0,16,37,3
raw,438,104,5,0,0,0,0,0,0,1,13,2
raw,80,18,2,2,0,0,0,0,1,0,3,1
raw,182,37,3,0,0,0,0,0,0,0,8,0
raw,24,5,1,0,0,0,0,0,0,0,0,0
raw,802,183,5,0,2,0,0,0,2,5,38,3
raw,798,197,13,1,0,0,0,0,1,0,23,6
raw,127,26,2,0,0,0,0,0,0,1,2,0
raw,810,192,12,0,0,0,0,0,0,0,16,2
raw,1258,272,11,7,0,0,0,0,0,1,37,4
raw,45,11,2,0,0,0,0,0,0,0,1,0
raw,181,43,4,0,0,0,0,0,0,0,7,2
raw,356,88,4,0,0,0,0,0,0,1,7,1
raw,147,32,2,0,0,0,0,0,0,0,5,3
raw,18,4,1,0,0,0,0,0,0,0,2,0
raw,499,108,1,0,0,0,0,0,1,0,10,4
raw,130,32,2,0,0,0,0,0,0,1,3,1
raw,161,35,4,0,1,0,0,0,1,1,6,1
raw,157,35,1,0,0,0,0,0,0,0,2,4
raw,2248,500,25,0,0,0,0,0,0,2,90,11
raw,334,72,3,2,0,0,0,0,0,0,12,3
raw,209,51,4,2,0,0,0,0,2,0,9,1
raw,229,49,3,0,0,0,0,0,0,0,12,0
raw,222,54,4,0,1,0,0,0,0,1,4,0
raw,185,44,1,0,0,0,0,0,0,0,1,0
raw,406,92,6,0,0,0,0,0,2,0,15,2
raw,435,98,3,0,1,0,0,0,2,1,13,1
raw,373,74,4,0,0,0,0,0,0,0,11,4
raw,107,22,1,1,0,0,0,0,0,0,2,0
raw,632,151,8,0,0,0,0,0,0,1,15,0
raw,520,123,8,0,0,0,0,0,1,2,9,3
raw,149,32,1,0,1,0,0,0,0,0,5,0
raw,213,44,3,0,0,0,0,0,1,3,13,1
raw,530,110,8,0,0,0,0,0,0,1,15,4
raw,133,24,2,0,0,0,0,0,0,0,5,1
raw,757,170,6,0,0,0,0,0,0,2,26,4
raw,122,25,1,0,0,0,0,0,0,0,1,0
raw,142,32,1,0,0,0,0,0,0,0,2,0
raw,133,28,1,0,0,0,0,0,0,0,2,0
raw,627,141,10,1,0,0,0,0,1,0,23,1
raw,844,186,8,0,1,0,0,0,1,2,13,2
raw,447,109,4,0,1,0,0,0,0,1,15,3
raw,233,55,1,0,0,0,0,0,0,4,7,3
raw,274,66,6,0,0,0,0,0,0,4,9,5
raw,71,16,1,0,0,0,0,0,0,0,3,1
raw,596,126,7,0,0,0,0,0,0,2,17,2
raw,237,44,3,0,0,0,0,0,1,2,15,2
raw,230,52,2,3,0,0,0,0,0,0,7,2
raw,95,26,5,0,0,0,0,0,0,3,5,1
raw,54,12,2,0,0,0,0,0,0,0,2,1
raw,104,25,2,0,0,0,0,0,0,2,3,0
raw,249,53,5,0,0,0,0,0,0,0,6,0
raw,360,73,5,2,0,0,0,0,0,1,8,1
raw,100,25,1,0,0,0,0,0,0,2,2,0
raw,146,32,3,0,0,0,0,0,0,1,3,2
raw,556,127,12,0,0,0,0,0,1,1,13,6
raw,156,39,2,3,0,0,0,0,0,0,4,2
raw,56,12,2,0,0,0,0,0,0,0,2,0
raw,500,112,2,4,2,0,0,0,0,3,13,2
raw,1038,225,14,0,0,0,0,0,4,3,30,1
raw,302,70,3,1,0,0,0,0,0,1,9,0
raw,389,87,4,0,0,0,0,0,0,2,7,4
raw,364,93,8,0,0,0,0,0,0,1,12,4
raw,430,99,7,0,0,0,0,0,0,2,12,0
raw,746,179,11,0,0,0,0,0,1,2,28,1
raw,309,69,1,0,0,0,0,0,0,0,9,1
raw,268,50,3,0,0,0,0,0,0,0,23,0
raw,37,6,2,0,0,0,0,0,0,0,3,0
raw,318,78,5,0,0,0,0,0,0,3,13,1
raw,531,116,5,3,0,0,0,0,0,3,25,4
raw,311,76,4,0,0,0,0,0,2,1,5,2
raw,496,115,7,0,0,0,0,0,1,0,17,1
raw,308,62,3,0,0,0,0,0,0,2,16,2
raw,46,11,1,0,0,0,0,0,0,1,2,0
raw,283,67,4,0,1,0,0,0,0,5,12,1
raw,390,85,5,0,0,0,0,0,1,0,12,6
raw,1179,278,10,0,0,0,0,0,1,1,33,0
raw,714,155,5,1,0,0,0,0,0,1,13,4
raw,205,48,1,1,0,0,0,0,0,0,6,2
raw,353,85,5,0,0,0,0,0,0,2,14,0
raw,187,43,4,0,0,0,0,0,0,0,7,2
raw,73,17,1,0,0,0,0,0,0,0,3,0
raw,173,40,3,0,0,0,0,0,0,1,6,1
raw,374,95,7,0,3,0,0,0,0,0,12,1
raw,93,18,1,0,0,0,0,0,0,0,1,0
raw,454,95,5,0,0,0,0,0,2,0,63,0
raw,635,142,7,0,0,0,0,0,1,3,17,6
raw,685,170,5,0,0,0,0,0,0,4,34,3
raw,88,17,1,0,0,0,0,0,0,1,4,1
raw,4,1,1,0,0,0,0,0,0,0,1,0
raw,141,30,3,1,0,0,0,0,0,0,2,2
raw,167,38,4,0,0,0,0,0,0,1,4,1
raw,149,26,3,0,0,0,0,0,0,0,4,5
raw,53,14,1,0,0,0,0,0,0,3,3,0
raw,279,60,1,0,0,0,0,0,0,0,7,1
raw,1072,238,7,0,3,0,0,0,2,0,25,6
raw,438,114,8,0,0,0,0,0,3,2,15,1
raw,48,12,1,0,0,0,0,0,0,0,2,0
raw,638,140,4,1,0,0,0,0,0,0,23,2
raw,262,58,4,0,0,0,0,0,0,1,5,4
raw,454,113,5,0,0,0,0,0,0,3,25,1
raw,225,52,5,0,0,0,0,0,1,0,6,4
raw,494,95,6,1,0,0,0,0,2,0,16,4
raw,297,64,5,1,0,0,0,0,0,0,5,2
raw,300,66,5,0,0,0,0,0,0,0,7,0
raw,1180,275,14,2,0,0,0,0,0,8,53,6
raw,253,50,4,0,0,0,0,0,1,0,13,1
raw,95,22,2,0,0,0,0,0,0,1,4,0
raw,107,29,6,0,0,0,0,0,0,1,8,0
raw,104,24,3,0,0,0,0,0,0,0,5,0
raw,290,67,4,0,0,0,0,0,0,0,5,2
raw,439,106,6,5,0,0,0,0,1,3,16,3
raw,1144,262,17,7,0,0,0,0,1,1,34,1
raw,332,73,6,0,2,0,0,0,1,1,11,1
raw,139,32,2,0,1,0,0,0,1,0,5,2
raw,80,16,2,0,0,0,0,0,1,0,1,2
raw,108,25,1,0,0,0,0,0,0,0,4,0
raw,94,26,2,0,0,0,0,0,0,2,3,0
raw,227,48,2,0,0,0,0,0,0,0,5,4
raw,219,49,6,1,0,0,0,0,0,0,2,0
raw,320,78,7,0,0,0,0,0,0,3,17,0
raw,814,178,9,0,0,0,0,0,1,6,26,5
raw,458,94,7,0,0,0,0,0,0,2,10,1
raw,126,29,3,0,0,0,0,0,1,1,5,1
raw,196,43,3,0,0,0,0,0,0,0,9,0
raw,806,222,11,2,1,0,0,0,6,6,13,2
raw,64,16,1,1,0,0,0,0,1,1,2,2
raw,680,156,5,0,0,0,0,0,1,2,20,3
raw,311,78,3,0,0,0,0,0,1,1,5,1
raw,205,48,4,0,0,0,0,0,0,0,11,4
raw,410,96,3,0,0,0,0,0,0,0,9,3
raw,124,23,1,0,1,0,0,0,1,0,8,0
raw,20,7,1,1,0,0,0,0,1,1,1,0
raw,414,97,3,4,0,0,0,0,0,0,12,5
raw,379,87,8,0,0,0,0,0,1,1,14,3
raw,167,31,1,0,0,0,0,0,0,0,3,1
raw,94,22,3,0,0,0,0,0,0,0,5,1
raw,134,31,3,3,0,0,0,0,0,0,4,0
raw,310,64,4,1,0,0,0,0,0,2,11,0
raw,686,169,8,0,1,0,0,0,0,3,19,2
raw,147,33,2,0,0,0,0,0,0,0,2,0
raw,262,64,4,0,0,0,0,0,0,1,5,0
raw,604,145,10,0,0,0,0,0,0,3,17,0
raw,125,30,1,1,0,0,0,0,1,0,23,0
raw,80,17,1,1,0,0,0,0,1,0,1,0
raw,70,21,1,1,0,0,0,0,1,2,4,0
raw,14,3,1,0,0,0,0,0,0,0,1,0
raw,105,20,3,0,0,0,0,0,0,0,2,4
raw,75,15,1,0,0,0,0,0,0,0,2,0
raw,87,21,2,0,0,0,0,0,0,2,2,0
raw,209,37,2,0,0,0,0,0,0,1,9,0
raw,491,110,7,0,0,0,0,0,1,0,23,1
raw,499,102,10,0,0,0,0,0,0,1,13,4
raw,455,89,3,0,0,0,0,0,0,1,12,1
raw,120,28,2,1,0,0,0,0,0,0,1,0
raw,518,118,2,1,0,0,0,0,4,1,8,3
raw,256,63,3,0,1,0,0,0,0,0,7,0
raw,516,102,2,5,0,0,0,0,0,0,21,5
raw,84,15,1,3,0,0,0,0,0,0,3,2
raw,779,170,10,1,1,0,0,0,1,5,33,2
raw,421,104,5,0,0,0,0,0,0,0,11,0
raw,994,230,8,0,0,0,0,0,0,0,28,7
raw,617,147,9,3,0,0,0,0,0,2,25,4
raw,486,100,3,6,1,0,0,0,0,3,18,4
raw,550,128,4,0,0,0,0,0,0,5,17,0
raw,439,89,4,1,0,0,0,0,0,0,4,4
raw,54,15,3,0,0,0,0,0,0,0,0,1
raw,585,141,5,0,0,0,0,0,2,3,27,3
raw,139,36,1,2,0,0,0,0,1,2,4,0
raw,193,36,5,0,0,0,0,0,0,0,7,4
raw,273,68,2,0,0,0,0,0,1,1,8,1
raw,688,146,3,2,1,0,0,0,2,6,32,3
raw,45,8,1,0,0,0,0,0,0,0,1,1
raw,449,99,6,0,0,0,0,0,0,0,21,1
raw,509,127,11,1,0,0,0,0,1,1,14,5
raw,743,167,5,0,0,0,0,0,0,3,33,3
raw,759,188,11,2,0,0,0,0,1,6,25,2
raw,341,80,6,0,1,0,0,0,1,2,8,3
raw,213,53,5,0,0,0,0,0,0,0,7,2
raw,594,136,10,0,0,0,0,0,0,3,24,0
raw,1251,307,15,7,0,0,0,0,2,0,46,1
raw,1294,304,10,5,2,0,0,0,1,3,31,2
raw,254,59,5,0,0,0,0,0,0,1,15,1
raw,224,49,2,0,0,0,0,0,0,0,8,0
raw,1121,238,11,2,0,0,0,0,0,3,33,7
raw,257,62,5,0,0,0,0,0,1,3,11,0
raw,362,87,4,3,0,0,0,0,0,0,15,2
raw,205,43,3,0,0,0,0,0,0,0,4,1
raw,632,148,6,0,1,0,0,0,0,4,22,0
raw,351,75,1,4,0,0,0,0,0,0,16,1
raw,712,155,14,0,0,0,0,0,0,0,21,7
raw,332,71,5,1,0,0,0,0,0,2,8,4
raw,769,161,5,0,0,0,0,0,0,1,33,4
raw,86,20,2,0,0,0,0,0,0,0,3,0
raw,529,131,2,0,0,0,0,0,0,6,27,1
raw,47,13,1,0,0,0,0,0,1,0,3,0
raw,81,18,2,0,0,0,0,0,1,0,4,0
raw,283,65,4,0,0,0,0,0,0,0,8,1
raw,727,160,8,0,1,0,0,0,2,2,26,4
raw,192,41,4,0,0,0,0,0,0,0,5,1
raw,172,37,2,0,0,0,0,0,0,0,7,0
raw,439,94,4,0,2,0,0,0,0,1,10,2
raw,248,60,3,0,0,0,0,0,0,1,2,2
raw,127,37,3,1,0,0,0,0,2,1,3,0
raw,546,112,1,0,3,0,0,0,4,4,20,1
raw,62,14,1,0,0,0,0,0,0,0,4,0
raw,459,105,8,0,0,0,0,0,0,1,14,8
raw,120,28,3,0,0,0,0,0,0,2,4,1
raw,49,9,1,0,0,0,0,0,0,0,1,0
raw,64,13,1,0,1,0,0,0,0,1,5,0
raw,468,103,3,1,0,0,0,0,0,0,10,0
raw,72,14,1,0,0,0,0,0,0,0,4,0
raw,9,2,1,0,0,0,0,0,0,0,0,0
raw,208,46,4,0,0,0,0,0,0,2,8,0
raw,82,12,3,0,0,0,0,0,0,0,4,3
raw,189,36,1,0,0,0,0,0,0,0,8,2
raw,308,63,3,0,0,0,0,0,0,3,13,1
raw,120,21,2,0,0,0,0,0,0,0,0,1
raw,69,19,3,1,0,0,0,0,0,0,1,0
raw,553,124,2,0,1,0,0,0,0,1,18,0
raw,183,48,4,0,0,0,0,0,0,0,3,0
raw,593,142,23,0,1,0,0,0,0,4,13,3
raw,210,48,3,0,0,0,0,0,0,0,5,0
raw,373,78,4,0,1,0,0,0,0,3,9,1
raw,366,95,8,0,0,0,0,0,0,1,9,2
raw,312,61,2,0,0,0,0,0,0,0,16,1
raw,318,71,4,0,0,0,0,0,0,1,13,1
raw,438,103,9,1,0,0,0,0,0,1,15,0
raw,48,11,1,1,0,0,0,0,1,1,4,0
raw,499,101,8,1,0,0,0,0,0,1,13,4
raw,395,95,4,0,3,0,0,0,0,1,7,4
raw,95,25,1,0,0,0,0,0,1,4,2,0
raw,344,82,5,0,1,0,0,0,0,2,15,0
raw,222,52,4,0,0,0,0,0,0,0,8,0
raw,475,112,7,0,0,0,0,0,2,1,16,2
raw,67,15,3,0,0,0,0,0,0,0,2,1
raw,77,18,1,0,0,0,0,0,0,0,0,1
raw,269,60,3,0,0,0,0,0,0,1,17,0
raw,192,44,3,0,0,0,0,0,0,0,8,0
raw,107,19,1,0,0,0,0,0,0,0,2,1
raw,519,121,9,0,1,0,0,0,0,0,16,2
raw,87,17,2,0,0,0,0,0,0,0,4,0
raw,107,24,1,0,0,0,0,0,0,0,6,0
raw,344,67,2,0,0,0,0,0,0,0,10,2
raw,808,175,11,2,0,0,0,0,1,0,14,4
raw,104,19,1,0,0,0,0,0,0,0,2,1
raw,44,11,1,0,0,0,0,0,0,0,1,0
raw,83,19,1,0,0,0,0,0,0,0,2,0
raw,319,73,1,0,0,0,0,0,1,0,5,1
raw,61,11,1,1,0,0,0,0,0,1,3,0
raw,144,31,2,0,0,0,0,0,0,2,4,1
raw,271,56,2,0,0,0,0,0,0,0,8,2
raw,305,62,5,0,3,0,0,0,1,0,9,1
raw,228,51,3,0,0,0,0,0,0,0,8,1
raw,324,78,5,0,0,0,0,0,0,0,13,0
raw,186,42,6,0,1,0,0,0,0,0,7,0
raw,317,71,6,0,0,0,0,0,0,0,10,0
raw,376,79,7,0,0,0,0,0,0,0,9,3
raw,1504,355,17,19,0,0,0,1,0,0,46,2
raw,416,103,6,0,0,0,0,0,5,0,14,3
raw,867,178,7,2,2,0,0,0,1,4,33,2
raw,725,138,4,0,1,0,0,0,0,1,83,0
raw,342,79,4,2,0,0,0,0,0,0,4,0
raw,235,53,3,0,0,0,0,0,0,0,6,2
raw,87,20,1,0,0,0,0,0,0,0,3,1
raw,153,37,3,0,0,0,0,0,1,0,4,0
raw,911,197,6,2,0,0,0,0,2,5,37,7
raw,192,45,2,0,1,0,0,0,1,0,5,2
raw,135,25,2,0,0,0,0,0,0,0,3,0
raw,294,63,4,0,0,0,0,0,0,1,5,3
raw,269,63,3,0,0,0,0,0,0,3,9,0
raw,472,99,4,0,0,0,0,0,0,0,11,4
raw,666,156,7,0,0,0,0,0,0,0,11,1
raw,89,17,1,0,0,0,0,0,0,0,2,1
raw,65,14,2,0,0,0,0,0,0,0,2,0
raw,301,69,4,0,0,0,0,0,0,0,10,0
raw,82,14,2,0,0,0,0,0,0,0,2,1
raw,542,108,4,0,1,0,0,0,1,1,10,2
raw,76,16,2,0,0,0,0,0,0,0,3,1
raw,361,84,3,2,0,0,0,0,0,1,5,1
raw,92,21,4,0,0,0,0,0,0,0,3,1
raw,71,10,1,0,0,0,0,0,0,0,2,2
raw,507,112,9,0,0,0,0,0,0,0,19,1
raw,79,18,1,0,0,0,0,0,2,0,4,1
raw,60,14,1,0,0,0,0,0,0,0,1,0
raw,0,0,0,0,0,0,0,0,0,0,0,0
raw,220,51,3,0,0,0,0,0,1,0,6,1
raw,152,41,5,0,0,0,0,0,0,0,5,0
raw,215,45,3,0,0,0,0,0,0,1,4,2
raw,48,11,1,0,0,0,0,0,0,1,5,0
raw,358,81,4,0,0,0,0,0,0,0,4,1
raw,130,33,3,0,0,0,0,0,0,0,3,1
raw,362,86,2,0,1,0,0,0,2,2,15,0
raw,69,14,1,0,0,0,0,0,0,1,3,0
raw,403,96,1,0,0,0,0,0,0,5,15,1
raw,504,122,7,3,0,0,0,0,0,0,9,5
raw,209,46,5,0,0,0,0,0,0,1,6,2
raw,778,179,7,0,2,0,0,0,0,2,31,4
raw,573,124,8,0,0,0,0,0,0,5,15,1
raw,50,10,1,0,0,0,0,0,0,0,4,0
raw,59,12,2,0,0,0,0,0,0,0,2,0
raw,869,183,8,0,0,0,0,0,0,1,20,11
raw,649,146,10,1,0,0,0,0,3,2,18,0
raw,94,20,1,1,0,0,0,0,0,0,3,1
raw,145,34,1,0,0,0,0,0,0,1,3,1
raw,491,110,10,0,0,0,0,0,0,1,11,5
raw,618,135,4,1,0,0,0,0,0,0,17,0
raw,607,128,8,0,0,0,0,0,0,0,23,2
raw,202,50,4,0,0,0,0,0,0,0,8,1
raw,186,40,3,1,1,0,0,0,0,1,6,0
raw,634,138,1,2,3,0,0,0,2,1,17,2
raw,698,160,8,0,0,0,0,0,6,2,23,0
raw,675,144,9,0,0,0,0,0,3,1,21,3
raw,141,29,1,1,0,0,0,0,0,0,7,0
raw,477,104,5,0,0,0,0,0,0,1,17,5
raw,135,31,3,0,0,0,0,0,0,1,3,1
raw,333,73,4,0,1,0,0,0,0,0,18,0
raw,242,50,1,0,0,0,0,0,0,1,6,0
raw,86,19,2,0,0,0,0,0,0,0,2,0
raw,564,122,5,0,4,0,0,0,8,5,16,2
raw,1925,441,25,10,1,0,0,0,7,2,61,4
raw,285,66,5,1,0,0,0,0,1,2,9,0
raw,206,42,5,0,1,0,0,0,0,0,10,1
raw,140,28,2,0,0,0,0,0,1,0,1,1
raw,256,59,4,0,0,0,0,0,0,0,10,3
raw,83,22,3,0,0,0,0,0,0,2,4,1
raw,419,90,13,0,0,0,0,0,0,1,13,1
raw,537,116,7,0,0,0,0,0,2,1,12,0
raw,142,32,3,1,0,0,0,0,0,0,0,1
raw,488,108,6,1,2,0,0,0,0,2,25,0
raw,599,142,15,0,0,0,0,0,0,1,13,1
raw,218,49,1,0,0,0,0,0,1,0,5,1
raw,204,43,2,0,0,0,0,0,0,1,7,1
raw,335,73,5,0,0,0,0,0,0,0,12,2
raw,341,76,5,0,0,0,0,0,0,0,8,1
raw,370,83,3,0,0,0,0,0,1,0,11,4
raw,11,4,1,0,0,0,0,0,0,0,0,0
raw,183,43,2,0,0,0,0,0,0,4,7,0
raw,466,112,6,0,0,0,0,0,1,0,12,1
raw,421,98,9,0,0,0,0,0,0,0,8,3
raw,238,53,2,0,0,0,0,0,0,0,4,0
raw,35,9,1,0,0,0,0,0,0,0,3,0
raw,309,64,4,0,0,0,0,0,0,0,12,2
raw,985,239,10,0,4,0,0,0,0,15,30,3
raw,510,120,5,4,0,0,0,0,0,0,10,3
raw,238,57,4,1,1,0,0,0,1,0,8,0
raw,37,10,1,0,0,0,0,0,0,0,1,0
raw,715,146,7,0,0,0,0,0,1,0,26,5
raw,211,47,5,0,0,0,0,0,0,0,11,1
raw,32,6,1,0,0,0,0,0,0,0,2,0
raw,735,153,8,0,2,0,0,0,2,1,21,4
raw,559,121,8,1,0,0,0,0,0,1,20,5
raw,496,110,5,0,0,0,0,0,1,0,6,3
raw,89,22,1,0,0,0,0,0,0,1,3,0
raw,311,72,1,0,1,0,0,0,0,1,18,0
raw,1975,431,19,0,0,0,0,0,2,1,66,8
raw,177,36,1,0,0,0,0,0,0,1,5,2
raw,131,33,1,0,0,0,0,0,1,0,4,5
raw,222,54,4,2,0,0,0,0,2,1,8,3
raw,88,21,2,1,0,0,0,0,0,0,4,2
raw,602,141,5,2,0,0,0,0,0,0,20,5
raw,431,106,6,0,1,0,0,0,0,2,18,0
raw,118,25,1,0,0,0,0,0,0,0,2,0
raw,906,226,18,4,0,0,0,0,4,3,24,4
raw,292,66,2,0,0,0,0,0,0,1,14,3
raw,117,25,2,0,0,0,0,0,0,1,7,1
raw,143,30,3,0,0,0,0,0,0,1,6,0
raw,433,105,7,0,0,0,0,0,0,1,12,3
raw,48,13,2,0,0,0,0,0,0,0,1,1
raw,14,5,1,1,0,0,0,0,1,0,0,0
raw,361,89,9,0,0,0,0,0,0,1,11,4
raw,73,17,2,0,0,0,0,0,0,0,3,0
raw,447,98,8,0,0,0,0,0,0,0,9,1
raw,188,46,1,0,0,0,0,0,3,1,4,0
raw,431,100,10,1,1,0,0,0,1,0,13,2
raw,93,19,2,0,0,0,0,0,0,0,3,1
raw,1266,289,3,4,3,0,0,0,4,3,23,3
raw,734,169,8,0,0,0,0,0,0,0,22,3
raw,176,33,2,0,0,0,0,0,0,0,5,0
raw,31,8,1,0,0,0,0,0,0,0,3,0
raw,535,110,7,0,0,0,0,0,0,1,12,0
raw,447,104,1,0,1,0,0,0,0,1,15,1
raw,186,41,3,0,0,0,0,0,0,0,4,1
raw,667,148,7,0,0,0,0,0,0,1,28,1
raw,129,34,3,0,0,0,0,0,0,3,8,0
raw,612,125,5,0,0,0,0,0,0,0,15,3
raw,231,50,3,0,0,0,0,0,0,0,12,1
raw,277,62,4,2,0,0,0,0,0,0,8,1
raw,47,12,1,0,0,0,0,0,0,0,6,0
raw,466,102,7,0,0,0,0,0,1,2,23,0
raw,747,181,13,0,0,0,0,0,1,3,26,2
raw,245,65,6,0,0,0,0,0,0,3,9,0
raw,188,46,2,3,0,0,0,0,1,0,5,0
raw,374,79,3,0,1,0,0,0,0,6,10,2
raw,209,41,2,1,0,0,0,0,0,2,3,1
raw,367,83,4,0,0,0,0,0,0,0,13,2
raw,1056,252,7,0,0,0,0,0,0,9,45,3
raw,58,9,1,1,0,0,0,0,0,0,2,1
raw,141,37,2,0,0,0,0,0,0,0,3,1
raw,1054,252,19,2,1,0,0,0,2,4,20,6
raw,666,147,6,0,3,0,0,0,1,1,20,4
raw,416,85,4,0,0,0,0,0,0,1,13,2
raw,159,34,3,0,0,0,0,0,0,1,6,0
raw,332,86,1,0,3,0,0,0,0,4,19,0
raw,50,11,1,0,1,0,0,0,0,1,1,0
raw,393,95,7,0,0,0,0,0,0,2,17,0
raw,806,168,14,0,1,0,0,0,1,2,20,2
raw,422,102,7,0,0,0,0,0,0,2,12,2
raw,128,32,3,0,0,0,0,0,0,3,7,0
raw,267,61,4,0,0,0,0,0,0,0,5,0
raw,48,10,3,0,0,0,0,0,0,0,3,2
raw,135,28,2,1,0,0,0,0,0,0,4,0
raw,315,62,4,0,1,0,0,0,0,0,3,4
raw,18,5,1,0,0,0,0,0,0,0,0,0
raw,281,68,1,0,2,0,0,0,1,2,9,0
raw,353,80,4,0,0,0,0,0,0,0,10,2
raw,74,18,2,0,0,0,0,0,0,1,3,1
raw,205,48,3,0,0,0,0,0,0,1,6,0
raw,12,4,1,0,0,0,0,0,0,0,0,0
raw,93,17,1,0,0,0,0,0,0,0,2,0
raw,112,25,2,0,0,0,0,0,0,0,2,1
raw,600,137,4,0,1,0,0,0,0,4,15,1
raw,312,75,5,1,0,0,0,0,1,2,16,0
raw,148,21,1,0,0,0,0,0,0,0,3,4
raw,361,80,5,0,0,0,0,0,1,0,18,4
raw,1104,235,12,1,0,0,0,0,2,1,35,2
raw,237,52,3,0,0,0,0,0,0,0,6,0
raw,1085,232,9,6,0,0,0,0,2,2,34,2
raw,76,18,3,0,0,0,0,0,0,3,1,0
raw,110,18,3,1,1,0,0,0,2,0,2,1
raw,555,131,7,2,0,0,0,0,0,1,17,1
raw,677,160,15,0,1,0,0,0,1,2,28,1
raw,1153,253,14,0,0,0,0,0,0,1,23,4
raw,189,37,6,0,0,0,0,0,0,0,7,0
raw,552,120,9,0,0,0,0,0,0,1,13,4
raw,51,11,2,0,0,0,0,0,0,1,3,0
raw,2800,623,21,11,0,0,0,0,0,14,121,4
raw,338,81,5,0,0,0,0,0,0,2,16,1
raw,26,5,1,0,0,0,0,0,0,0,0,0
raw,471,110,5,0,0,0,0,0,0,1,9,1
raw,187,41,3,0,0,0,0,0,0,0,0,1
raw,650,147,5,1,1,0,0,0,1,1,14,3
raw,508,104,7,0,0,0,0,0,2,0,11,8
raw,120,12,4,0,0,2,0,0,4,0,9,1
raw,135,31,2,0,0,0,0,0,0,0,4,1
raw,157,41,3,0,0,0,0,0,2,0,2,0
raw,283,58,1,0,0,0,0,0,0,7,11,2
raw,475,106,10,0,0,0,0,0,1,0,7,1
raw,104,22,1,0,1,0,0,0,1,0,2,1
raw,431,96,11,0,0,0,0,0,0,1,15,1
raw,130,29,5,0,0,0,0,0,0,0,2,3
raw,442,109,5,0,0,0,0,0,0,0,14,0
raw,441,98,7,0,2,0,0,0,3,1,9,3
raw,668,155,4,0,0,0,0,0,0,4,27,3
raw,1764,405,13,2,1,0,0,0,3,6,52,7
raw,161,36,1,2,0,0,0,0,0,0,3,3
raw,850,205,19,0,0,0,0,0,1,3,17,4
raw,388,97,5,0,0,0,0,0,0,0,18,1
raw,303,62,5,0,0,0,0,0,0,0,12,4
raw,235,55,3,0,0,0,0,0,0,3,5,1
raw,876,209,12,0,0,0,0,0,0,0,26,1
raw,381,87,7,0,0,0,0,0,0,2,9,4
raw,186,36,3,0,0,0,0,0,2,0,7,1
raw,612,142,6,0,0,0,0,0,0,1,11,5
raw,483,116,8,0,0,0,0,0,2,1,12,4
raw,74,16,1,1,0,0,0,0,0,0,3,2
raw,182,45,4,0,0,0,0,0,0,3,10,0
raw,653,135,8,0,0,0,0,0,0,0,20,1
raw,270,57,1,0,0,0,0,0,8,0,9,4
raw,98,25,1,0,0,0,0,0,0,3,7,1
raw,403,93,8,1,0,0,0,0,0,2,18,2
raw,121,32,2,1,0,0,0,0,0,2,3,0
raw,98,23,2,0,1,0,0,0,1,1,6,0
raw,60,11,1,1,0,0,0,0,0,0,3,1
raw,127,24,2,0,0,0,0,0,0,0,5,0
raw,106,18,1,0,0,0,0,0,0,1,4,1
raw,185,42,5,2,1,0,0,0,1,0,4,1
raw,801,183,8,0,0,0,0,0,0,0,24,0
raw,14,3,1,0,0,0,0,0,0,0,2,0
raw,569,124,11,0,0,0,0,0,0,0,19,1
raw,538,121,7,0,0,0,0,0,0,0,8,3
raw,126,36,3,0,0,0,0,0,0,0,1,2
raw,266,53,3,0,0,0,0,0,0,0,2,2
raw,228,62,3,0,0,0,0,0,0,1,8,0
raw,76,17,1,0,0,0,0,0,1,1,1,1
raw,774,194,6,0,2,0,0,0,6,4,23,3
raw,974,203,15,0,0,0,0,0,0,1,18,5
raw,531,125,3,0,0,0,0,0,0,1,11,3
raw,330,61,2,0,0,0,0,0,0,0,14,4
raw,711,145,6,2,0,0,0,0,3,1,37,1
raw,262,59,4,0,0,0,0,0,0,0,7,2
raw,601,133,12,0,0,0,0,0,0,1,19,6
raw,79,19,2,0,0,0,0,0,0,0,1,1
raw,1594,319,16,0,1,0,0,0,2,1,57,3
raw,148,36,1,0,1,0,0,0,1,2,7,0
raw,38,11,1,0,0,0,0,0,0,0,2,0
raw,192,37,4,0,0,0,0,0,1,0,4,1
raw,638,151,13,0,1,0,0,0,0,8,22,6
raw,731,178,2,0,0,0,0,0,0,2,20,3
raw,397,95,7,0,1,0,0,0,0,0,9,2
raw,905,209,6,2,0,0,0,0,4,1,30,2
raw,122,26,3,0,0,0,0,0,0,0,2,2
raw,79,18,2,0,0,0,0,0,0,0,2,0
raw,141,26,2,0,0,0,0,0,1,1,6,1
raw,120,26,1,0,0,0,0,0,1,2,2,0
raw,232,41,5,0,0,0,0,0,0,0,8,2
raw,106,24,3,0,0,0,0,0,1,0,2,0
raw,56,12,2,0,0,0,0,0,0,0,3,0
raw,138,29,2,0,0,0,0,0,0,0,5,1
raw,142,31,3,0,0,0,0,0,0,0,7,0
raw,166,44,5,0,0,0,0,0,0,1,11,2
raw,386,92,6,0,0,0,0,0,0,0,10,2
raw,1546,319,12,0,0,0,0,0,2,3,46,3
raw,444,102,8,0,3,0,0,0,1,5,25,0
raw,235,50,7,0,0,0,0,0,4,5,13,0
raw,93,21,1,3,0,0,0,0,1,0,7,1
raw,351,82,5,0,0,0,0,0,0,1,16,0
raw,488,115,1,2,0,0,0,0,0,0,17,3
raw,452,95,1,0,1,0,0,0,0,0,16,1
raw,172,41,6,0,0,0,0,0,0,3,4,1
raw,508,110,2,3,2,0,0,0,4,2,13,4
raw,221,50,3,0,0,0,0,0,0,1,10,2
raw,119,25,3,0,0,0,0,0,0,0,4,3
raw,518,118,7,0,0,0,0,0,1,0,19,1
raw,882,209,8,0,3,0,0,0,1,7,38,1
raw,38,10,1,0,0,0,0,0,0,0,3,0
raw,166,40,2,4,1,0,0,0,1,0,5,0
raw,332,72,4,0,0,0,0,0,0,1,9,3
raw,92,21,1,0,0,0,0,0,0,0,1,0
raw,445,107,7,0,0,0,0,0,0,4,13,1
raw,66,20,2,1,0,0,0,0,0,1,4,0
raw,457,101,5,0,1,0,0,0,1,4,16,3
raw,325,69,4,0,0,0,0,0,0,0,12,3
raw,184,45,1,0,1,0,0,0,1,1,4,1
raw,82,16,1,0,0,0,0,0,0,0,4,0
raw,521,103,7,0,0,0,0,0,0,0,22,3
raw,582,134,9,0,0,0,0,0,1,7,16,0
raw,86,20,3,0,0,0,0,0,0,0,5,0
raw,163,34,3,0,0,0,0,0,0,0,6,2
raw,1001,216,8,3,0,0,0,0,1,2,26,1
raw,178,33,5,0,1,0,0,0,0,0,6,2
raw,272,65,3,0,0,0,0,0,0,2,19,1
raw,114,27,4,0,0,0,0,0,0,0,2,1
raw,23,5,1,0,0,0,0,0,0,0,0,0
raw,582,136,8,1,0,0,0,0,2,0,18,1
raw,456,97,8,0,1,0,0,0,1,3,12,0
raw,207,40,4,0,0,0,0,0,0,0,1,0
raw,405,90,4,0,0,0,0,0,0,0,18,1
raw,388,97,1,0,1,0,0,0,0,3,15,1
raw,47,12,2,0,0,0,0,0,0,0,1,0
raw,43,11,3,0,0,0,0,0,0,0,1,1
raw,255,53,4,0,0,0,0,0,0,0,4,1
raw,950,203,11,0,0,0,0,0,0,0,18,6
raw,961,201,2,8,0,0,0,0,4,1,31,4
raw,147,30,2,0,0,0,0,0,0,0,5,2
raw,65,18,3,0,0,0,0,0,0,0,3,0
raw,173,34,2,1,0,0,0,0,0,1,7,0
raw,187,47,4,0,0,0,0,0,0,0,6,0
raw,163,40,2,0,0,0,0,0,0,0,5,1
raw,132,29,2,0,0,0,0,0,0,1,4,0
raw,115,25,3,0,0,0,0,0,0,0,4,0
raw,22,5,1,0,0,0,0,0,0,0,0,1
raw,124,27,1,0,0,0,0,0,0,0,1,0
raw,77,18,3,0,0,0,0,0,0,0,5,0
raw,525,121,15,0,0,0,0,0,0,1,17,3
raw,382,96,6,0,0,0,0,0,0,3,20,0
raw,251,63,4,1,0,0,0,0,1,4,10,0
raw,471,96,7,0,0,0,0,0,0,1,20,0
raw,87,16,1,0,0,0,0,0,0,0,5,0
raw,658,152,5,1,0,0,0,0,0,2,16,1
raw,615,144,10,0,2,0,0,0,0,4,21,2
raw,7,1,1,0,0,0,0,0,0,0,0,1
raw,579,117,5,0,1,0,0,0,1,0,15,4
raw,77,15,1,0,0,0,0,0,0,1,3,0
raw,458,111,3,1,0,0,0,0,3,1,12,1
raw,550,128,5,0,1,0,0,0,0,1,11,0
raw,499,112,7,0,1,0,0,0,1,4,21,5
raw,323,65,3,0,0,0,0,0,0,0,16,2
raw,36,9,1,0,0,0,0,0,0,0,2,1
raw,144,32,2,0,0,0,0,0,0,1,6,0
raw,81,23,1,0,0,0,0,0,0,0,3,0
raw,35,7,1,0,0,0,0,0,0,0,3,2
raw,438,91,8,0,0,0,0,0,1,1,14,5
raw,139,28,3,0,1,0,0,0,0,0,4,2
raw,495,114,7,0,0,0,0,0,0,4,15,2
raw,158,33,2,0,0,0,0,0,1,0,6,1
raw,892,193,14,7,0,0,0,0,0,2,11,4
raw,248,56,4,0,0,0,0,0,0,4,9,1
raw,146,32,4,0,0,0,0,0,0,0,7,0
raw,269,72,4,1,0,0,0,0,0,3,4,1
raw,176,45,3,1,0,0,0,0,0,3,8,3
raw,295,62,2,0,2,0,0,0,2,0,7,0
raw,250,54,2,0,0,0,0,0,1,2,11,1
raw,698,157,12,0,1,0,0,0,0,2,22,1
raw,246,54,8,0,0,0,0,0,0,0,5,0
raw,158,30,3,1,0,0,0,0,0,0,3,0
raw,780,160,1,6,1,0,0,0,0,0,18,4
raw,452,103,6,0,0,0,0,0,0,0,11,0
raw,514,113,13,3,0,0,0,0,0,4,11,0
raw,438,104,4,2,0,0,0,0,0,3,17,4
raw,1864,425,22,0,0,0,0,0,2,2,61,1
raw,530,128,4,1,0,0,0,0,0,2,11,3
raw,209,53,5,0,0,0,0,0,0,1,9,1
raw,763,168,8,0,0,0,0,0,0,6,26,3
raw,266,69,5,0,0,0,0,0,0,0,8,0
raw,135,27,4,1,0,0,0,0,0,0,3,1
raw,170,40,1,0,1,0,0,0,0,1,6,1
raw,87,19,2,0,0,0,0,0,0,0,4,1
raw,326,74,7,0,0,0,0,0,0,0,9,4
raw,694,157,10,0,0,0,0,0,0,2,35,3
raw,70,17,2,0,1,0,0,0,0,0,1,2
raw,556,143,6,0,1,0,0,0,1,3,14,2
raw,185,38,2,0,0,0,0,0,0,0,3,1
raw,941,203,9,1,1,0,0,0,1,0,17,5
raw,260,59,5,0,0,0,0,0,0,0,4,3
raw,265,64,3,0,0,0,0,0,1,3,10,2
raw,546,125,10,0,0,0,0,0,0,0,16,2
raw,248,47,1,0,0,0,0,0,0,0,7,3
raw,467,101,6,0,1,0,0,0,0,1,13,1
raw,989,222,10,6,0,0,0,0,1,3,29,1
raw,234,51,4,0,0,0,0,0,0,0,4,1
raw,140,26,1,0,0,0,0,0,0,0,24,0
raw,284,55,3,1,0,0,0,0,1,0,12,5
raw,155,34,4,0,0,0,0,0,0,0,3,0
raw,930,208,11,1,0,0,0,0,0,5,39,7
raw,157,45,2,0,0,0,0,0,2,2,7,0
raw,107,21,1,0,0,0,0,0,0,0,4,0
raw,59,13,1,0,0,0,0,0,0,0,2,0
raw,97,20,2,0,0,0,0,0,0,0,7,0
raw,122,23,2,0,0,0,0,0,0,0,2,0
raw,175,35,3,0,0,0,0,0,0,0,6,4
raw,192,47,5,0,0,0,0,0,0,0,4,0
raw,726,173,3,0,0,0,0,0,0,1,17,6
raw,90,19,3,0,0,0,0,0,0,1,3,0
raw,137,31,1,0,0,0,0,0,0,0,3,1
raw,713,153,5,0,0,0,0,0,0,1,20,2
raw,511,107,9,2,0,0,0,0,0,1,12,1
raw,209,48,3,0,0,0,0,0,0,0,8,3
raw,124,30,3,0,0,0,0,0,0,1,5,2
raw,112,30,2,0,0,0,0,0,0,1,8,0
raw,352,78,4,0,0,0,0,0,0,0,9,4
raw,607,144,9,0,0,0,0,0,0,6,11,1
raw,939,228,14,0,0,0,0,0,0,6,26,8
raw,211,46,4,0,0,0,0,0,0,0,2,2
raw,129,29,3,0,0,0,0,0,0,0,2,1
raw,241,53,1,7,0,0,0,0,0,2,6,3
raw,28,6,1,0,0,0,0,0,0,0,2,1
raw,68,18,1,0,0,0,0,0,0,1,5,0
raw,521,119,11,5,0,0,0,0,1,1,11,1
raw,640,141,9,0,0,0,0,0,0,7,26,6
raw,250,53,4,0,0,0,0,0,0,0,5,4
raw,425,103,7,0,0,0,0,0,0,1,11,1
raw,505,114,11,0,0,0,0,0,0,2,9,4
raw,630,155,13,1,0,0,0,0,0,2,23,6
raw,143,33,1,0,0,0,0,0,0,0,2,5
raw,654,137,8,0,0,0,0,0,0,0,19,2
raw,121,28,1,2,0,0,0,0,0,0,3,2
raw,124,30,1,0,1,0,0,0,1,0,6,0
raw,168,41,3,0,1,0,0,0,0,0,5,1
raw,306,77,5,0,0,0,0,0,0,1,7,3
raw,1125,267,16,0,5,0,0,0,3,5,36,4
raw,441,92,4,0,0,0,0,0,0,2,13,3
raw,103,22,2,1,0,0,0,0,0,0,2,0
raw,155,33,3,0,0,0,0,0,0,0,3,3
raw,208,46,6,0,0,0,0,0,0,2,5,1
raw,72,17,1,0,0,0,0,0,0,1,3,0
raw,54,12,2,0,0,0,0,0,0,0,0,1
raw,749,189,12,0,0,0,0,0,6,0,18,3
raw,66,11,1,0,0,0,0,0,2,0,3,2
raw,407,81,7,0,0,0,0,0,0,0,11,2
raw,1724,366,15,0,2,0,0,0,3,0,38,4
raw,173,40,4,0,0,0,0,0,0,0,8,0
raw,174,35,1,4,0,0,0,0,0,1,12,0
raw,792,193,10,0,0,0,0,0,0,1,20,1
raw,25,9,1,0,0,0,0,0,1,0,0,0
raw,117,31,2,0,0,0,0,0,0,1,5,0
raw,200,39,3,0,0,0,0,0,1,0,10,1
raw,163,35,3,0,0,0,0,0,0,0,7,0
raw,194,48,5,1,0,0,0,0,1,0,6,1
raw,1654,377,22,5,0,0,0,0,2,3,59,5
raw,32,5,1,0,0,0,0,0,0,0,1,3
raw,289,66,1,0,1,0,0,0,0,0,6,3
raw,442,98,10,0,0,0,0,0,0,2,17,8
raw,1109,262,12,0,0,0,0,0,0,4,33,2
raw,1551,348,11,1,0,0,0,0,1,7,60,5
raw,388,83,5,0,0,0,0,0,0,0,11,1
raw,594,136,6,0,1,0,0,0,0,1,14,1
raw,288,72,1,0,0,0,0,0,0,0,9,0
raw,319,61,2,0,0,0,0,0,0,0,17,2
raw,1239,270,11,0,0,0,0,0,2,1,31,4
raw,428,103,5,0,0,0,0,0,0,3,5,3
raw,103,21,4,0,0,0,0,0,0,0,2,1
raw,574,105,6,1,0,0,0,0,0,0,73,0
raw,452,92,6,0,0,0,0,0,0,0,17,2
raw,169,39,2,0,0,0,0,0,0,0,2,0
raw,542,125,14,0,0,0,0,0,0,0,18,4
raw,843,192,9,0,0,0,0,0,0,0,21,4
raw,344,58,2,0,0,0,0,0,0,0,9,5
raw,616,145,3,0,1,0,0,0,1,0,12,2
raw,428,86,5,0,0,0,0,0,0,2,12,3
raw,123,29,3,2,1,0,0,0,0,0,3,3
raw,37,9,2,1,0,0,0,0,0,0,1,1
raw,704,171,11,0,0,0,0,0,0,1,15,6
raw,247,57,5,0,0,0,0,0,0,1,11,0
raw,197,45,1,0,1,0,0,0,0,0,9,1
raw,493,107,5,0,0,0,0,0,0,1,11,1
raw,79,19,2,0,0,0,0,0,0,0,4,1
raw,238,50,2,0,0,0,0,0,0,1,15,1
raw,173,39,3,1,0,0,0,0,0,1,4,0
raw,268,59,4,0,0,0,0,0,1,0,7,1
raw,110,28,2,0,0,0,0,0,0,2,3,0
raw,85,15,1,1,0,0,0,0,0,0,5,1
raw,1217,291,18,4,0,0,0,0,0,3,42,3
raw,1294,265,13,0,0,0,0,0,0,0,58,5
raw,150,27,1,0,0,0,0,0,0,0,7,0
raw,1238,278,16,1,0,0,0,0,0,9,31,6
raw,644,156,7,1,0,0,0,0,1,1,13,1
raw,131,32,2,2,0,0,0,0,0,1,4,0
raw,88,20,1,0,0,0,0,0,0,1,6,0
raw,448,88,2,0,3,0,0,0,0,0,11,0
raw,118,30,1,0,0,0,0,0,0,0,4,1
raw,163,39,3,0,1,0,0,0,1,0,0,0
raw,522,123,8,0,1,0,0,0,0,1,9,4
raw,87,19,1,0,0,0,0,0,0,0,2,0
raw,253,52,3,0,0,0,0,0,0,0,11,0
raw,323,73,7,1,0,0,0,0,1,1,10,2
raw,529,108,8,0,3,0,0,0,4,3,20,2
raw,924,200,13,0,0,0,0,0,0,1,20,10
raw,490,102,6,1,0,0,0,0,0,1,19,2
raw,86,18,2,0,0,0,0,0,0,3,5,0
raw,269,62,2,2,0,0,0,0,0,0,5,1
raw,277,64,2,0,0,0,0,0,0,0,9,2
raw,291,65,5,0,0,0,0,0,0,1,7,5
raw,573,125,11,0,0,0,0,0,0,5,25,3
raw,891,192,7,0,3,0,0,0,1,1,22,7
raw,217,55,4,0,0,0,0,0,0,0,7,0
raw,98,19,3,0,0,0,0,0,0,0,4,0
raw,402,91,7,0,0,0,0,0,0,0,8,2
raw,145,34,4,0,0,0,0,0,1,0,4,0
raw,489,109,2,4,0,0,0,0,1,1,8,2
raw,698,168,2,2,0,0,0,0,3,5,35,0
raw,511,104,6,4,1,0,0,0,0,1,11,2
raw,1551,363,19,19,0,0,0,0,1,1,54,7
raw,132,30,1,2,0,0,0,0,0,0,8,4
raw,478,109,3,0,0,0,0,0,0,1,56,0
raw,710,165,6,0,0,0,0,0,0,6,27,6
raw,165,35,2,0,0,0,0,0,0,0,3,1
raw,312,61,3,0,0,0,0,0,3,0,22,0
raw,178,39,5,0,0,0,0,0,0,0,2,5
raw,33,10,2,0,0,0,0,0,0,0,1,1
raw,176,32,2,0,0,0,0,0,0,0,7,0
raw,63,18,2,0,0,0,0,0,0,0,4,0
raw,542,126,8,0,0,0,0,0,0,0,10,0
raw,500,108,5,0,0,0,0,0,1,0,14,1
raw,417,92,6,3,0,0,0,0,0,0,11,0
raw,317,73,3,0,0,0,0,0,0,0,5,1
raw,452,89,4,0,0,0,0,0,0,0,13,3
raw,287,71,6,0,0,0,0,0,0,0,7,2
raw,486,96,1,4,0,0,0,0,0,1,19,3
raw,177,43,2,1,0,0,0,0,2,0,2,1
raw,155,40,3,0,1,0,0,0,0,0,5,1
raw,204,51,4,0,0,0,0,0,0,2,6,0
raw,277,57,3,0,0,0,0,0,0,0,8,9
raw,766,160,13,3,0,0,0,0,0,2,20,4
raw,292,57,1,0,1,0,0,0,3,0,7,4
raw,124,30,4,0,0,0,0,0,0,0,4,1
raw,274,53,3,0,0,0,0,0,0,0,8,2
raw,307,65,2,0,4,0,0,0,0,0,12,3
raw,39,13,1,0,1,0,0,0,0,0,0,0
raw,237,55,1,1,1,0,0,0,0,0,11,3
raw,142,35,5,1,0,0,0,0,1,0,3,1
raw,141,38,3,0,0,0,0,0,0,0,4,1
raw,639,151,8,0,0,0,0,0,1,1,21,4
raw,699,155,9,0,0,0,0,0,0,0,12,4
raw,212,49,2,0,0,0,0,0,0,0,10,1
raw,218,49,3,0,0,0,0,0,0,6,14,0
raw,148,33,2,0,0,0,0,0,0,0,7,1
raw,286,64,5,0,0,0,0,0,0,0,9,3
raw,137,25,3,0,0,0,0,0,1,0,2,1
raw,322,68,5,0,0,0,0,0,0,1,8,3
raw,497,110,8,0,0,0,0,0,0,0,12,5
raw,709,163,12,0,0,0,0,0,0,5,30,5
raw,416,88,4,0,0,0,0,0,0,1,19,1
raw,274,63,4,0,1,0,0,0,0,0,6,0
raw,568,121,6,0,0,0,0,0,0,1,19,4
raw,322,76,3,0,0,0,0,0,0,1,9,0
raw,622,121,5,0,0,0,0,0,2,0,13,4
raw,71,18,2,0,0,0,0,0,0,0,4,1
raw,401,86,6,0,0,0,0,0,0,3,15,0
raw,541,120,3,0,4,0,0,0,0,0,18,2
raw,40,9,1,0,0,0,0,0,0,0,2,0
raw,445,111,5,0,0,0,0,0,0,0,14,0
raw,2372,487,26,0,0,0,0,0,0,1,61,13
raw,307,66,6,0,0,0,0,0,0,0,4,3
raw,221,49,2,0,1,0,0,0,0,0,4,0
raw,115,23,2,0,0,0,0,0,0,1,7,0
raw,152,35,2,0,0,0,0,0,1,0,7,0
raw,530,120,10,0,0,0,0,0,0,2,12,2
raw,125,27,2,0,0,0,0,0,0,0,1,1
raw,209,41,4,0,0,0,0,0,1,0,5,2
raw,451,104,5,1,0,0,0,0,1,4,17,3
raw,377,80,4,3,0,0,0,0,2,6,17,1
raw,1,1,1,1,0,0,0,0,0,0,0,0
raw,481,105,6,0,1,0,0,0,0,0,9,3
raw,435,103,4,0,0,0,0,0,0,1,14,6
raw,269,64,4,0,0,0,0,0,0,0,11,0
raw,255,62,4,0,0,0,0,0,0,1,15,0
raw,369,71,1,0,0,0,0,0,0,1,11,2
raw,88,19,2,0,0,0,0,0,0,0,5,0
raw,176,37,5,0,0,0,0,0,0,1,7,2
raw,48,8,1,0,0,0,0,0,0,0,1,1
raw,544,132,7,1,0,0,0,0,1,1,24,1
raw,11,4,1,1,0,0,0,0,0,1,1,0
raw,17,4,1,0,0,0,0,0,0,0,0,0
raw,121,27,2,0,0,0,0,0,0,0,3,0
raw,1607,371,24,0,4,0,0,0,4,18,68,2
raw,123,27,1,0,0,0,0,0,0,1,6,0
raw,53,12,2,0,0,0,0,0,0,0,2,0
raw,163,35,1,0,1,0,0,0,0,2,5,1
raw,475,103,5,0,0,0,0,0,0,1,14,5
raw,312,55,2,0,0,0,0,0,0,0,58,0
raw,203,45,2,0,1,0,0,0,1,5,10,3
raw,187,40,2,3,0,0,0,0,0,0,8,3
raw,1648,399,28,0,0,0,0,0,9,13,52,4
raw,125,25,4,0,0,0,0,0,0,0,3,2
raw,434,104,9,0,0,0,0,0,0,2,6,0
raw,269,59,2,0,0,0,0,0,0,2,7,1
raw,469,100,16,0,0,0,0,0,0,0,9,4
raw,226,48,7,0,0,0,0,0,0,3,3,2
raw,302,70,3,1,0,0,0,0,0,2,12,0
raw,574,132,9,0,0,0,0,0,0,0,17,2
raw,230,50,3,1,0,0,0,0,0,1,6,0
raw,971,214,13,0,1,0,0,0,1,1,28,1
raw,334,71,5,0,0,0,0,0,0,0,8,0
raw,111,27,3,0,0,0,0,0,0,1,6,0
raw,47,8,1,0,0,0,0,0,0,0,3,0
raw,772,182,12,0,0,0,0,0,0,9,24,1
raw,967,210,9,0,0,0,0,0,1,3,21,7
raw,552,126,8,0,3,0,0,0,0,3,22,2
raw,247,56,2,0,0,0,0,0,1,0,6,2
raw,1283,254,10,6,1,0,0,0,3,0,48,3
raw,111,25,1,0,1,0,0,0,0,0,4,1
raw,1250,270,14,1,0,0,0,0,0,1,33,11
raw,466,95,7,0,0,0,0,0,0,0,11,2
raw,777,169,7,0,0,0,0,0,0,0,26,4
raw,876,187,17,2,0,0,0,1,0,1,45,2
raw,176,42,1,0,0,0,0,0,0,2,7,1
raw,1359,312,12,1,0,0,0,0,0,2,27,6
raw,124,31,1,0,0,0,0,0,0,1,5,0
raw,96,19,2,0,0,0,0,0,0,1,3,0
raw,300,83,2,1,0,0,0,0,4,5,10,0
raw,344,81,2,0,1,0,0,0,2,2,12,1
raw,782,167,12,0,0,0,0,0,0,2,16,5
raw,279,69,10,0,0,0,0,0,1,3,7,0
raw,291,69,6,0,0,0,0,0,1,4,11,2
raw,235,51,1,0,0,0,0,0,1,0,11,0
raw,287,69,4,1,0,0,0,0,0,2,10,0
raw,287,66,3,0,0,0,0,0,0,0,11,1
raw,185,35,2,2,0,0,0,0,0,0,6,1
raw,454,105,4,0,1,0,0,0,1,1,10,4
raw,60,14,3,0,0,0,0,0,0,3,5,0
raw,896,213,8,3,2,0,0,0,3,5,17,3
raw,811,172,12,1,3,0,0,0,3,3,27,3
raw,339,82,4,0,2,0,0,0,0,0,11,0
raw,649,137,4,0,1,0,0,0,0,1,24,2
raw,279,63,4,0,0,0,0,0,0,0,9,0
raw,222,56,6,0,0,0,0,0,0,5,6,0
raw,408,106,6,0,0,0,0,0,0,6,12,4
raw,381,93,7,0,0,0,0,0,0,2,11,0
raw,95,24,3,1,0,0,0,0,0,0,5,1
raw,84,20,2,0,0,0,0,0,0,1,1,0
raw,124,24,1,0,0,0,0,0,0,0,1,0
raw,295,65,6,0,0,0,0,0,0,1,6,3
raw,453,105,7,0,0,0,0,0,0,0,16,1
raw,268,56,4,0,0,0,0,0,0,0,10,0
raw,92,18,2,0,0,0,0,0,0,0,2,0
raw,196,40,2,0,0,0,0,0,0,0,14,0
raw,49,14,3,0,0,0,0,0,0,0,4,0
raw,154,34,1,1,0,0,0,0,0,0,3,1
raw,107,24,1,0,0,0,0,0,0,0,3,2
raw,1828,408,13,9,3,0,0,0,0,10,44,5
raw,588,131,8,0,0,0,0,0,0,1,20,5
raw,606,134,5,0,0,0,0,0,1,5,22,1
raw,189,46,7,0,0,0,0,0,0,4,13,2
raw,594,134,11,0,0,0,0,0,0,1,20,1
raw,247,54,2,0,0,0,0,0,0,0,13,0
raw,688,147,6,1,0,0,0,0,0,0,25,0
raw,474,102,9,0,0,0,0,0,0,0,17,4
raw,304,64,5,0,0,0,0,0,0,0,5,1
raw,74,12,1,0,0,0,0,0,0,0,5,2
raw,59,18,1,0,0,0,0,0,1,0,2,0
raw,111,23,1,0,0,0,0,0,0,0,8,0
raw,390,90,6,0,0,0,0,0,0,0,13,0
raw,115,31,1,0,1,0,0,0,0,2,7,0
raw,584,125,7,0,0,0,0,0,0,0,19,1
raw,407,98,4,0,1,0,0,0,0,1,10,1
raw,151,35,1,2,0,0,0,0,1,0,6,1
raw,187,41,3,0,0,0,0,0,0,0,6,0
raw,155,36,3,0,0,0,0,0,0,0,9,0
raw,128,28,4,0,0,0,0,0,0,0,4,0
raw,540,123,8,0,0,0,0,0,0,3,11,2
raw,189,43,4,0,0,0,0,0,0,0,10,1
raw,306,70,4,0,0,0,0,0,0,2,12,0
raw,185,38,3,0,0,0,0,0,0,1,6,1
raw,1300,310,11,0,0,0,0,0,6,3,56,3
raw,268,57,6,0,1,0,0,0,0,3,9,0
raw,257,59,4,0,0,0,0,0,0,2,8,3
raw,384,87,7,0,0,0,0,0,0,2,19,5
raw,100,25,4,0,0,0,0,0,0,0,2,2
raw,468,98,6,0,0,0,0,0,0,1,11,5
raw,288,62,2,0,0,0,0,0,0,4,15,2
raw,668,151,14,0,0,0,0,0,0,3,16,2
raw,49,9,1,0,0,0,0,0,0,0,10,0
raw,377,85,5,0,0,0,0,0,0,0,13,1
raw,200,50,2,0,0,0,0,0,0,0,3,0
raw,68,14,1,1,0,0,0,0,2,0,3,0
raw,1816,400,13,7,6,0,0,0,0,0,55,9
raw,435,105,7,0,0,0,0,0,0,2,6,1
raw,310,73,4,1,0,0,0,0,1,1,10,3
raw,411,88,3,0,1,0,0,0,1,2,11,1
raw,1029,216,1,0,3,0,0,0,1,10,40,0
raw,133,31,1,0,1,0,0,0,0,1,2,0
raw,225,51,3,0,0,0,0,0,0,1,9,0
raw,425,95,10,0,0,0,0,0,0,3,18,2
raw,64,15,2,0,0,0,0,0,0,0,1,0
raw,212,50,6,0,0,0,0,0,3,1,5,0
raw,396,86,5,0,0,0,0,0,0,0,14,3
raw,59,11,1,0,0,0,0,0,0,0,1,1
raw,531,118,8,2,0,0,0,0,0,0,17,1
raw,141,36,2,0,0,0,0,0,0,1,3,0
raw,22,5,1,0,0,0,0,0,0,0,1,0
raw,192,39,6,0,0,0,0,0,0,1,5,4
raw,116,20,1,0,0,0,0,0,1,1,4,1
raw,98,21,2,0,0,0,0,0,0,0,2,2
raw,1740,389,18,0,0,0,0,0,0,13,64,3
raw,367,84,6,0,0,0,0,0,0,3,8,0
raw,164,42,2,0,0,0,0,0,0,1,5,0
raw,248,60,2,0,0,0,0,0,0,0,9,2
raw,596,139,7,0,1,0,0,0,0,1,12,0
raw,477,100,1,0,0,0,0,0,0,2,15,2
raw,293,67,5,0,0,0,0,0,0,2,5,4
raw,592,136,5,0,0,0,0,0,0,2,14,2
raw,322,68,5,0,1,0,0,0,0,1,11,2
raw,116,26,3,0,0,0,0,0,0,0,2,1
raw,125,26,1,0,0,0,0,0,0,0,5,0
raw,1806,325,12,0,0,0,0,0,1,0,31,7
raw,478,93,5,0,0,0,0,0,0,0,12,3
raw,672,156,6,0,0,0,0,0,1,2,13,1
raw,521,117,7,0,1,0,0,0,0,2,14,1
raw,102,21,1,0,0,0,0,0,0,1,3,1
raw,428,91,5,0,1,0,0,0,2,1,12,3
raw,507,109,1,0,0,0,0,0,0,0,16,2
raw,162,39,3,0,0,0,0,0,0,2,5,0
raw,96,22,3,1,0,0,0,0,0,0,3,0
raw,316,77,5,0,0,0,0,0,1,1,12,0
raw,513,115,10,3,0,0,0,0,1,0,18,7
raw,556,125,4,1,0,0,0,0,0,1,23,4
raw,54,13,1,0,0,0,0,0,0,0,3,1
raw,476,111,7,0,0,0,0,0,1,0,20,0
raw,725,154,15,0,0,0,0,0,0,1,34,4
raw,496,113,2,0,3,0,0,0,0,4,17,0
raw,466,108,6,0,0,0,0,0,0,2,16,0
raw,484,128,11,0,0,0,0,0,1,1,10,0
raw,267,53,3,0,0,0,0,0,0,0,22,0
raw,44,12,1,0,0,0,0,0,0,1,1,2
raw,238,41,1,0,1,0,0,0,0,0,10,0
raw,72,10,1,0,0,0,0,0,0,0,1,3
raw,282,57,4,0,0,0,0,0,0,0,6,2
raw,773,184,13,0,1,0,0,0,2,0,24,4
raw,512,121,8,0,0,0,0,0,0,1,12,4
raw,82,21,1,0,0,0,0,0,0,0,4,0
raw,703,159,10,0,0,0,0,0,0,1,29,4
raw,44,8,1,0,0,0,0,0,0,0,0,2
raw,824,173,15,0,2,0,0,0,0,5,35,3
raw,869,206,11,0,0,0,0,0,1,3,26,2
raw,436,90,6,0,0,0,0,0,0,0,12,3
raw,147,38,3,0,0,0,0,0,0,0,1,1
raw,147,32,1,1,0,0,0,0,0,1,6,0
raw,138,31,2,1,0,0,0,0,0,0,4,0
raw,97,23,4,0,0,0,0,0,0,0,2,1
raw,281,59,3,0,0,0,0,0,0,2,9,1
raw,230,53,3,0,0,0,0,0,1,2,6,1
raw,145,28,2,0,0,0,0,0,0,0,3,0
raw,165,30,2,0,0,0,0,0,1,0,4,1
raw,140,29,1,1,0,0,0,0,0,2,3,0
raw,27,7,1,1,0,0,0,0,0,0,0,0
raw,338,83,4,0,0,0,0,0,0,2,12,2
raw,243,53,4,0,0,0,0,0,0,0,7,3
raw,609,139,8,0,0,0,0,0,0,3,10,4
raw,259,62,1,0,0,0,0,0,0,0,5,1
raw,400,90,7,1,0,0,0,0,0,3,14,1
raw,234,56,4,1,1,0,0,0,2,0,8,0
raw,749,158,9,0,1,0,0,0,0,5,19,0
raw,577,129,4,1,1,0,0,0,1,0,15,2
raw,469,112,9,0,0,0,0,0,1,7,18,0
raw,121,30,3,0,0,0,0,0,0,1,7,0
raw,137,28,1,0,0,0,0,0,0,0,3,2
raw,193,43,3,0,0,0,0,0,0,0,4,2
raw,186,40,2,0,0,0,0,0,0,2,3,1
raw,484,110,8,1,0,0,0,0,0,3,10,2
raw,125,21,1,0,1,0,0,0,1,0,8,1
raw,284,67,4,0,0,0,0,0,0,0,6,3
raw,461,91,7,0,0,0,0,0,0,0,13,1
raw,169,40,1,0,0,0,0,0,0,0,2,2
raw,519,120,8,0,0,0,0,0,0,0,10,3
raw,180,34,5,0,0,0,0,0,0,0,4,3
raw,87,19,2,0,0,0,0,0,0,1,3,1
raw,36,6,1,0,0,0,0,0,0,0,1,0
raw,83,23,2,0,0,0,0,0,1,0,2,0
raw,205,37,3,2,0,0,0,0,0,0,2,5
raw,231,52,6,0,0,0,0,0,0,1,9,1
raw,690,148,3,1,2,0,0,0,5,0,15,2
raw,598,125,3,1,0,0,0,0,0,1,17,3
raw,1375,313,15,7,0,0,0,0,4,14,44,0
raw,451,81,3,0,0,0,0,0,0,0,48,0
raw,323,82,5,0,1,0,0,0,0,0,7,5
raw,349,75,6,0,0,0,0,0,0,0,6,3
raw,1023,214,11,3,0,0,0,0,0,0,28,3
raw,244,47,1,0,0,0,0,0,0,0,11,1
raw,146,40,2,0,0,0,0,0,2,0,8,3
raw,216,45,4,0,0,0,0,0,0,0,6,0
raw,363,87,9,1,0,0,0,0,0,0,8,0
raw,3,1,1,0,0,0,0,0,0,0,0,0
raw,268,69,7,0,0,0,0,0,0,3,9,1
raw,368,96,6,0,1,0,0,0,0,0,7,0
raw,168,41,2,0,0,0,0,0,0,0,5,0
raw,134,31,4,0,0,0,0,0,0,0,2,0
raw,36,9,1,0,0,0,0,0,0,0,1,2
raw,333,65,3,0,0,0,0,0,0,0,8,4
raw,433,104,2,0,2,0,0,0,1,2,12,1
raw,39,12,1,4,0,0,0,0,1,0,0,0
raw,689,168,9,1,0,0,0,0,4,1,30,1
raw,122,29,4,0,0,0,0,0,0,0,2,2
raw,55,15,1,1,1,0,0,0,0,0,3,1
raw,129,26,2,0,0,0,0,0,1,2,11,0
raw,124,31,2,1,0,0,0,0,0,0,4,2
raw,149,30,1,1,1,0,0,0,1,0,7,0
raw,265,61,4,1,1,0,0,0,0,0,9,3
raw,32,7,1,0,0,0,0,0,0,1,3,0
raw,494,105,7,0,0,0,0,0,1,2,13,3
raw,663,158,11,0,0,0,0,0,1,1,22,0
raw,472,110,10,0,0,0,0,0,0,2,22,0
raw,526,112,15,0,0,0,0,0,0,2,29,1
raw,551,132,3,2,0,0,0,0,2,10,23,1
raw,256,57,1,0,0,0,0,0,0,2,9,0
raw,57,16,1,0,0,0,0,0,1,0,3,0
raw,1033,225,15,0,1,0,0,0,0,1,12,5
raw,30,7,1,0,0,0,0,0,0,0,1,1
raw,186,39,1,0,0,0,0,0,0,0,3,0
raw,683,149,12,0,0,0,0,0,4,5,14,6
raw,553,125,11,0,2,0,0,0,1,0,27,1
raw,462,95,1,0,0,0,0,0,0,1,18,1
raw,519,109,9,0,1,0,0,0,0,2,15,0
raw,111,27,1,1,0,0,0,0,2,0,4,0
raw,119,25,1,1,0,0,0,0,0,0,2,0
raw,928,183,11,0,0,0,0,0,0,0,29,3
raw,134,32,1,0,0,0,0,0,0,0,5,1
raw,255,63,6,0,1,0,0,0,0,3,8,1
raw,233,51,2,3,0,0,0,0,1,1,8,4
raw,276,65,7,0,0,0,0,0,0,3,11,2
raw,101,29,3,0,0,0,0,0,0,0,2,1
raw,3,1,1,0,0,0,0,0,0,0,0,0
raw,447,109,4,0,0,0,0,0,0,2,13,4
raw,595,149,9,0,0,0,0,0,0,0,9,4
raw,79,17,2,0,0,0,0,0,0,0,7,1
raw,98,25,2,1,0,0,0,0,0,2,4,0
raw,470,96,1,0,0,0,0,0,0,0,12,3
raw,398,77,6,0,0,0,0,0,3,0,20,3
raw,101,21,2,0,0,0,0,0,0,2,6,0
raw,583,131,5,0,1,0,0,0,0,1,18,3
raw,204,50,4,0,1,0,0,0,0,0,4,1
raw,46,14,1,0,0,0,0,0,0,0,2,0
raw,1366,307,12,5,0,0,0,0,0,7,43,2
raw,853,208,8,4,0,0,0,0,0,5,21,0
raw,350,86,5,0,0,0,0,0,0,0,11,3
raw,981,219,12,0,1,0,0,0,0,2,15,1
raw,43,7,1,0,0,0,0,0,0,0,2,0
raw,179,39,1,0,0,0,0,0,0,1,4,0
raw,237,59,2,0,0,0,0,0,0,0,9,4
raw,189,47,3,0,0,0,0,0,1,3,3,0
raw,485,114,7,1,1,0,0,0,0,0,34,1
raw,567,132,5,1,0,0,0,0,0,0,25,0
raw,138,28,1,0,0,0,0,0,0,1,6,0
raw,303,70,4,1,0,0,0,0,0,3,7,0
raw,250,58,7,0,0,0,0,0,0,1,7,3
raw,706,158,8,1,0,0,0,0,2,2,19,3
raw,702,148,8,0,0,0,0,0,0,1,14,5
raw,149,32,4,0,0,0,0,0,0,0,2,0
raw,423,94,6,0,0,0,0,0,1,0,14,3
raw,964,216,13,6,0,0,0,0,0,0,20,0
raw,290,70,3,0,0,0,0,0,0,1,6,1
raw,230,48,2,0,0,0,0,0,0,2,6,1
raw,26,7,1,0,0,0,0,0,0,0,1,0
raw,4,1,1,0,0,0,0,0,0,0,1,0
raw,65,17,1,0,0,0,0,0,0,0,2,1
raw,660,136,8,0,0,0,0,0,0,2,16,1
raw,56,12,1,1,0,0,0,0,1,1,2,0
raw,732,170,7,2,2,0,0,0,2,3,15,4
raw,223,62,7,0,0,0,0,0,0,0,8,1
raw,266,63,5,0,0,0,0,0,0,0,9,2
raw,171,41,3,0,0,0,0,0,0,3,9,0
raw,49,7,1,0,0,0,0,0,0,0,2,0
raw,665,148,8,3,0,0,0,0,1,0,15,6
raw,284,60,1,2,0,0,0,0,0,0,7,3
raw,260,51,3,0,0,0,0,0,0,0,5,2
raw,467,102,6,1,1,0,0,0,0,0,13,4
raw,765,174,16,0,0,0,0,0,0,11,33,1
raw,338,98,5,0,0,0,0,0,2,2,8,0
raw,421,93,5,0,0,0,0,0,0,1,9,0
raw,136,31,3,0,0,0,0,0,0,0,3,1
raw,376,88,4,0,0,0,0,0,0,0,5,2
raw,256,57,3,0,0,0,0,0,0,0,4,1
raw,151,32,5,0,0,0,0,0,0,0,3,2
raw,219,52,4,4,0,0,0,0,0,0,9,1
raw,269,62,6,0,0,0,0,0,0,0,4,0
raw,1183,268,11,3,0,0,0,0,3,4,30,3
raw,56,10,1,0,0,0,0,0,0,0,6,0
raw,12,3,1,0,0,0,0,0,0,1,2,0
raw,589,137,9,1,0,0,0,0,0,1,24,4
raw,634,151,9,0,0,0,0,0,0,2,14,7
raw,175,38,1,0,0,0,0,0,0,0,3,1
raw,342,74,6,0,0,0,0,0,1,1,11,2
raw,111,28,2,0,0,0,0,0,0,0,5,0
raw,422,81,5,0,1,0,0,0,0,0,11,0
raw,120,28,1,0,1,0,0,0,0,2,6,0
raw,54,11,2,0,0,0,0,0,0,0,3,1
raw,189,40,2,0,1,0,0,0,1,0,7,3
raw,395,102,8,3,0,0,0,0,0,3,12,4
raw,175,40,2,0,1,0,0,0,0,3,4,1
raw,129,32,2,0,0,0,0,0,0,0,5,0
raw,415,103,6,0,0,0,0,0,0,7,16,0
raw,279,59,3,0,0,0,0,0,0,3,6,1
raw,90,21,1,0,0,0,0,0,0,1,0,0
raw,744,151,12,5,0,0,0,1,0,0,34,0
raw,580,126,5,1,0,0,0,0,0,7,14,0
raw,422,99,2,0,0,0,0,0,0,7,19,2
raw,63,15,1,0,0,0,0,0,0,0,3,0
raw,399,92,5,0,0,0,0,0,0,1,12,2
raw,32,8,1,0,0,0,0,0,0,0,1,0
raw,968,228,10,0,0,0,0,0,0,9,39,4
raw,472,100,3,1,0,0,0,0,2,1,13,1
raw,54,11,1,1,0,0,0,0,0,0,2,0
raw,243,55,2,2,0,0,0,0,0,1,3,1
raw,510,117,10,2,0,0,0,0,0,3,21,4
raw,272,51,5,0,0,0,0,0,0,0,10,3
raw,189,46,4,1,1,0,0,0,0,0,4,1
raw,206,43,1,0,0,0,0,0,0,0,7,3
raw,159,37,2,0,0,0,0,0,0,0,4,1
raw,165,41,1,0,0,0,0,0,0,0,8,1
raw,1563,346,14,11,5,0,0,0,0,2,58,6
raw,121,25,3,0,0,0,0,0,0,0,6,0
raw,815,184,6,0,0,0,0,0,0,7,24,4
raw,239,52,4,0,0,0,0,0,0,0,7,1
raw,424,86,6,0,1,0,0,0,1,0,17,1
raw,108,21,1,0,0,0,0,0,1,0,4,4
raw,139,29,2,0,0,0,0,0,2,0,4,1
raw,294,69,2,0,0,0,0,0,0,2,6,1
raw,225,49,3,0,0,0,0,0,0,3,4,1
raw,512,112,10,0,0,0,0,0,0,0,19,0
raw,442,94,4,0,0,0,0,0,0,2,15,2
raw,236,53,1,2,0,0,0,0,0,1,11,0
raw,667,141,2,6,0,0,0,0,0,0,19,3
raw,333,62,2,1,0,0,0,0,0,0,49,0
raw,180,28,1,0,2,0,0,0,1,0,2,1
raw,509,117,10,2,0,0,0,0,0,0,10,3
raw,615,133,5,0,4,0,0,0,0,2,17,1
raw,712,166,9,2,0,0,0,0,0,0,21,0
raw,1023,228,6,0,0,0,0,0,0,1,36,1
raw,463,103,9,0,0,0,0,0,0,0,16,3
raw,255,56,3,1,1,0,0,0,1,0,6,0
raw,595,132,3,2,0,0,0,0,0,3,11,1
raw,896,199,5,0,1,0,0,0,1,2,28,2
raw,629,146,10,6,0,0,0,0,1,6,27,0
raw,229,58,3,0,0,0,0,0,0,4,3,2
raw,966,209,15,1,0,0,0,0,1,5,38,7
raw,1030,220,16,0,0,0,0,0,0,2,24,2
raw,534,116,9,1,0,0,0,0,0,0,24,1
raw,415,90,5,0,0,0,0,0,0,1,16,0
raw,184,41,3,0,0,0,0,0,1,0,8,3
raw,479,122,13,0,0,0,0,0,0,2,11,6
raw,646,132,12,0,0,0,0,0,2,0,14,6
raw,79,21,2,0,0,0,0,0,0,1,4,0
raw,90,23,1,0,0,0,0,0,0,0,1,0
raw,34,8,1,0,0,0,0,0,0,1,1,0
raw,203,41,1,1,0,0,0,0,1,0,7,0
raw,564,120,7,0,0,0,0,0,0,0,13,2
raw,329,72,3,2,0,0,0,0,0,3,14,1
raw,582,129,8,0,0,0,0,0,0,2,14,1
raw,117,27,1,0,0,0,0,0,0,0,4,0
raw,61,12,1,0,0,0,0,0,0,0,3,0
raw,147,34,1,0,0,0,0,0,0,0,7,0
raw,426,102,7,0,0,0,0,0,0,3,14,3
raw,712,137,4,0,0,0,0,0,0,3,102,0
raw,45,12,1,0,0,0,0,0,1,0,2,0
raw,908,206,9,3,0,0,0,0,0,2,32,2
raw,718,154,5,0,2,0,0,0,3,0,31,0
raw,62,13,1,0,0,0,0,0,0,0,3,0
raw,115,20,1,0,0,0,0,0,0,0,5,3
raw,427,103,3,0,1,0,0,0,1,1,13,3
raw,305,71,5,0,0,0,0,0,0,1,9,0
raw,215,40,4,4,0,0,0,0,4,1,9,3
raw,455,102,4,0,0,0,0,0,0,2,15,2
raw,307,69,7,0,1,0,0,0,0,0,7,0
raw,1058,183,9,5,0,0,0,0,0,0,108,1
raw,332,58,2,0,0,0,0,0,0,0,14,2
raw,858,183,8,4,0,0,0,0,1,0,17,6
raw,141,29,3,0,0,0,0,0,2,0,4,1
raw,499,122,5,0,1,0,0,0,3,2,14,2
raw,163,35,1,0,0,0,0,0,0,0,4,0
raw,234,53,6,0,0,0,0,0,0,0,6,2
raw,49,12,1,0,0,0,0,0,0,0,2,2
raw,1093,250,13,3,0,0,0,0,3,2,35,0
raw,121,25,4,0,0,0,0,0,0,0,4,0
raw,406,87,7,0,0,0,0,0,0,1,12,4
raw,421,101,7,0,0,0,0,0,0,1,5,4
raw,290,67,1,0,0,0,0,0,0,0,5,1
raw,113,33,2,0,0,0,0,0,1,1,2,1
raw,491,111,6,0,0,0,0,0,0,0,13,3
raw,194,40,3,0,2,0,0,0,2,1,13,0
raw,218,42,2,1,0,0,0,0,0,0,5,5
raw,307,71,7,4,0,0,0,0,0,1,13,0
raw,324,70,5,0,0,0,0,0,0,1,7,4
raw,361,80,7,0,0,0,0,0,0,1,8,3
raw,480,121,7,0,0,0,0,0,0,3,18,1
raw,311,60,5,0,0,0,0,0,0,0,8,7
raw,235,60,6,3,0,0,0,0,2,1,4,0
raw,542,118,5,1,0,0,0,0,1,0,26,2
raw,106,27,2,2,0,0,0,0,0,0,2,0
raw,112,25,2,0,1,0,0,0,0,1,5,0
raw,2190,492,25,6,2,0,0,0,0,16,79,10
raw,48,8,1,0,0,0,0,0,0,1,2,0
raw,610,145,3,2,0,0,0,0,0,5,14,2
raw,495,106,7,1,0,0,0,0,0,2,15,6
raw,377,87,3,0,0,0,0,0,0,1,6,2
raw,63,10,1,0,0,0,0,0,0,0,2,1
raw,84,19,3,0,0,0,0,0,0,0,5,3
raw,193,47,1,0,0,0,0,0,0,0,7,0
raw,212,47,1,0,0,0,0,0,1,0,7,0
raw,514,118,1,1,0,0,0,0,2,1,20,3
raw,453,91,8,0,0,0,0,0,2,1,19,3
raw,271,55,5,0,0,0,0,0,0,0,8,3
raw,463,107,7,2,0,0,0,0,0,0,8,6
raw,114,29,2,0,0,0,0,0,0,0,6,1
raw,158,39,5,0,0,0,0,0,1,1,6,0
raw,473,122,11,0,0,0,0,0,3,1,9,1
raw,525,121,4,0,0,0,0,0,0,2,18,6
raw,101,23,1,0,0,0,0,0,1,0,5,1
raw,312,64,2,0,0,0,0,0,0,1,11,2
raw,814,195,6,1,0,0,0,0,0,0,23,1
raw,63,15,1,0,0,0,0,0,0,1,7,0
raw,249,50,2,0,0,0,0,0,1,0,12,1
raw,274,63,6,0,0,0,0,0,0,1,9,0
raw,230,55,4,0,0,0,0,0,1,2,14,0
raw,323,77,5,0,0,0,0,0,0,4,14,1
raw,35,8,1,0,0,0,0,0,1,0,3,1
raw,85,19,1,0,0,0,0,0,0,0,5,1
raw,256,58,3,0,0,0,0,0,0,1,6,4
raw,129,28,1,0,0,0,0,0,0,0,3,2
raw,201,48,2,0,0,0,0,0,0,0,3,0
raw,497,117,6,1,0,0,0,0,0,0,22,3
raw,180,43,1,0,0,0,0,0,0,0,3,0
raw,88,16,1,0,0,0,0,0,0,0,3,2
raw,784,172,5,3,0,0,0,0,15,0,18,2
raw,466,108,8,0,0,0,0,0,0,1,11,0
raw,183,39,4,0,0,0,0,0,0,2,6,2
raw,138,29,2,0,0,0,0,0,1,0,2,0
raw,70,16,2,0,0,0,0,0,0,0,3,1
raw,850,178,6,0,1,0,0,0,1,2,30,3
raw,270,54,4,0,2,0,0,0,2,1,7,1
raw,167,31,1,0,0,0,0,0,0,1,7,4
raw,494,98,5,0,0,0,0,0,0,1,61,0
raw,352,86,6,0,0,0,0,0,0,1,11,0
raw,208,41,4,0,0,0,0,0,0,0,10,4
raw,514,109,6,0,0,0,0,0,0,0,21,0
raw,62,13,2,0,0,0,0,0,0,0,1,2
raw,266,58,4,0,0,0,0,0,0,0,6,3
raw,448,113,6,0,0,0,0,0,0,2,27,3
raw,132,28,1,0,1,0,0,0,0,0,2,1
raw,302,69,7,0,0,0,0,0,0,0,14,3
raw,1198,273,9,3,0,0,0,0,0,0,28,8
raw,224,50,2,2,0,0,0,0,2,0,8,1
raw,114,26,2,0,0,0,0,0,0,0,5,0
raw,430,86,6,0,0,0,0,0,0,1,8,3
raw,383,87,1,1,1,0,0,0,1,0,13,2
raw,762,167,2,0,0,0,0,0,0,0,18,6
raw,556,119,12,0,0,0,0,0,0,2,11,1
raw,209,47,3,2,0,0,0,0,0,0,7,1
raw,158,29,2,0,0,0,0,0,0,0,5,0
raw,512,124,5,2,0,0,0,0,2,0,19,0
raw,471,101,5,0,0,0,0,0,0,0,9,2
raw,951,217,12,1,1,0,0,0,0,4,36,4
raw,246,47,2,0,0,0,0,0,0,1,9,0
raw,75,12,1,0,0,0,0,0,0,0,2,1
raw,598,123,6,0,0,0,0,0,0,1,17,6
raw,288,62,3,0,0,0,0,0,0,0,10,2
raw,445,97,3,2,0,0,0,0,0,2,17,1
raw,544,113,5,1,1,0,0,0,0,3,19,1
raw,173,40,4,0,0,0,0,0,2,1,6,0
raw,1013,256,16,25,0,0,0,0,6,5,27,4
raw,184,42,4,0,0,0,0,0,0,0,3,1
raw,200,48,3,0,0,0,0,0,0,1,6,1
raw,18,6,2,0,0,0,0,0,0,0,2,0
raw,203,44,3,0,0,0,0,0,0,0,12,1
raw,247,58,5,0,0,0,0,0,0,1,13,2
raw,381,80,6,0,0,0,0,0,1,0,8,2
raw,183,44,4,0,0,0,0,0,0,0,5,2
raw,322,67,1,0,0,0,0,0,0,0,6,3
raw,397,81,12,0,0,0,0,0,0,1,9,1
raw,48,11,1,0,0,0,0,0,0,2,4,0
raw,917,202,10,0,1,0,0,0,0,1,13,3
raw,304,76,5,0,0,0,0,0,0,3,8,0
raw,160,41,2,0,0,0,0,0,0,0,6,0
raw,235,44,5,0,0,0,0,0,0,0,6,6
raw,489,105,4,0,3,0,0,0,0,0,11,1
raw,210,47,5,0,0,0,0,0,0,2,6,0
raw,181,39,3,0,1,0,0,0,1,1,5,1
raw,926,218,12,5,3,0,0,0,0,2,22,2
raw,70,13,2,0,0,0,0,0,0,0,2,1
raw,730,154,5,0,1,0,0,0,0,0,21,3
raw,1731,390,18,2,9,0,0,0,8,9,73,3
raw,94,25,2,0,0,0,0,0,0,2,3,0
raw,164,39,3,0,0,0,0,0,0,0,4,3
raw,46,12,2,0,0,0,0,0,0,0,0,0
raw,405,91,8,0,0,0,0,0,1,1,18,2
raw,203,44,4,0,0,0,0,0,0,0,10,2
raw,67,14,3,0,0,0,0,0,0,0,2,1
raw,240,50,4,0,0,0,0,0,0,0,5,0
raw,63,14,4,0,0,0,0,0,1,0,2,0
raw,958,200,12,0,0,0,0,0,1,0,18,6
raw,588,139,4,0,1,0,0,0,0,5,20,0
raw,817,186,10,3,0,0,0,0,1,2,10,4
raw,493,90,2,0,0,0,0,0,0,0,8,0
raw,177,47,2,0,0,0,0,0,0,0,8,0
raw,338,79,1,3,0,0,0,0,0,0,7,0
raw,510,109,6,0,0,0,0,0,0,2,11,4
raw,61,13,1,1,0,0,0,0,0,0,0,1
raw,378,78,2,1,0,0,0,0,0,5,11,0
raw,264,58,6,0,0,0,0,0,0,1,2,1
raw,159,32,4,0,0,0,0,0,0,0,3,1
raw,869,186,5,5,3,0,0,0,0,1,20,2
raw,135,31,3,0,0,0,0,0,0,0,3,3
raw,104,23,1,0,0,0,0,0,0,1,3,1
raw,762,181,7,3,2,0,0,0,3,3,23,2
raw,278,62,6,0,0,0,0,0,1,1,11,1
raw,448,105,4,2,0,0,0,0,0,5,22,0
raw,587,131,5,5,0,0,0,0,0,5,11,6
raw,34,10,1,0,0,0,0,0,0,0,2,0
raw,154,22,1,0,0,0,0,0,0,0,8,0
raw,129,26,3,0,0,0,0,0,0,1,6,2
raw,665,157,4,3,3,0,0,0,2,2,18,6
raw,309,68,7,0,0,0,0,0,0,0,9,1
raw,503,118,7,0,0,0,0,0,0,6,14,0
raw,96,23,3,0,0,0,0,0,0,0,4,2
raw,142,26,2,0,0,0,0,0,0,0,3,1
raw,1169,280,12,0,0,0,0,0,0,5,18,1
raw,443,95,5,0,1,0,0,0,1,3,8,2
raw,479,108,6,0,1,0,0,0,0,1,20,1
raw,467,104,6,1,0,0,0,0,0,1,7,5
raw,1082,266,3,0,2,0,0,0,0,1,32,1
raw,428,96,3,0,0,0,0,0,0,1,10,8
raw,1102,219,3,0,0,0,0,0,0,0,27,1
raw,570,128,8,0,1,0,0,0,0,0,20,1
raw,349,68,2,0,0,0,0,0,0,1,12,0
raw,139,34,1,0,0,0,0,0,1,0,3,1
raw,500,119,8,0,0,0,0,0,3,1,14,1
raw,307,74,2,6,0,0,0,0,1,0,9,1
raw,778,173,7,1,0,0,0,0,5,2,39,3
raw,178,41,2,0,0,0,0,0,0,2,7,2
raw,512,111,5,0,0,0,0,0,0,0,12,5
raw,206,49,2,0,0,0,0,0,0,3,4,0
raw,437,104,6,1,0,0,0,0,1,1,10,5
raw,111,23,2,0,0,0,0,0,0,0,2,2
raw,5,1,1,0,0,0,0,0,0,0,0,0
raw,806,163,11,1,0,0,0,0,3,0,38,3
raw,157,34,3,0,0,0,0,0,0,0,1,0
raw,1035,249,17,0,0,0,0,0,0,6,24,13
raw,50,13,1,0,0,0,0,0,0,0,1,0
raw,229,51,3,1,0,0,0,0,1,0,10,2
raw,305,56,5,5,0,0,0,0,0,0,10,4
raw,156,37,5,0,0,0,0,0,0,0,6,4
raw,643,152,1,2,2,0,0,0,1,3,29,2
raw,46,11,1,1,0,0,0,0,1,0,1,0
raw,891,220,5,5,0,0,0,0,2,2,41,0
raw,735,151,9,0,1,0,0,0,1,0,23,2
raw,1040,251,8,0,1,0,0,0,1,6,36,2
raw,290,65,5,0,0,0,0,0,0,0,5,1
raw,762,180,8,3,1,0,0,0,2,1,32,0
raw,107,28,3,0,1,0,0,0,0,0,6,0
raw,538,130,9,0,1,0,0,0,1,2,10,5
raw,101,22,3,1,0,0,0,0,0,0,2,3
raw,2722,517,5,9,1,0,0,0,1,4,478,0
raw,512,112,5,0,0,0,0,0,0,1,9,1
raw,586,127,5,3,0,0,0,0,1,4,16,3
raw,279,59,3,0,1,0,0,0,1,1,12,2
raw,398,84,9,0,1,0,0,0,1,1,15,0
raw,265,61,5,0,0,0,0,0,3,0,6,1
raw,335,85,5,0,1,0,0,0,0,3,17,0
raw,912,201,16,0,0,0,0,0,0,1,24,3
raw,575,134,9,0,1,0,0,0,0,1,10,1
raw,12,2,1,0,0,0,0,0,0,0,0,0
raw,476,105,8,0,0,0,0,0,0,0,9,1
raw,457,97,6,0,0,0,0,0,0,1,17,2
raw,383,85,3,0,0,0,0,0,0,0,10,2
raw,147,36,2,0,0,0,0,0,0,0,8,0
raw,225,48,3,0,0,0,0,0,0,0,6,1
raw,47,11,1,0,0,0,0,0,0,0,2,0
raw,149,37,3,0,0,0,0,0,0,0,6,3
raw,319,73,8,0,0,0,0,0,2,0,8,2
raw,216,51,2,0,0,0,0,0,0,4,5,0
raw,127,23,2,0,0,0,0,0,0,0,2,0
raw,72,19,1,0,1,0,0,0,0,0,3,1
raw,113,28,2,0,0,0,0,0,0,0,9,2
raw,305,73,4,0,1,0,0,0,2,1,9,0
raw,1115,242,13,3,0,0,0,0,1,1,35,2
raw,736,155,11,0,0,0,0,0,0,1,18,3
raw,395,81,4,0,0,0,0,0,0,1,14,1
raw,225,48,2,0,0,0,0,0,0,0,5,0
raw,1213,285,6,9,0,0,0,0,6,0,24,9
raw,672,155,10,1,0,0,0,0,5,4,21,3
raw,481,100,6,0,0,0,0,0,0,0,15,1
raw,409,95,1,2,1,0,0,0,1,2,8,2
raw,154,28,2,1,0,0,0,0,0,0,2,2
raw,97,18,1,0,0,0,0,0,0,2,3,0
raw,332,82,4,0,0,0,0,0,0,0,13,0
raw,4,1,1,0,0,0,0,0,0,0,1,0
raw,651,136,7,0,1,0,0,0,1,0,26,4
raw,172,36,2,0,0,0,0,0,0,1,14,0
raw,120,25,1,0,0,0,0,0,0,0,4,1
raw,631,130,9,1,0,0,0,0,0,2,23,5
raw,164,34,3,0,0,0,0,0,0,0,3,0
raw,307,74,5,0,0,0,0,0,1,0,9,1
raw,154,33,4,1,0,0,0,0,0,0,7,2
raw,100,22,1,1,0,0,0,0,0,0,3,1
raw,106,24,2,1,0,0,0,0,1,0,2,0
raw,564,131,1,0,0,0,0,0,0,0,10,4
raw,58,12,1,0,0,0,0,0,1,0,4,0
raw,93,23,3,0,0,0,0,0,0,0,1,2
raw,561,129,3,0,1,0,0,0,3,7,19,4
raw,405,76,3,0,0,0,0,0,0,1,12,3
raw,4,1,1,0,0,0,0,0,0,0,1,0
raw,363,68,2,0,0,0,0,0,0,0,9,2
raw,831,198,5,4,1,0,0,0,0,3,26,5
raw,540,124,12,0,0,0,0,0,0,0,17,4
raw,804,201,15,2,0,0,0,0,0,5,30,1
raw,364,86,1,0,3,0,0,0,1,4,11,2
raw,211,49,5,0,0,0,0,0,0,0,3,1
raw,519,123,2,0,4,0,0,0,2,0,16,0
raw,165,36,3,2,0,0,0,0,2,0,5,1
raw,572,127,7,0,0,0,0,0,1,3,24,4
raw,479,100,6,0,0,0,0,0,1,4,26,1
raw,464,114,6,0,0,0,0,0,0,12,18,0
raw,408,92,7,0,0,0,0,0,1,0,11,2
raw,229,50,2,1,0,0,0,0,0,1,9,1
raw,780,173,7,0,0,0,0,0,0,1,23,1
raw,106,27,3,0,0,0,0,0,0,0,3,0
raw,423,99,1,2,0,0,0,0,0,1,10,1
raw,296,68,2,2,0,0,0,0,0,0,7,2
raw,428,94,2,1,0,0,0,0,0,0,10,3
raw,205,44,3,0,2,0,0,0,0,2,7,0
raw,169,42,6,0,0,0,0,0,0,1,1,0
raw,690,150,12,0,1,0,0,0,1,0,22,3
raw,319,62,6,0,0,0,0,0,0,0,12,1
raw,290,70,4,1,1,0,0,0,0,0,10,1
raw,415,94,5,0,0,0,0,0,0,1,10,2
raw,185,43,2,0,0,0,0,0,0,3,4,0
raw,281,67,5,0,0,0,0,0,0,1,8,1
raw,1196,285,4,3,7,0,0,0,1,7,32,9
raw,203,50,2,0,0,0,0,0,0,0,5,0
raw,82,21,3,0,0,0,0,0,0,0,2,0
raw,390,87,2,1,0,0,0,0,3,3,13,5
raw,149,39,1,3,0,0,0,0,2,0,6,2
raw,490,115,7,5,0,0,0,0,1,2,13,5
raw,506,101,2,0,0,0,0,0,0,0,13,2
raw,446,109,7,0,0,0,0,0,0,0,3,4
raw,107,24,2,0,0,0,0,0,0,1,7,0
raw,168,39,4,0,0,0,0,0,0,0,11,3
raw,51,12,1,0,0,0,0,0,0,0,0,0
raw,41,11,1,1,0,0,0,0,0,1,3,0
raw,441,98,5,1,2,0,0,0,1,0,11,1
raw,520,137,7,0,3,0,0,0,1,4,27,0
raw,128,27,1,0,0,0,0,0,0,0,2,0
raw,21,6,1,0,0,0,0,0,0,0,1,0
raw,151,37,3,0,1,0,0,0,0,0,3,1
raw,457,91,5,0,0,0,0,0,0,0,75,0
raw,116,28,3,0,0,0,0,0,0,0,3,1
raw,136,29,1,0,0,0,0,0,0,1,6,0
raw,423,91,5,0,0,0,0,0,0,1,11,6
raw,578,136,3,0,1,0,0,0,2,3,30,2
raw,510,117,6,0,0,0,0,0,0,4,17,1
raw,64,19,3,0,0,0,0,0,1,0,1,0
raw,830,194,9,0,0,0,0,0,1,1,22,4
raw,124,27,2,0,0,0,0,0,0,1,3,1
raw,110,23,3,0,0,0,0,0,0,0,4,2
raw,151,25,5,0,0,0,0,0,0,0,4,0
raw,253,56,3,0,0,0,0,0,0,0,6,0
raw,112,26,1,0,0,0,0,0,0,1,6,0
raw,14,4,1,0,0,0,0,0,0,0,1,0
raw,84,22,3,0,0,0,0,0,0,0,4,0
raw,108,26,2,0,0,0,0,0,0,2,8,0
raw,406,82,7,0,0,0,0,0,1,0,14,0
raw,581,139,7,1,0,0,0,0,1,5,20,2
raw,1366,322,15,0,0,0,0,0,1,6,65,2
raw,155,30,4,0,0,0,0,0,0,0,4,0
raw,446,98,2,0,0,0,0,0,0,1,17,1
raw,465,86,1,0,0,0,0,0,0,1,9,1
raw,70,14,1,0,0,0,0,0,0,0,3,0
raw,382,92,5,0,1,0,0,0,1,1,11,2
raw,177,34,1,0,0,0,0,0,0,0,6,4
raw,42,12,1,1,0,0,0,0,0,1,2,1
raw,684,155,5,2,0,0,0,0,2,0,23,0
raw,983,223,7,3,0,0,0,0,1,16,12,1
raw,121,26,3,1,0,0,0,0,0,0,2,0
raw,97,26,3,0,0,0,0,0,0,0,3,0
raw,171,42,5,0,1,0,0,0,0,0,5,0
raw,123,27,2,3,0,0,0,0,0,0,3,1
raw,407,92,8,0,0,0,0,0,0,0,19,0
raw,522,134,9,0,0,0,0,0,0,1,11,3
raw,384,90,4,0,0,0,0,0,0,1,8,3
raw,369,81,6,0,0,0,0,0,0,0,16,0
raw,389,94,6,1,0,0,0,0,1,1,8,0
raw,72,11,1,0,0,0,0,0,0,0,4,0
raw,63,13,1,0,0,0,0,0,0,0,3,0
raw,209,50,5,0,1,0,0,0,0,1,6,0
raw,328,73,3,1,1,0,0,0,0,1,10,3
raw,364,87,7,0,0,0,0,0,0,5,21,0
raw,458,101,3,0,1,0,0,0,0,0,10,0
raw,829,201,9,2,3,0,0,0,3,1,28,3
raw,55,13,1,0,0,0,0,0,1,1,2,1
raw,205,49,4,0,0,0,0,0,0,2,7,0
raw,126,35,2,0,0,0,0,0,1,0,5,0
raw,111,24,1,0,0,0,0,0,0,1,5,0
raw,300,69,5,0,0,0,0,0,0,0,11,1
raw,269,63,3,0,0,0,0,0,0,0,26,0
raw,439,99,4,0,0,0,0,0,0,0,16,0
raw,880,198,12,0,0,0,0,0,2,0,16,3
raw,512,122,3,0,3,0,0,0,0,4,15,0
raw,183,44,2,0,0,0,0,0,0,0,9,0
raw,559,131,3,0,0,0,0,0,0,6,31,3
raw,412,82,6,0,0,0,0,0,0,0,14,5
raw,473,103,4,2,0,0,0,0,1,1,6,6
raw,90,24,1,0,0,0,0,0,0,0,1,0
raw,213,53,1,1,0,0,0,0,0,2,11,1
raw,468,115,6,0,1,0,0,0,1,2,16,1
raw,312,78,5,0,0,0,0,0,1,0,3,0
raw,347,69,4,0,2,0,0,0,1,0,5,3
raw,1540,360,17,11,0,0,0,0,3,4,46,3
raw,108,27,2,0,0,0,0,0,0,0,8,0
raw,405,97,5,0,0,0,0,0,0,3,10,3
raw,103,23,2,1,0,0,0,0,2,1,0,2
raw,460,97,9,0,0,0,0,0,1,0,8,6
raw,457,108,9,0,0,0,0,0,0,2,24,2
raw,469,107,7,0,0,0,0,0,0,4,12,2
raw,1556,331,8,7,0,0,0,0,0,3,47,7
raw,260,49,1,0,0,0,0,0,0,0,8,0
raw,333,73,5,1,1,0,0,0,0,0,10,1
raw,87,23,5,0,0,0,0,0,0,1,4,0
raw,253,57,4,4,0,0,0,0,1,1,12,0
raw,2732,617,21,0,2,0,0,0,0,3,69,5
raw,341,76,6,2,0,0,0,0,0,0,11,0
raw,545,132,10,5,0,0,0,0,0,3,12,3
raw,234,54,4,0,0,0,0,0,0,0,8,0
raw,65,12,1,0,0,0,0,0,0,0,3,0
raw,194,43,1,1,0,0,0,0,1,5,7,0
raw,1423,323,17,0,0,0,0,0,1,1,31,3
raw,128,32,1,4,0,0,0,0,2,0,1,2
raw,182,39,3,0,0,0,0,0,0,1,6,1
raw,346,86,10,0,0,0,0,0,3,1,12,2
raw,822,181,9,1,2,0,0,0,1,3,27,0
raw,282,61,4,0,0,0,0,0,0,0,7,1
raw,327,78,7,0,0,0,0,0,0,1,4,1
raw,512,111,5,0,1,0,0,0,1,1,18,0
raw,148,31,3,0,0,0,0,0,0,0,8,1
raw,1205,258,12,4,0,0,0,0,0,1,32,5
raw,220,43,3,2,0,0,0,0,0,0,10,0
raw,107,20,1,0,0,0,0,0,0,0,2,0
raw,143,37,4,0,0,0,0,0,0,0,1,2
raw,57,15,1,0,0,0,0,0,0,0,2,0
raw,582,133,9,1,0,0,0,0,0,1,18,0
raw,435,90,5,0,0,0,0,0,0,3,24,2
raw,262,69,9,1,0,0,0,0,0,3,11,4
raw,346,77,10,0,0,0,0,0,0,5,10,1
raw,579,113,4,0,5,0,0,0,3,0,22,1
raw,510,112,5,0,2,0,0,0,0,1,11,3
raw,0,0,0,0,0,0,0,0,0,0,0,0
raw,524,113,10,0,0,0,0,0,0,0,12,6
raw,458,110,5,2,0,0,0,0,0,0,15,1
raw,700,155,2,3,0,0,0,0,0,1,24,1
raw,343,68,2,2,0,0,0,0,1,1,15,3
raw,313,67,1,1,0,0,0,0,1,2,11,2
raw,345,73,2,2,0,0,0,0,0,0,9,2
raw,1051,218,12,0,0,0,0,0,1,0,33,3
raw,123,30,1,0,1,0,0,0,0,0,5,1
raw,166,33,4,1,0,0,0,0,1,1,6,3
raw,297,76,1,0,0,0,0,0,1,1,9,0
raw,319,78,7,0,0,0,0,0,0,1,19,2
raw,887,194,11,0,0,0,0,0,0,9,24,4
raw,2448,529,28,14,0,0,0,0,2,4,59,9
raw,1165,267,13,0,0,0,0,0,2,3,36,2
raw,553,136,5,0,2,0,0,0,1,4,13,3
raw,423,97,6,0,0,0,0,0,0,0,8,0
raw,1579,351,15,6,0,0,0,0,2,1,43,5
raw,310,57,4,0,0,0,0,0,0,0,8,3
raw,208,45,3,2,0,0,0,0,2,0,3,1
raw,585,131,10,0,1,0,0,0,0,0,22,1
raw,167,34,1,0,1,0,0,0,0,2,6,0
raw,145,32,2,0,0,0,0,0,0,0,3,2
raw,790,184,10,0,1,0,0,0,0,2,37,3
raw,68,13,1,0,0,0,0,0,0,0,5,0
raw,1010,240,11,0,0,0,0,0,1,1,47,0
raw,203,48,3,0,0,0,0,0,0,1,9,0
raw,114,30,4,0,1,0,0,0,0,0,5,1
raw,202,46,3,0,0,0,0,0,0,0,5,2
raw,106,22,2,2,0,0,0,0,0,0,3,1
raw,521,113,7,0,0,0,0,0,2,2,16,6
raw,241,50,1,0,1,0,0,0,1,1,8,3
raw,258,64,6,2,0,0,0,0,1,2,7,0
raw,113,26,3,0,0,0,0,0,0,0,2,1
raw,279,63,6,0,0,0,0,0,0,0,9,0
raw,116,34,3,0,0,0,0,0,0,0,3,1
raw,562,125,9,0,0,0,0,0,0,0,24,0
raw,316,72,3,2,0,0,0,0,0,2,11,0
raw,666,148,5,1,0,0,0,0,0,3,24,1
raw,185,39,1,0,1,0,0,0,1,1,7,0
raw,954,224,14,1,0,0,0,0,0,10,49,3
raw,194,38,2,0,0,0,0,0,0,0,5,3
raw,497,107,11,0,0,0,0,0,0,0,4,2
raw,288,66,5,0,0,0,0,0,0,1,9,2
raw,1455,367,11,1,3,0,0,0,4,3,34,4
raw,536,118,6,0,1,0,0,0,0,0,17,5
raw,885,194,6,7,0,0,0,0,2,0,26,2
raw,1701,331,3,3,0,0,0,0,0,0,224,0
raw,123,28,3,0,0,0,0,0,1,0,5,1
raw,215,49,4,0,0,0,0,0,0,0,3,1
raw,351,74,1,0,0,0,0,0,0,0,12,2
raw,112,25,1,0,0,0,0,0,2,0,4,0
raw,475,108,6,0,0,0,0,0,1,0,16,0
raw,803,189,6,2,0,0,0,0,0,0,24,1
raw,111,23,1,0,0,0,0,0,0,0,3,2
raw,196,47,3,0,0,0,0,0,1,2,11,1
raw,350,66,4,0,0,0,0,0,0,1,7,2
raw,421,89,6,0,0,0,0,0,1,0,12,7
raw,101,16,2,0,0,0,0,0,0,0,4,1
raw,91,19,2,0,1,0,0,0,0,0,3,1
raw,243,54,3,0,1,0,0,0,1,1,4,1
raw,725,169,8,0,0,0,0,0,1,8,24,1
raw,39,9,1,0,0,0,0,0,0,1,3,0
raw,114,26,2,1,0,0,0,0,0,0,5,1
raw,295,69,2,0,1,0,0,0,2,0,7,2
raw,581,131,6,0,0,0,0,0,1,0,15,1
raw,474,107,7,0,1,0,0,0,1,1,10,1
raw,133,32,3,0,0,0,0,0,0,0,6,2
raw,963,219,21,6,0,0,0,0,0,2,20,4
raw,873,212,17,0,1,0,0,0,1,5,24,5
raw,375,94,4,0,0,0,0,0,0,3,10,0
raw,203,39,2,0,0,0,0,0,0,2,6,0
raw,461,110,7,2,1,0,0,0,1,2,6,1
raw,260,72,5,1,1,0,0,0,0,3,8,0
raw,269,60,7,1,0,0,0,0,0,1,7,3
raw,35,11,2,1,0,0,0,0,1,1,1,0
raw,90,27,1,0,0,0,0,0,1,3,5,0
raw,325,75,4,0,0,0,0,0,0,2,7,2
raw,28,3,1,0,0,0,0,0,0,0,0,2
raw,538,129,6,2,1,0,0,0,4,2,16,12
raw,187,45,1,0,0,0,0,0,0,0,10,0
raw,172,40,2,0,0,0,0,0,0,1,4,0
raw,461,108,8,0,0,0,0,0,0,0,14,1
raw,237,53,6,0,0,0,0,0,0,0,9,0
raw,249,55,3,0,1,0,0,0,0,0,23,0
raw,139,28,1,0,2,0,0,0,2,0,4,0
raw,453,84,3,0,1,0,0,0,0,1,16,3
raw,98,24,1,0,0,0,0,0,1,1,3,0
raw,655,160,3,0,1,0,0,0,0,1,17,2
raw,116,29,3,0,0,0,0,0,0,1,4,0
raw,447,109,8,1,0,0,0,0,1,0,8,0
raw,32,6,1,1,0,0,0,0,1,0,3,0
raw,14,2,1,0,0,0,0,0,0,0,2,0
raw,59,14,1,0,0,0,0,0,0,0,4,0
raw,85,19,2,0,0,0,0,0,0,1,5,0
raw,455,88,6,0,0,0,0,0,0,0,13,5
raw,151,36,4,0,0,0,0,0,0,0,2,2
raw,155,37,3,0,0,0,0,0,0,0,6,1
raw,258,59,1,0,0,0,0,0,0,0,9,0
raw,132,28,3,0,0,0,0,0,0,0,4,1
raw,546,135,5,0,4,0,0,0,0,8,31,0
raw,613,115,4,0,0,0,0,0,0,0,18,6
raw,742,163,14,0,1,0,0,0,0,1,16,4
raw,210,49,1,0,1,0,0,0,0,0,4,3
raw,679,152,9,0,0,0,0,0,3,1,25,1
raw,709,156,9,0,1,0,0,0,0,1,16,1
raw,407,89,2,0,0,0,0,0,0,2,17,0
raw,231,49,4,0,0,0,0,0,0,0,4,1
raw,83,19,2,0,0,0,0,0,0,0,2,0
raw,905,205,6,0,1,0,0,0,1,7,28,6
raw,360,85,1,0,2,0,0,0,2,0,10,0
raw,149,31,1,0,0,0,0,0,0,0,6,1
raw,312,74,2,0,0,0,0,0,0,1,6,0
raw,211,54,3,1,0,0,0,0,0,0,2,0
raw,183,39,4,0,0,0,0,0,0,0,7,0
raw,81,20,3,0,0,0,0,0,0,0,5,0
raw,640,122,7,0,0,0,0,0,0,2,12,4
raw,193,38,1,0,0,0,0,0,0,0,4,1
raw,362,78,3,0,0,0,0,0,0,4,9,2
raw,171,41,2,1,0,0,0,0,0,0,6,0
raw,572,139,3,4,0,0,0,0,2,3,19,0
raw,1003,230,8,4,0,0,0,0,0,2,40,7
raw,68,13,2,0,0,0,0,0,0,0,1,0
raw,716,165,10,0,0,0,0,0,0,5,34,0
raw,50,12,1,1,0,0,0,0,0,1,4,0
raw,69,14,1,0,1,0,0,0,0,0,2,0
raw,291,70,8,0,0,0,0,0,0,2,7,3
raw,193,45,4,0,0,0,0,0,0,0,5,0
raw,355,92,6,2,0,0,0,0,0,1,14,0
raw,217,51,2,0,0,0,0,0,0,2,9,1
raw,588,120,5,0,1,0,0,0,0,5,22,1
raw,508,118,10,0,0,0,0,0,0,1,12,2
raw,574,129,7,0,0,0,0,0,2,4,18,4
raw,69,14,1,0,0,0,0,0,0,0,7,0
raw,160,31,1,0,3,0,0,0,0,0,1,0
raw,184,38,5,0,0,0,0,0,0,3,4,2
raw,157,31,2,0,1,0,0,0,1,1,4,1
raw,194,43,2,0,0,0,0,0,1,0,6,1
raw,118,28,4,0,0,0,0,0,0,0,3,1
raw,71,16,2,1,0,0,0,0,1,0,2,0
raw,63,15,1,1,0,0,0,0,0,0,4,0
raw,640,152,8,2,0,0,0,0,0,0,20,4
raw,956,211,9,2,0,0,0,0,0,1,17,11
raw,122,27,3,0,0,0,0,0,0,0,2,3
raw,171,40,4,0,0,0,0,0,1,1,4,0
raw,142,36,3,0,0,0,0,0,0,1,5,0
raw,795,172,7,0,0,0,0,0,0,2,11,2
raw,611,149,7,0,2,0,0,0,1,3,15,4
raw,632,141,5,0,2,0,0,0,2,2,22,1
raw,414,85,4,0,2,0,0,0,0,2,24,2
raw,108,24,1,0,0,0,0,0,0,2,3,1
raw,366,81,5,0,0,0,0,0,0,1,16,2
raw,160,27,1,0,0,0,0,0,0,0,6,3
raw,691,169,10,0,2,0,0,0,1,4,25,0
raw,55,13,3,0,0,0,0,0,0,0,1,1
raw,319,78,2,0,1,0,0,0,0,0,13,2
raw,177,44,2,1,0,0,0,0,1,1,7,0
raw,106,24,1,0,1,0,0,0,0,1,4,1
raw,308,68,6,0,0,0,0,0,1,1,9,0
raw,251,66,5,0,0,0,0,0,0,3,8,0
raw,2097,476,18,0,9,0,0,0,7,7,62,9
raw,368,88,4,5,1,0,0,0,1,1,20,1
raw,308,73,3,0,1,0,0,0,2,1,8,1
raw,613,130,12,0,0,0,0,0,0,1,20,6
raw,330,76,5,0,1,0,0,0,1,0,12,0
raw,73,17,1,0,0,0,0,0,0,0,3,1
raw,390,83,4,0,1,0,0,0,0,1,15,4
raw,293,75,3,1,0,0,0,0,0,0,7,1
raw,40,7,1,0,0,0,0,0,0,0,1,1
raw,687,157,11,0,2,0,0,0,0,1,15,7
raw,464,118,7,1,0,0,0,0,4,1,21,2
raw,439,84,5,0,0,0,0,0,1,1,10,2
raw,112,25,4,0,0,0,0,0,0,0,1,0
raw,244,52,3,1,0,0,0,0,1,0,7,0
raw,9,2,1,0,0,0,0,0,0,0,0,0
raw,1152,257,9,3,0,0,0,0,2,3,22,2
raw,635,132,4,0,0,0,0,0,0,0,26,5
raw,588,146,13,0,0,0,0,0,0,0,17,3
raw,55,15,3,0,0,0,0,0,0,0,3,0
raw,1520,321,12,0,0,0,0,0,0,3,39,7
raw,227,50,7,1,0,0,0,0,1,0,8,2
raw,870,195,6,3,0,0,0,0,0,2,13,4
raw,325,73,4,0,0,0,0,0,2,0,15,4
raw,442,105,6,0,0,0,0,0,0,0,14,4
raw,452,102,6,0,0,0,0,0,0,0,17,4
raw,552,139,3,2,1,0,0,0,0,2,13,1
raw,82,17,2,0,0,0,0,0,0,0,1,2
raw,993,228,15,0,1,0,0,0,1,1,31,0
raw,561,102,5,6,0,0,0,0,4,0,22,0
raw,443,100,4,0,0,0,0,0,0,0,11,2
raw,338,75,7,0,0,0,0,0,0,0,9,0
raw,401,95,6,0,0,0,0,0,0,3,19,0
raw,445,95,4,0,0,0,0,0,0,0,15,1
raw,178,45,5,0,0,0,0,0,2,0,4,1
raw,273,65,6,0,0,0,0,0,0,1,7,0
raw,208,50,2,0,0,0,0,0,1,2,4,0
raw,156,35,1,1,0,0,0,0,0,0,3,0
raw,415,87,1,0,2,0,0,0,1,4,17,0
raw,5,1,1,0,0,0,0,0,0,0,0,0
raw,317,75,5,0,0,0,0,0,1,1,7,3
raw,59,17,2,0,0,0,0,0,0,0,2,0
raw,198,32,1,0,0,0,0,0,0,0,3,1
raw,348,71,5,1,0,0,0,0,0,1,9,2
raw,202,38,3,0,0,0,0,0,0,0,6,2
raw,360,87,6,0,0,0,0,0,0,1,17,1
raw,205,41,4,0,1,0,0,0,0,0,5,4
raw,144,36,1,1,0,0,0,0,0,2,8,0
raw,176,44,1,0,0,0,0,0,0,0,9,0
raw,392,93,1,1,0,0,0,0,0,0,9,0
raw,76,14,1,0,0,0,0,0,1,0,3,0
raw,714,168,14,0,0,0,0,0,0,0,24,3
raw,177,33,4,0,0,0,0,0,0,0,5,2
raw,113,26,1,0,0,0,0,0,0,0,4,1
raw,82,18,2,0,2,0,0,0,0,0,5,0
raw,710,156,11,0,0,0,0,0,0,0,16,2
raw,191,45,2,0,1,0,0,0,0,1,3,0
raw,93,19,1,0,0,0,0,0,0,0,3,2
raw,71,19,1,0,0,0,0,0,0,0,5,1
raw,61,12,1,0,0,0,0,0,0,0,2,2
raw,217,50,6,0,0,0,0,0,0,0,5,1
raw,271,63,2,0,1,0,0,0,0,1,11,0
raw,77,17,2,0,0,0,0,0,0,0,1,0
raw,457,102,5,0,0,0,0,0,0,0,15,2
raw,403,90,8,1,0,0,0,0,0,4,12,0
raw,372,90,7,0,0,0,0,0,0,3,15,1
raw,409,92,5,2,0,0,0,0,0,1,11,1
raw,370,83,8,0,0,0,0,0,0,0,12,5
raw,500,112,5,5,0,0,0,0,0,6,13,1
raw,81,19,2,0,0,0,0,0,0,0,2,1
raw,193,50,3,0,0,0,0,0,1,5,9,1
raw,137,31,4,0,0,0,0,0,0,0,1,0
raw,71,16,1,0,0,0,0,0,0,0,3,2
raw,335,67,5,0,0,0,0,0,0,1,12,0
raw,69,16,3,1,0,0,0,0,1,0,2,0
raw,499,110,8,1,0,0,0,0,0,2,13,3
raw,665,145,7,0,0,0,0,0,0,0,17,3
raw,193,47,2,0,0,0,0,0,0,0,10,0
raw,335,77,6,0,0,0,0,0,0,0,9,2
raw,51,9,1,0,0,0,0,0,0,0,1,2
raw,63,14,1,0,0,0,0,0,0,0,0,0
raw,310,75,4,0,0,0,0,0,0,1,6,3
raw,1121,218,6,2,0,0,0,0,0,0,164,0
raw,127,29,2,0,0,0,0,0,0,0,4,0
raw,104,19,1,1,0,0,0,0,2,1,9,1
raw,465,106,4,1,0,0,0,0,0,2,19,2
raw,516,115,10,0,1,0,0,0,2,0,13,4
raw,749,179,3,0,2,0,0,0,0,3,21,3
raw,547,120,3,0,2,0,0,0,1,4,18,5
raw,365,86,3,0,2,0,0,0,1,3,5,2
raw,351,82,6,2,0,0,0,0,1,2,9,0
raw,943,201,11,0,0,0,0,0,1,2,32,1
raw,160,36,4,2,0,0,0,0,0,1,8,0
raw,1079,246,16,0,1,0,0,0,2,0,31,3
raw,180,39,3,1,0,0,0,0,0,2,8,1
raw,816,178,6,3,0,0,0,0,1,0,24,3
raw,139,29,2,0,0,0,0,0,1,0,6,0
raw,983,231,17,0,0,0,0,0,2,1,29,1
raw,215,51,5,0,0,0,0,0,2,2,7,2
raw,137,30,3,0,0,0,0,0,0,0,6,1
raw,502,110,6,0,0,0,0,0,0,0,18,3
raw,102,22,1,0,0,0,0,0,0,0,3,1
raw,386,91,7,0,0,0,0,0,0,0,14,4
raw,1559,348,16,2,0,0,0,0,8,12,58,1
raw,403,73,2,1,0,0,0,0,2,1,12,0
raw,165,32,6,0,0,0,0,0,0,0,4,3
raw,615,118,7,1,0,0,0,0,1,1,21,1
raw,522,130,3,0,4,0,0,0,0,0,15,1
raw,602,136,3,0,0,0,0,0,0,2,35,1
raw,627,132,5,0,0,0,0,0,0,1,13,5
raw,382,88,6,0,1,0,0,0,0,5,11,0
raw,208,50,4,1,0,0,0,0,0,0,9,2
raw,623,143,7,1,0,0,0,0,1,0,14,5
raw,653,143,9,0,0,0,0,0,0,0,17,2
raw,693,168,9,0,0,0,0,0,0,1,22,0
raw,751,185,7,0,1,0,0,0,1,2,21,3
raw,55,13,2,0,0,0,0,0,0,0,3,1
raw,453,111,6,0,0,0,0,0,0,3,17,0
raw,209,53,5,0,0,0,0,0,1,0,4,2
raw,307,71,6,0,1,0,0,0,0,0,8,0
raw,12,2,1,0,0,0,0,0,0,0,1,0
raw,681,165,9,1,0,0,0,0,0,1,15,6
raw,450,103,4,6,0,0,0,0,1,1,13,4
raw,14,2,1,0,0,0,0,0,0,0,1,0
raw,541,139,11,1,0,0,0,0,2,0,11,0
raw,363,80,8,0,0,0,0,0,0,0,14,3
raw,1019,245,14,0,2,0,0,0,3,1,29,0
raw,317,70,5,0,1,0,0,0,0,1,10,2
raw,112,24,1,0,1,0,0,0,0,1,3,0
raw,219,44,1,0,0,0,0,0,1,0,7,2
raw,156,36,3,0,0,0,0,0,0,0,6,0
raw,161,37,1,0,0,0,0,0,0,0,6,1
raw,100,23,1,0,0,0,0,0,0,0,4,0
raw,465,99,5,0,1,0,0,0,2,0,12,0
raw,175,44,1,0,0,0,0,0,0,1,4,2
raw,171,39,2,0,1,0,0,0,2,0,5,0
raw,154,27,2,0,0,0,0,0,0,0,5,0
raw,141,38,5,0,0,0,0,0,0,1,6,0
raw,398,79,4,0,0,0,0,0,1,1,30,3
raw,169,34,3,0,0,0,0,0,0,0,2,3
raw,602,137,5,0,3,0,0,0,2,1,17,1
raw,203,52,1,0,1,0,0,0,0,0,7,0
raw,146,30,1,0,0,0,0,0,0,1,4,3
raw,102,23,2,0,1,0,0,0,0,0,4,0
raw,304,71,4,0,0,0,0,0,0,1,5,1
raw,148,37,1,0,0,0,0,0,0,1,4,0
raw,547,116,6,0,0,0,0,0,0,2,12,8
raw,954,199,4,0,1,0,0,0,0,2,103,0
raw,506,126,8,0,0,0,0,0,0,5,14,4
raw,263,63,3,0,0,0,0,0,0,0,10,0
raw,122,25,1,0,1,0,0,0,0,0,2,0
raw,338,71,4,0,0,0,0,0,0,0,14,1
raw,1056,219,11,0,0,0,0,0,0,1,19,5
raw,214,44,6,0,0,0,0,0,0,0,7,3
raw,118,26,1,0,0,0,0,0,0,0,4,0
raw,72,20,2,1,0,0,0,0,0,0,3,2
raw,26,6,1,0,0,0,0,0,0,0,1,0
raw,213,47,4,0,0,0,0,0,1,0,4,1
raw,842,184,11,4,0,0,0,0,1,4,34,3
raw,173,39,3,0,0,0,0,0,1,2,7,0
raw,989,223,10,0,0,0,0,0,1,1,29,9
raw,500,122,15,1,0,0,0,0,0,0,19,3
raw,144,29,2,0,0,0,0,0,0,0,4,0
raw,767,186,8,2,0,0,0,0,0,1,15,1
raw,241,55,1,0,1,0,0,0,0,1,8,1
raw,56,16,2,0,0,0,0,0,0,0,3,0
raw,247,61,2,0,0,0,0,0,1,0,9,1
raw,366,90,7,0,0,0,0,0,0,3,13,5
raw,131,27,3,0,0,0,0,0,0,0,3,3
raw,67,13,1,0,0,0,0,0,0,0,1,1
raw,68,15,1,0,0,0,0,0,0,0,2,0
raw,340,76,4,1,0,0,0,0,0,5,14,1
raw,476,101,4,0,2,0,0,0,2,0,66,0
raw,470,115,6,0,0,0,0,0,0,0,6,1
raw,670,154,4,0,4,0,0,0,0,0,22,3
raw,416,84,1,0,0,0,0,0,2,1,9,2
raw,511,120,7,2,0,0,0,0,0,2,16,2
raw,119,29,3,0,1,0,0,0,0,0,3,1
raw,38,9,1,0,0,0,0,0,0,0,1,0
raw,62,14,2,0,0,0,0,0,0,0,3,0
raw,398,97,1,0,0,0,0,0,2,4,14,0
raw,892,228,9,10,0,0,0,0,3,11,30,2
raw,60,18,2,3,0,0,0,0,0,0,2,0
raw,524,118,6,0,0,0,0,0,1,1,8,2
raw,454,97,5,2,1,0,0,0,1,0,13,1
raw,331,76,4,0,1,0,0,0,0,0,16,2
raw,102,25,2,0,0,0,0,0,0,0,3,1
raw,457,99,8,0,0,0,0,0,0,4,13,1
raw,135,30,2,1,0,0,0,0,2,1,5,0
raw,440,101,4,0,0,0,0,0,1,0,15,3
raw,4,1,1,0,0,0,0,0,0,0,1,0
raw,11,3,1,0,0,0,0,0,0,1,1,0
raw,1513,373,26,8,0,0,0,0,1,10,50,3
raw,2284,484,18,10,0,0,0,0,0,0,74,6
raw,337,76,5,0,2,0,0,0,1,0,9,1
raw,233,51,4,1,0,0,0,0,0,1,9,0
raw,1115,255,13,15,0,0,0,0,0,11,28,6
raw,299,66,2,0,0,0,0,0,3,1,6,0
raw,383,87,2,0,0,0,0,0,0,0,8,1
raw,350,85,8,1,0,0,0,0,2,2,6,1
raw,170,35,3,0,0,0,0,0,0,0,7,3
raw,393,92,8,0,0,0,0,0,1,0,10,2
raw,382,78,6,0,0,0,0,0,0,0,13,6
raw,1216,261,11,0,0,0,0,0,1,3,25,0
raw,503,102,8,0,2,0,0,0,0,0,16,1
raw,221,54,3,0,0,0,0,0,0,3,7,0
raw,167,39,3,0,0,0,0,0,0,0,5,0
raw,540,109,2,0,0,0,0,0,0,0,67,0
raw,143,31,4,0,0,0,0,0,0,1,3,1
raw,908,180,3,0,4,0,0,0,1,0,25,2
raw,43,9,2,0,0,0,0,0,0,0,1,2
raw,234,55,5,0,0,0,0,0,0,2,7,0
raw,493,102,10,0,1,0,0,0,1,1,22,2
raw,269,60,6,0,1,0,0,0,0,6,12,5
raw,593,135,8,0,0,0,0,0,0,1,22,6
raw,132,29,2,0,0,0,0,0,0,0,5,3
raw,29,7,1,1,0,0,0,0,0,0,0,0
raw,152,34,3,0,1,0,0,0,3,1,4,0
raw,1828,417,30,0,0,0,0,0,2,5,55,4
raw,615,143,7,1,0,0,0,0,1,0,14,0
raw,47,11,1,0,0,0,0,0,0,0,1,0
raw,89,22,1,1,0,0,0,0,0,0,2,0
raw,336,43,7,0,0,1,0,0,1,1,15,0
raw,392,85,10,0,0,0,0,0,0,2,20,3
raw,50,10,1,0,0,0,0,0,0,1,2,0
raw,539,123,4,0,0,0,0,0,0,3,17,2
raw,49,8,1,0,0,0,0,0,0,0,2,2
raw,198,40,5,0,0,0,0,0,0,1,4,1
raw,201,47,5,0,0,0,0,0,0,1,4,0
raw,1304,321,13,4,2,0,0,0,1,1,35,4
raw,691,163,6,0,0,0,0,0,0,0,22,0
raw,282,59,5,0,0,0,0,0,0,1,14,0
raw,876,210,10,0,1,0,0,0,0,5,30,0
raw,497,104,7,0,0,0,0,0,0,1,16,2
raw,345,78,5,1,1,0,0,0,2,0,5,2
raw,680,161,8,0,2,0,0,0,1,1,25,0
raw,169,37,3,2,0,0,0,0,0,0,9,0
raw,184,42,2,0,0,0,0,0,0,0,3,1
raw,709,173,3,5,0,0,0,0,0,6,17,7
raw,685,161,4,1,1,0,0,0,2,1,14,3
raw,60,14,1,1,0,0,0,0,1,0,5,0
raw,34,6,1,0,0,0,0,0,0,0,1,1
raw,552,115,7,0,0,0,0,0,0,0,16,0
raw,129,31,1,0,0,0,0,0,1,0,4,0
raw,99,24,2,0,0,0,0,0,0,0,3,0
raw,273,53,5,1,0,0,0,0,0,2,4,0
raw,589,131,10,4,0,0,0,0,1,1,16,4
raw,35,5,1,0,0,0,0,0,1,0,2,0
raw,298,73,6,0,0,0,0,0,0,2,6,3
raw,514,103,7,0,0,0,0,0,0,0,13,1
raw,40,10,1,0,0,0,0,0,0,0,1,0
raw,133,29,1,0,0,0,0,0,0,1,2,1
raw,270,58,5,0,0,0,0,0,0,1,10,0
raw,187,45,1,0,0,0,0,0,0,2,6,1
raw,302,75,6,1,0,0,0,0,0,0,9,2
raw,1686,366,22,0,0,0,0,0,1,1,53,15
raw,903,227,13,1,0,0,0,0,1,0,23,4
raw,110,23,2,0,0,0,0,0,0,1,2,2
raw,1049,242,16,1,0,0,0,0,1,11,36,3
raw,834,181,10,0,0,0,0,0,0,1,19,6
raw,114,24,2,0,0,0,0,0,0,0,3,0
raw,227,52,4,0,0,0,0,0,0,1,6,1
raw,137,36,3,0,0,0,0,0,0,0,7,1
raw,423,109,2,0,0,0,0,0,0,0,5,0
raw,143,35,2,0,0,0,0,0,0,0,3,1
raw,325,66,3,0,0,0,0,0,0,1,19,4
raw,678,143,4,2,2,0,0,0,0,4,27,5
raw,59,18,3,0,0,0,0,0,0,1,1,0
raw,135,34,3,0,0,0,0,0,0,1,4,1
raw,395,96,4,5,0,0,0,0,0,1,8,3
raw,1190,259,6,0,0,0,0,0,1,1,31,2
raw,1088,256,17,1,0,0,0,0,2,4,17,4
raw,302,68,3,0,1,0,0,0,0,1,11,0
raw,586,127,4,0,0,0,0,0,1,0,19,4
raw,495,104,7,0,1,0,0,0,0,0,14,1
raw,93,23,1,0,0,0,0,0,0,1,3,0
raw,665,166,12,1,0,0,0,0,1,4,20,8
raw,88,17,1,0,0,0,0,0,0,0,3,0
raw,247,66,3,2,0,0,0,0,2,1,9,3
raw,422,101,3,0,2,0,0,0,0,0,11,1
raw,582,130,3,0,1,0,0,0,0,3,29,1
raw,563,111,9,0,0,0,0,0,0,0,11,2
raw,418,97,7,0,0,0,0,0,1,0,9,2
raw,98,24,2,0,0,0,0,0,0,1,6,0
raw,437,94,7,0,0,0,0,0,0,0,11,7
raw,478,102,5,0,0,0,0,0,0,2,15,2
raw,772,165,3,0,0,0,0,0,0,1,22,6
raw,175,37,2,3,1,0,0,0,0,1,8,2
raw,259,55,4,0,0,0,0,0,2,2,6,2
raw,287,62,3,0,1,0,0,0,0,0,8,1
raw,597,127,5,0,1,0,0,0,1,0,17,5
raw,1098,254,11,3,0,0,0,0,2,7,33,6
raw,492,111,4,0,0,0,0,0,0,2,5,1
raw,145,34,3,0,0,0,0,0,0,2,4,2
raw,688,155,7,0,0,0,0,0,2,1,21,1
raw,659,144,9,0,0,0,0,0,0,1,15,1
raw,423,109,5,0,0,0,0,0,0,2,18,1
raw,88,21,1,0,0,0,0,0,1,0,2,0
raw,198,45,3,0,0,0,0,0,0,2,6,2
raw,429,107,6,0,1,0,0,0,1,1,15,0
raw,72,14,2,0,0,0,0,0,0,0,3,0
raw,910,189,6,1,0,0,0,0,0,7,34,10
raw,426,104,6,0,2,0,0,0,2,1,16,3
raw,77,19,3,0,0,0,0,0,0,1,4,1
raw,300,70,1,0,0,0,0,0,0,2,12,1
raw,143,31,2,2,0,0,0,0,0,0,5,1
raw,214,48,6,0,0,0,0,0,0,0,5,2
raw,30,6,1,0,0,0,0,0,0,0,1,1
raw,705,152,5,0,0,0,0,0,1,4,27,1
raw,855,178,8,0,2,0,0,0,4,0,115,0
raw,276,59,4,0,0,0,0,0,0,0,3,0
raw,89,23,2,0,0,0,0,0,0,0,2,1
raw,87,19,3,0,0,0,0,0,1,1,6,0
raw,207,49,6,0,0,0,0,0,0,0,5,1
raw,389,90,5,0,0,0,0,0,0,1,21,1
raw,354,75,3,0,0,0,0,0,1,0,6,1
raw,304,72,2,0,2,0,0,0,0,1,10,0
raw,249,59,7,0,0,0,0,0,0,0,9,1
raw,143,34,4,1,0,0,0,0,0,2,5,0
raw,114,25,3,0,0,0,0,0,0,0,3,2
raw,497,113,3,0,0,0,0,0,2,1,17,0
raw,692,148,10,0,0,0,0,0,0,0,22,1
raw,327,68,5,2,1,0,0,0,0,0,13,0
raw,269,61,3,0,1,0,0,0,0,1,5,1
raw,199,44,2,0,0,0,0,0,0,0,6,0
raw,792,156,7,0,0,0,0,0,2,1,13,2
raw,320,69,6,0,0,0,0,0,0,5,16,4
raw,784,155,5,0,0,0,0,0,0,4,22,1
raw,570,134,8,0,1,0,0,0,0,0,18,1
raw,704,157,9,0,3,0,0,0,1,2,22,3
raw,622,135,5,0,0,0,0,0,0,3,21,7
raw,610,144,11,0,0,0,0,0,0,0,15,2
raw,35,9,1,0,0,0,0,0,0,1,1,0
raw,455,96,5,0,0,0,0,0,0,0,13,4
raw,300,63,5,0,0,0,0,0,0,0,7,3
raw,52,12,1,0,0,0,0,0,0,0,0,0
raw,136,31,2,0,0,0,0,0,0,0,4,0
raw,187,40,3,0,2,0,0,0,0,1,9,0
raw,378,81,6,0,0,0,0,0,0,0,13,1
raw,445,113,6,1,0,0,0,0,0,0,12,1
raw,907,224,13,0,0,0,0,0,2,7,18,2
raw,281,71,6,0,0,0,0,0,3,7,14,0
raw,542,127,8,2,1,0,0,0,0,2,20,2
raw,598,131,8,2,0,0,0,0,0,2,15,11
raw,47,12,2,0,0,0,0,0,0,0,1,1
raw,160,37,4,0,0,0,0,0,1,0,10,1
raw,86,20,2,0,0,0,0,0,0,0,3,0
raw,187,45,2,0,1,0,0,0,1,0,7,1
raw,337,84,5,0,1,0,0,0,0,2,14,7
raw,543,113,5,0,0,0,0,0,0,0,19,2
raw,246,55,4,0,0,0,0,0,0,2,5,1
raw,654,141,6,0,0,0,0,0,0,0,21,3
raw,110,22,1,0,0,0,0,0,0,0,2,1
raw,239,52,4,0,0,0,0,0,0,0,7,1
raw,638,144,8,0,1,0,0,0,0,2,18,3
raw,1594,369,18,0,0,0,0,0,3,3,48,7
raw,263,47,2,0,0,0,0,0,0,0,10,2
raw,279,64,3,0,0,0,0,0,0,1,14,0
raw,373,71,4,1,0,0,0,0,0,0,8,2
raw,199,39,4,0,0,0,0,0,0,0,7,0
raw,427,96,4,0,0,0,0,0,0,1,11,1
raw,117,23,3,0,0,0,0,0,0,0,1,1
raw,271,59,3,0,1,0,0,0,0,2,14,0
raw,204,49,1,9,0,0,0,0,1,1,4,2
raw,594,125,1,4,0,0,0,0,0,0,17,1
raw,120,28,1,0,0,0,0,0,1,0,3,1
raw,616,144,8,0,0,0,0,0,0,2,17,1
raw,141,35,5,0,0,0,0,0,0,2,8,1
raw,70,17,1,1,0,0,0,0,0,0,2,1
raw,38,6,1,0,0,0,0,0,0,0,2,0
raw,457,99,4,0,0,0,0,0,0,1,13,2
raw,103,18,2,3,0,0,0,0,0,0,3,4
raw,197,48,4,0,0,0,0,0,0,0,4,2
raw,613,142,8,0,0,0,0,0,0,3,29,2
raw,617,132,7,0,1,0,0,0,2,1,17,2
raw,269,59,4,1,0,0,0,0,0,0,10,2
raw,453,105,5,2,0,0,0,0,1,3,19,3
raw,1223,280,14,0,2,0,0,0,1,6,28,5
raw,717,172,12,0,1,0,0,0,0,0,22,6
raw,341,79,5,0,0,0,0,0,0,1,9,1
raw,138,35,1,0,0,0,0,0,0,0,4,0
raw,339,91,7,2,0,0,0,0,0,0,12,3
raw,679,161,7,0,3,0,0,0,0,1,12,4
raw,258,59,4,2,0,0,0,0,0,1,11,0
raw,235,50,2,0,0,0,0,0,0,0,6,0
raw,480,116,2,0,1,0,0,0,1,4,17,4
raw,73,17,2,0,0,0,0,0,0,1,4,0
raw,56,15,1,0,0,0,0,0,0,0,3,0
raw,1291,295,3,5,0,0,0,0,6,4,57,9
raw,573,123,7,1,0,0,0,0,0,0,15,5
raw,330,77,4,0,0,0,0,0,0,0,13,1
raw,224,48,1,5,0,0,0,0,0,0,12,1
raw,142,27,1,0,0,0,0,0,0,0,4,2
raw,220,49,4,0,0,0,0,0,1,6,8,0
raw,339,75,6,0,0,0,0,0,0,1,11,4
raw,37,12,1,1,0,0,0,0,1,0,0,0
raw,378,87,3,4,0,0,0,0,0,2,10,1
raw,477,119,9,5,0,0,0,0,0,0,15,2
raw,1421,314,5,13,4,0,0,0,3,7,65,4
raw,507,134,15,1,0,0,0,0,1,2,20,0
raw,123,29,3,0,0,0,0,0,0,0,1,1
raw,714,143,9,4,0,0,0,0,1,0,25,3
raw,694,157,10,0,0,0,0,0,0,2,23,7
raw,188,52,5,1,0,0,0,0,0,2,5,0
raw,170,36,3,0,0,0,0,0,0,1,5,2
raw,308,71,2,0,0,0,0,0,0,0,6,0
raw,383,95,8,0,0,0,0,0,0,1,11,2
raw,246,57,3,0,1,0,0,0,0,1,11,0
raw,354,82,4,0,0,0,0,0,0,1,10,5
raw,171,40,3,2,0,0,0,0,2,2,9,0
raw,532,129,8,0,0,0,0,0,0,0,18,1
raw,37,11,1,0,0,0,0,0,0,0,2,0
raw,447,107,8,1,0,0,0,0,0,3,9,2
raw,227,55,5,1,0,0,0,0,1,0,5,0
raw,132,31,1,0,0,0,0,0,0,1,1,0
raw,117,28,3,0,0,0,0,0,0,1,5,1
raw,148,30,4,0,0,0,0,0,0,1,9,2
raw,371,81,4,1,1,0,0,0,0,1,15,1
raw,260,54,2,0,0,0,0,0,0,1,12,0
raw,190,48,2,3,0,0,0,0,0,0,7,0
raw,107,25,1,0,0,0,0,0,0,1,6,0
raw,125,27,2,0,0,0,0,0,0,0,5,0
raw,439,97,8,0,0,0,0,0,0,4,16,5
raw,252,45,1,0,0,0,0,0,4,0,9,1
raw,1128,261,22,0,0,0,0,0,0,2,26,4
raw,97,22,1,0,0,0,0,0,0,0,6,0
raw,218,54,1,4,0,0,0,0,1,2,8,1
raw,158,35,3,0,0,0,0,0,0,0,2,0
raw,1322,293,8,0,1,0,0,0,1,7,39,2
raw,326,79,2,0,0,0,0,0,0,3,11,0
raw,11,4,1,0,0,0,0,0,0,0,1,0
raw,130,27,3,0,0,0,0,0,0,0,2,0
raw,402,86,5,0,0,0,0,0,1,0,11,1
raw,263,65,2,0,0,0,0,0,0,0,6,3
raw,460,106,9,0,0,0,0,0,0,0,11,1
raw,698,160,8,0,0,0,0,0,1,0,14,3
raw,74,21,1,0,1,0,0,0,0,0,2,0
raw,465,102,11,0,1,0,0,0,1,4,11,7
raw,252,52,6,0,0,0,0,0,0,0,23,0
raw,542,124,4,0,0,0,0,0,0,1,16,2
raw,396,78,4,0,0,0,0,0,0,0,14,3
raw,9,1,1,0,0,0,0,0,0,0,1,0
raw,452,105,4,0,0,0,0,0,3,2,17,6
raw,116,23,3,0,0,0,0,0,0,0,1,4
raw,568,119,7,0,0,0,0,0,1,0,9,1
raw,51,14,1,1,0,0,0,0,0,0,2,0
raw,78,17,1,0,0,0,0,0,0,0,4,0
raw,1076,231,15,0,1,0,0,0,4,0,27,3
raw,109,26,1,1,0,0,0,0,0,0,6,1
raw,133,29,1,0,0,0,0,0,0,0,4,0
raw,500,124,10,3,0,0,0,0,3,6,26,1
raw,1114,261,17,5,0,0,0,0,0,10,20,9
raw,132,22,1,0,0,0,0,0,0,1,5,1
raw,738,165,3,1,0,0,0,0,2,4,27,6
raw,148,33,4,0,0,0,0,0,0,0,6,1
raw,290,58,5,1,0,0,0,0,0,2,8,3
raw,235,50,6,0,0,0,0,0,0,0,8,0
raw,132,33,3,1,0,0,0,0,0,0,4,1
raw,37,10,1,1,0,0,0,0,0,0,0,1
raw,73,19,2,1,0,0,0,0,0,1,1,1
raw,31,10,1,0,0,0,0,0,0,0,0,0
raw,274,61,4,0,0,0,0,0,0,0,7,2
raw,155,28,3,0,0,0,0,0,0,2,8,3
raw,510,116,2,0,1,0,0,0,0,4,13,3
raw,447,110,5,0,0,0,0,0,0,13,24,1
raw,725,163,2,5,0,0,0,0,1,6,26,3
raw,508,127,4,0,0,0,0,0,0,0,7,3
raw,409,83,6,0,0,0,0,0,0,0,10,1
raw,218,45,2,0,0,0,0,0,0,0,4,0
raw,584,138,5,0,0,0,0,0,1,2,14,1
raw,264,61,5,1,0,0,0,0,1,0,6,3
raw,944,217,20,1,0,0,0,0,3,0,34,6
raw,189,46,2,0,0,0,0,0,0,0,6,0
raw,279,60,2,0,0,0,0,0,0,1,7,0
raw,597,118,3,0,0,0,0,0,0,1,84,0
raw,327,76,3,0,0,0,0,0,0,3,8,1
raw,110,22,1,0,0,0,0,0,0,0,2,0
raw,584,138,9,0,0,0,0,0,0,1,20,5
raw,218,49,5,0,1,0,0,0,2,0,9,2
raw,144,33,2,0,0,0,0,0,0,2,4,0
raw,701,165,6,2,0,0,0,0,2,1,16,1
raw,711,146,11,0,1,0,0,0,0,1,20,5
raw,375,99,5,2,0,0,0,0,2,1,15,0
raw,844,192,7,1,1,0,0,0,1,0,16,1
raw,528,102,5,0,0,0,0,0,0,0,21,2
raw,310,64,4,0,0,0,0,0,0,1,18,2
raw,466,102,3,3,0,0,0,0,3,4,15,4
raw,222,49,6,0,0,0,0,0,0,0,6,0
raw,681,162,7,0,1,0,0,0,0,4,14,2
raw,55,12,1,1,0,0,0,0,0,0,1,0
raw,234,44,7,1,0,0,0,0,0,0,7,4
raw,235,52,4,0,0,0,0,0,0,1,7,2
raw,225,56,5,0,0,0,0,0,0,1,3,0
raw,949,210,6,0,3,0,0,0,2,1,27,1
raw,59,16,1,1,0,0,0,0,0,0,2,1
raw,114,22,1,0,0,0,0,0,0,0,2,2
raw,299,74,6,0,0,0,0,0,0,1,5,0
raw,209,45,3,2,0,0,0,0,0,0,8,1
raw,429,111,2,0,1,0,0,0,0,10,16,1
raw,460,111,5,0,1,0,0,0,0,1,11,1
raw,585,120,12,5,0,0,0,0,0,1,22,3
raw,89,21,1,1,0,0,0,0,0,1,4,1
raw,426,106,4,0,0,0,0,0,0,4,9,1
raw,54,13,1,0,0,0,0,0,0,0,5,0
raw,263,59,6,0,0,0,0,0,1,1,12,0
raw,99,18,1,1,0,0,0,0,0,0,3,2
raw,70,15,1,0,0,0,0,0,1,1,0,0
raw,225,43,5,0,0,0,0,0,0,0,10,1
raw,514,111,4,0,0,0,0,0,1,0,13,7
raw,755,173,16,0,0,0,0,0,1,2,21,4
raw,798,176,9,2,2,0,0,0,0,12,33,0
raw,675,157,8,0,0,0,0,0,2,1,25,3
raw,193,44,1,1,0,0,0,0,0,2,8,0
raw,370,78,4,0,0,0,0,0,1,0,12,1
raw,1137,269,8,3,2,0,0,0,1,3,36,2
raw,117,23,3,0,0,0,0,0,0,0,2,0
raw,160,40,4,0,0,0,0,0,0,5,9,0
raw,659,167,6,0,0,0,0,0,0,5,32,1
raw,9,3,1,0,0,0,0,0,0,0,1,0
raw,106,20,2,0,0,0,0,0,1,0,2,0
raw,473,95,5,0,0,0,0,0,0,1,11,3
raw,170,46,5,0,0,0,0,0,0,0,2,1
raw,131,21,2,0,1,0,0,0,0,0,4,0
raw,50,11,1,0,0,0,0,0,1,1,5,0
raw,733,175,11,2,0,0,0,0,2,7,22,3
raw,766,182,10,0,0,0,0,0,4,5,21,3
raw,113,30,1,2,0,0,0,0,1,0,4,0
raw,322,75,8,0,0,0,0,0,0,0,9,1
raw,52,12,2,0,0,0,0,0,0,0,0,1
raw,186,47,3,0,0,0,0,0,0,1,11,0
raw,189,48,4,0,0,0,0,0,0,0,4,1
raw,334,77,4,0,0,0,0,0,0,0,12,4
raw,40,10,1,0,0,0,0,0,0,0,0,0
raw,57,11,1,0,0,0,0,0,1,0,0,0
raw,24,4,1,0,0,0,0,0,0,0,2,0
raw,494,99,6,1,0,0,0,0,0,0,24,1
raw,369,80,7,1,0,0,0,0,0,0,10,1
raw,511,112,7,0,0,0,0,0,0,0,13,3
raw,167,38,4,0,0,0,0,0,0,0,7,1
raw,1341,301,12,9,2,0,0,0,0,4,29,4
raw,151,37,1,4,0,0,0,0,0,0,0,0
raw,120,27,1,0,0,0,0,0,0,1,4,1
raw,374,83,4,0,0,0,0,0,0,1,11,0
raw,47,11,1,0,0,0,0,0,0,0,2,1
raw,783,183,16,0,1,0,0,0,0,3,18,4
raw,16,4,1,1,0,0,0,0,0,1,2,0
raw,559,118,1,1,0,0,0,0,0,0,14,1
raw,548,129,5,0,0,0,0,0,0,10,29,1
raw,194,40,1,2,0,0,0,0,0,2,4,1
raw,468,99,7,0,0,0,0,0,0,3,11,3
raw,452,104,5,0,0,0,0,0,0,1,11,3
raw,115,27,3,0,0,0,0,0,0,0,5,1
raw,16,2,1,0,0,0,0,0,0,0,0,0
raw,79,22,2,0,0,0,0,0,0,1,1,0
raw,627,132,7,0,0,0,0,0,0,0,16,0
raw,556,125,4,0,0,0,0,0,0,1,17,1
raw,12,6,1,3,0,0,0,0,0,0,0,0
raw,79,19,1,0,0,0,0,0,0,0,4,1
raw,411,87,6,0,1,0,0,0,0,0,10,3
raw,187,40,2,0,0,0,0,0,0,0,5,2
raw,387,83,4,0,0,0,0,0,0,0,10,1
raw,678,150,11,1,0,0,0,0,0,1,20,1
raw,25,6,1,0,0,0,0,0,0,0,1,0
raw,255,48,2,0,0,0,0,0,0,0,8,1
raw,1239,290,14,0,1,0,0,0,1,6,41,3
raw,181,45,3,1,0,0,0,0,0,1,5,3
raw,599,121,5,1,0,0,0,0,1,1,20,4
raw,175,46,5,0,0,0,0,0,0,0,4,3
raw,493,101,9,0,0,0,0,0,0,0,19,3
raw,164,37,1,0,1,0,0,0,0,0,7,0
raw,66,17,4,0,0,0,0,0,0,0,3,0
raw,154,38,3,1,0,0,0,0,0,0,8,3
raw,273,62,3,0,0,0,0,0,0,0,9,0
raw,250,55,3,0,0,0,0,0,0,1,7,2
raw,476,97,8,0,1,0,0,0,0,2,12,3
raw,579,136,9,0,0,0,0,0,1,2,21,4
raw,456,105,5,0,0,0,0,0,0,0,11,4
raw,421,90,5,0,0,0,0,0,0,0,10,4
raw,617,133,8,0,1,0,0,0,1,8,15,3
raw,83,26,3,0,0,0,0,0,1,0,1,0
raw,199,45,2,0,1,0,0,0,0,1,7,1
raw,70,18,1,0,0,0,0,0,1,1,4,1
raw,188,40,1,0,0,0,0,0,0,1,4,1
raw,254,55,1,0,1,0,0,0,0,4,5,0
raw,345,81,3,1,0,0,0,0,1,0,6,4
raw,786,186,6,4,0,0,0,0,2,0,28,1
raw,107,23,1,0,0,0,0,0,0,0,3,0
raw,530,131,1,1,0,0,0,0,0,1,10,3
raw,121,30,1,0,0,0,0,0,0,0,4,0
raw,267,58,7,0,1,0,0,0,0,1,13,3
raw,276,61,5,0,2,0,0,0,0,3,6,2
raw,713,162,10,2,0,0,0,0,0,2,20,4
raw,460,100,1,0,0,0,0,0,1,3,17,2
raw,459,103,5,0,0,0,0,0,1,0,11,0
raw,282,58,5,0,0,0,0,0,0,0,8,4
raw,20,4,1,0,0,0,0,0,0,0,2,0
raw,261,59,3,0,1,0,0,0,0,1,7,2
raw,90,19,1,0,0,0,0,0,0,0,3,0
raw,265,65,6,0,0,0,0,0,1,1,6,1
raw,289,61,4,0,1,0,0,0,0,4,14,1
raw,441,97,10,0,0,0,0,0,0,0,10,5
raw,230,44,3,0,0,0,0,0,0,0,2,1
raw,82,20,2,0,0,0,0,0,0,1,3,0
raw,190,45,6,0,0,0,0,0,1,2,7,3
raw,155,30,3,0,0,0,0,0,0,0,2,3
raw,45,10,1,0,0,0,0,0,0,0,1,2
raw,28,5,1,0,0,0,0,0,0,0,0,0
raw,650,137,10,5,0,0,0,0,1,4,16,3
raw,200,45,1,0,0,0,0,0,0,0,23,0
raw,331,72,5,0,0,0,0,0,0,0,6,0
raw,474,108,11,0,0,0,0,0,3,0,11,3
raw,122,20,3,0,0,0,0,0,0,0,4,4
raw,304,67,6,0,0,0,0,0,0,0,5,2
raw,703,161,8,0,0,0,0,0,0,3,25,3
raw,38,6,1,0,0,0,0,0,0,0,2,0
raw,44,11,1,1,0,0,0,0,0,0,5,0
raw,980,197,11,1,0,0,0,0,1,3,42,7
raw,666,150,9,0,0,0,0,0,0,0,23,5
raw,453,105,2,0,0,0,0,0,1,3,12,4
raw,356,80,1,0,0,0,0,0,0,1,9,6
raw,300,61,4,1,0,0,0,0,0,0,6,1
raw,278,59,1,0,0,0,0,0,0,0,10,3
raw,163,35,4,4,0,0,0,0,0,0,3,1
raw,179,37,1,3,0,0,0,0,2,0,6,1
raw,240,59,4,0,0,0,0,0,0,0,5,0
raw,101,21,2,0,0,0,0,0,0,0,1,1
raw,156,45,2,0,0,0,0,0,1,0,3,0
raw,179,36,3,0,0,0,0,0,0,0,4,2
raw,198,41,2,0,0,0,0,0,1,1,10,2
raw,1010,217,13,0,0,0,0,0,0,1,23,6
raw,394,106,4,3,0,0,0,0,7,7,17,4
raw,532,116,10,0,0,0,0,0,0,3,20,0
raw,438,97,7,0,1,0,0,0,0,1,12,1
raw,240,52,3,0,0,0,0,0,0,1,7,4
raw,63,2,1,0,0,0,0,0,1,0,1,0
raw,340,66,6,1,0,0,0,0,1,0,12,2
raw,393,80,6,0,0,0,0,0,0,1,9,3
raw,436,86,8,0,0,0,0,0,0,0,16,0
raw,746,138,7,0,0,0,0,0,1,0,103,0
raw,584,132,7,0,0,0,0,0,0,3,21,2
raw,562,137,7,2,0,0,0,0,1,6,13,5
raw,258,63,5,0,0,0,0,0,0,1,14,1
raw,541,115,2,0,0,0,0,0,0,0,20,2
raw,847,185,6,3,4,0,0,0,3,0,34,0
raw,1163,255,5,1,0,0,0,0,0,1,38,7
raw,110,19,1,0,0,0,0,0,0,0,2,2
raw,150,37,2,0,0,0,0,0,0,0,3,1
raw,223,51,1,1,0,0,0,0,0,2,14,0
raw,432,87,2,0,0,0,0,0,0,2,23,6
raw,458,105,1,0,1,0,0,0,0,0,18,4
raw,411,92,7,0,0,0,0,0,0,0,9,4
raw,375,82,5,0,0,0,0,0,0,1,9,5
raw,27,6,1,1,0,0,0,0,0,0,1,0
raw,95,25,4,0,0,0,0,0,0,0,9,0
raw,61,9,1,0,0,0,0,0,0,0,4,2
raw,439,108,6,0,0,0,0,0,0,0,20,0
raw,381,81,4,1,0,0,0,0,0,2,7,6
raw,101,26,2,1,0,0,0,0,3,0,5,0
raw,266,59,4,0,0,0,0,0,0,0,10,3
raw,391,86,3,0,0,0,0,0,0,2,15,7
raw,126,31,3,0,0,0,0,0,0,0,5,0
raw,34,6,1,0,0,0,0,0,0,0,1,0
raw,785,176,6,2,0,0,0,0,1,5,27,0
raw,279,66,6,0,0,0,0,0,0,1,7,0
raw,273,62,5,0,0,0,0,0,1,0,15,4
raw,47,12,1,0,0,0,0,0,0,0,6,0
raw,27,5,2,0,0,0,0,0,0,0,1,0
raw,971,227,15,3,0,0,0,0,1,0,31,3
raw,143,31,1,0,0,0,0,0,0,3,5,0
raw,412,98,6,0,0,0,0,0,0,0,8,1
raw,373,87,5,6,0,0,0,0,0,2,9,7
raw,771,175,10,0,0,0,0,0,0,1,21,8
raw,230,62,8,0,0,0,0,0,0,0,12,1
raw,654,142,13,0,0,0,0,0,1,0,13,0
raw,152,31,2,1,0,0,0,0,0,0,3,0
raw,145,26,2,0,0,0,0,0,0,0,6,4
raw,1317,281,17,0,2,0,0,0,0,1,36,5
raw,136,31,2,0,0,0,0,0,2,2,4,0
raw,380,85,6,0,0,0,0,0,0,4,15,2
raw,12,3,1,0,0,0,0,0,0,0,1,0
raw,807,182,7,6,2,0,0,0,1,3,15,2
raw,528,117,4,5,1,0,0,0,2,1,8,3
raw,431,107,3,0,0,0,0,0,0,1,20,2
raw,796,178,14,0,0,0,0,0,0,2,13,5
raw,762,173,3,0,5,0,0,0,0,3,22,2
raw,146,37,3,0,0,0,0,0,0,0,7,0
raw,281,61,3,0,0,0,0,0,3,0,11,1
raw,270,58,4,0,0,0,0,0,0,1,5,1
raw,242,53,3,0,0,0,0,0,0,0,7,0
raw,317,72,8,0,0,0,0,0,0,2,14,0
raw,683,156,5,0,0,0,0,0,0,1,24,7
raw,837,190,10,0,0,0,0,0,0,1,21,4
raw,266,52,2,0,0,0,0,0,1,0,15,0
raw,251,55,4,0,0,0,0,0,0,0,4,4
raw,1262,279,11,0,0,0,0,0,0,2,28,6
raw,461,99,6,0,0,0,0,0,0,3,12,1
raw,461,106,3,4,2,0,0,0,0,3,13,1
raw,102,22,1,0,0,0,0,0,2,0,2,2
raw,167,34,1,1,1,0,0,0,1,0,2,2
raw,554,120,9,0,2,0,0,0,1,2,11,3
raw,1172,285,13,0,0,0,0,0,0,4,26,5
raw,407,97,8,0,0,0,0,0,0,1,18,4
raw,52,10,2,0,0,0,0,0,0,0,2,1
raw,481,103,5,1,0,0,0,0,0,3,15,0
raw,359,87,2,0,4,0,0,0,4,1,16,2
raw,510,122,7,3,0,0,0,0,0,1,8,2
raw,142,30,1,0,0,0,0,0,0,1,2,0
raw,209,46,5,0,0,0,0,0,0,0,4,2
raw,635,140,8,0,0,0,0,0,0,7,18,1
raw,72,14,1,0,1,0,0,0,0,0,2,1
raw,55,16,1,1,0,0,0,0,0,1,5,0
raw,723,167,7,0,2,0,0,0,0,1,12,5
raw,1347,299,14,1,2,0,0,0,2,2,44,4
raw,197,49,3,1,1,0,0,0,0,0,7,0
raw,47,10,2,0,0,0,0,0,0,0,1,2
raw,306,71,3,0,0,0,0,0,0,2,6,0
raw,227,47,2,2,0,0,0,0,1,0,7,1
raw,78,18,3,1,0,0,0,0,0,0,6,0
raw,38,8,1,0,0,0,0,0,0,0,2,1
raw,235,48,1,1,0,0,0,0,0,4,9,3
raw,286,54,2,1,0,0,0,0,0,1,12,2
raw,136,30,2,1,0,0,0,0,0,0,7,1
raw,149,30,3,0,0,0,0,0,0,1,6,0
raw,295,60,5,0,0,0,0,0,0,2,8,2
raw,113,22,2,0,0,0,0,0,0,0,3,0
raw,545,141,12,0,2,0,0,0,0,6,18,0
raw,204,50,5,0,0,0,0,0,0,3,10,2
raw,103,19,1,0,1,0,0,0,0,0,4,0
raw,358,82,7,0,0,0,0,0,1,2,16,0
raw,230,46,1,0,0,0,0,0,1,0,11,1
raw,530,114,7,0,1,0,0,0,1,0,14,3
raw,105,25,3,0,0,0,0,0,0,0,4,3
raw,341,85,10,0,0,0,0,0,1,0,18,11
raw,323,69,4,0,0,0,0,0,0,3,22,2
raw,487,108,4,0,0,0,0,0,0,0,12,2
raw,314,72,3,0,0,0,0,0,0,1,13,2
raw,431,110,4,0,1,0,0,0,1,1,15,1
raw,69,17,3,0,0,0,0,0,0,0,4,0
raw,563,126,7,0,1,0,0,0,0,2,22,1
raw,201,36,4,0,0,0,0,0,0,0,6,2
raw,109,26,2,1,0,0,0,0,0,0,3,0
raw,119,22,1,2,0,0,0,0,2,0,17,1
raw,618,139,5,4,0,0,0,0,0,0,27,3
raw,1244,272,14,0,1,0,0,0,0,0,28,1
raw,139,34,4,0,0,0,0,0,0,1,5,0
raw,64,12,1,0,0,0,0,0,0,1,5,0
raw,159,40,4,0,0,0,0,0,0,4,7,1
raw,607,145,2,5,0,0,0,0,3,1,18,3
raw,175,37,4,0,0,0,0,0,0,1,4,2
raw,172,38,3,0,0,0,0,0,0,0,6,3
raw,232,55,3,0,0,0,0,0,0,0,9,2
raw,483,108,9,0,0,0,0,0,1,2,14,7
raw,341,73,2,0,0,0,0,0,1,0,11,0
raw,439,107,5,0,0,0,0,0,0,0,12,4
raw,163,39,3,1,1,0,0,0,0,0,6,1
raw,1129,271,9,0,3,0,0,0,1,2,24,2
raw,917,202,5,12,1,0,0,0,0,0,27,2
raw,288,56,1,0,0,0,0,0,0,0,12,3
raw,104,21,1,0,0,0,0,0,2,1,3,0
raw,237,49,2,0,0,0,0,0,0,0,2,0
raw,378,95,5,0,0,0,0,0,0,3,22,0
raw,463,104,4,0,0,0,0,0,0,1,14,0
raw,940,205,4,2,1,0,0,0,1,1,34,1
raw,181,39,5,0,1,0,0,0,0,0,8,4
raw,268,58,4,0,1,0,0,0,0,3,12,2
raw,690,157,6,0,1,0,0,0,0,1,8,2
raw,705,161,9,0,0,0,0,0,0,1,21,4
raw,83,19,2,0,0,0,0,0,0,2,3,0
raw,78,20,1,0,2,0,0,0,0,0,4,0
raw,377,83,5,0,0,0,0,0,0,2,7,1
raw,376,87,3,0,0,0,0,0,0,0,13,3
raw,128,28,1,0,0,0,0,0,0,0,4,0
raw,50,13,1,0,0,0,0,0,0,0,2,0
raw,470,107,5,0,1,0,0,0,0,2,8,1
raw,123,27,4,0,0,0,0,0,0,0,8,4
raw,171,37,2,1,1,0,0,0,0,1,3,2
raw,1656,366,15,7,0,0,0,0,3,2,38,12
raw,660,145,8,0,2,0,0,0,3,1,23,2
raw,648,152,1,9,0,0,0,0,3,0,17,3
raw,57,13,2,0,0,0,0,0,0,1,1,0
raw,534,117,2,8,0,0,0,0,1,0,11,2
raw,506,117,4,0,1,0,0,0,0,2,12,5
raw,83,23,3,1,0,0,0,0,0,1,5,1
raw,186,44,7,0,0,0,0,0,0,2,7,1
raw,558,128,13,0,0,0,0,0,0,1,20,5
raw,363,76,3,0,1,0,0,0,0,5,16,1
raw,668,163,12,0,0,0,0,0,1,5,26,5
raw,621,122,6,0,0,0,0,0,0,0,19,6
raw,96,23,4,0,0,0,0,0,0,0,2,1
raw,661,151,10,0,0,0,0,0,0,3,19,3
raw,137,34,3,0,0,0,0,0,0,1,4,0
raw,752,165,10,0,3,0,0,0,0,1,18,5
raw,422,104,6,0,0,0,0,0,0,0,13,0
raw,102,22,3,0,0,0,0,0,0,0,5,1
raw,403,91,5,0,2,0,0,0,0,0,13,2
raw,123,25,3,1,0,0,0,0,0,0,6,1
raw,568,137,5,0,0,0,0,0,0,8,19,1
raw,463,98,1,0,1,0,0,0,0,0,7,3
raw,242,54,3,0,0,0,0,0,0,4,11,0
raw,1712,437,11,0,0,0,0,0,4,6,62,2
raw,565,134,14,0,0,0,0,0,0,2,21,1
raw,132,23,3,0,0,0,0,0,0,0,8,2
raw,182,44,4,0,0,0,0,0,1,0,6,3
raw,536,121,3,0,2,0,0,0,1,1,19,3
raw,362,77,7,1,0,0,0,0,2,0,8,1
raw,359,80,2,0,0,0,0,0,1,2,10,3
raw,115,27,2,0,0,0,0,1,1,0,2,0
raw,505,97,2,0,0,0,0,0,0,0,11,8
raw,665,148,6,0,1,0,0,0,1,0,19,5
raw,194,44,3,0,0,0,0,0,0,0,7,1
raw,76,12,2,0,0,0,0,0,0,0,1,0
raw,122,26,2,0,0,0,0,0,0,0,1,2
raw,117,26,4,0,0,0,0,0,0,0,6,0
raw,103,25,2,0,0,0,0,0,0,2,3,0
raw,567,128,9,1,0,0,0,0,1,0,17,5
raw,1153,267,25,0,3,0,0,0,1,8,36,3
raw,939,208,1,9,0,0,0,0,0,2,28,9
raw,307,73,3,0,2,0,0,0,0,0,8,0
raw,614,141,3,0,2,0,0,0,1,1,23,4
raw,1080,229,8,0,6,0,0,0,5,1,38,3
raw,144,34,1,0,0,0,0,0,0,4,6,0
raw,406,84,3,0,0,0,0,0,1,1,21,0
raw,243,48,4,0,0,0,0,0,0,0,2,0
raw,138,30,2,0,0,0,0,0,0,0,7,0
raw,617,135,6,0,0,0,0,0,0,0,12,7
raw,44,11,1,0,0,0,0,0,0,0,2,0
raw,209,46,2,0,0,0,0,0,0,0,6,1
raw,68,13,2,0,0,0,0,0,1,0,3,0
raw,327,81,2,0,1,0,0,0,0,1,11,4
raw,481,113,7,0,2,0,0,0,0,3,17,3
raw,37,8,2,0,0,0,0,0,0,0,1,1
raw,552,115,5,0,0,0,0,0,0,0,8,2
raw,191,40,3,0,0,0,0,0,0,0,6,0
raw,482,112,6,0,0,0,0,0,0,0,9,3
raw,128,25,1,1,0,0,0,0,0,0,11,1
raw,185,43,4,0,0,0,0,0,0,1,4,1
raw,192,45,3,0,0,0,0,0,0,0,8,1
raw,392,85,2,2,0,0,0,0,1,7,10,1
raw,282,57,1,2,0,0,0,0,0,0,6,3
raw,98,20,2,0,1,0,0,0,1,0,7,0
raw,154,32,2,0,2,0,0,0,0,0,6,2
raw,507,118,5,0,2,0,0,0,1,0,12,2
raw,321,72,6,0,0,0,0,0,0,6,11,4
raw,347,80,3,3,0,0,0,0,2,1,12,4
raw,436,86,1,4,0,0,0,0,1,1,12,1
raw,892,209,4,8,0,0,0,0,10,9,31,0
raw,202,47,5,0,0,0,0,0,1,2,6,1
raw,369,88,2,3,0,0,0,0,1,6,16,0
raw,197,46,2,2,1,0,0,0,0,2,4,1
raw,235,57,2,1,1,0,0,0,1,1,7,1
raw,192,39,1,0,0,0,0,0,0,1,8,1
raw,507,108,1,2,1,0,0,0,0,4,11,5
raw,201,42,1,0,0,0,0,0,0,0,8,0
raw,490,105,5,1,0,0,0,0,0,0,13,1
raw,583,132,7,3,0,0,0,0,1,2,22,0
raw,539,114,4,0,0,0,0,0,0,1,19,0
raw,258,61,5,0,0,0,0,0,0,1,6,2
raw,585,130,8,3,0,0,0,0,0,1,12,2
raw,292,61,2,0,0,0,0,0,0,1,10,0
raw,293,64,6,1,0,0,0,0,0,0,8,4
raw,549,122,5,0,0,0,0,0,0,0,19,1
raw,327,86,3,0,6,0,0,0,0,1,12,1
raw,290,68,6,0,0,0,0,0,0,3,11,1
raw,480,116,5,0,0,0,0,0,0,0,18,0
raw,251,53,4,0,0,0,0,0,0,0,3,2
raw,118,26,3,0,0,0,0,0,0,0,2,0
raw,19,4,1,0,0,0,0,0,0,0,1,0
raw,1043,228,9,0,0,0,0,0,0,1,45,1
raw,241,50,4,1,1,0,0,0,1,0,7,2
raw,820,164,7,0,0,0,0,0,0,5,43,5
raw,462,109,5,0,0,0,0,0,0,0,17,4
raw,484,102,2,0,0,0,0,0,0,5,15,2
raw,562,137,1,0,0,0,0,0,0,0,13,0
raw,909,213,10,10,0,0,0,0,0,5,19,5
raw,299,72,1,0,1,0,0,0,0,3,13,3
raw,312,66,3,0,1,0,0,0,0,1,12,1
raw,121,22,3,0,0,0,0,0,0,0,2,1
raw,766,173,15,0,0,0,0,0,0,1,21,2
raw,512,112,8,0,1,0,0,0,0,3,15,2
raw,55,11,2,0,0,0,0,0,0,0,1,4
raw,545,108,6,0,0,0,0,0,0,1,17,5
raw,519,115,9,0,1,0,0,0,0,0,56,0
raw,307,72,4,0,0,0,0,0,2,0,11,7
raw,77,17,1,0,1,0,0,0,1,0,4,0
raw,314,76,6,0,0,0,0,0,0,0,8,1
raw,1737,403,15,0,0,0,0,0,0,0,34,1
raw,597,135,7,2,1,0,0,0,2,2,26,2
raw,128,31,3,0,0,0,0,0,0,0,2,1
raw,237,54,4,1,0,0,0,0,1,1,13,0
raw,1206,256,8,1,1,0,0,0,2,1,28,4
raw,512,106,1,0,0,0,0,0,0,3,13,6
raw,307,70,4,0,0,0,0,0,0,0,3,3
raw,600,139,6,0,0,0,0,0,0,0,18,5
raw,219,55,4,0,0,0,0,0,0,3,10,0
raw,354,69,5,0,0,0,0,0,1,0,11,1
raw,708,146,9,0,1,0,0,0,0,5,21,7
raw,378,83,6,0,1,0,0,0,1,0,9,0
raw,198,45,1,5,0,0,0,0,1,0,0,2
raw,333,77,5,0,0,0,0,0,0,1,6,4
raw,130,26,1,0,0,0,0,0,0,0,1,0
raw,104,23,1,0,2,0,0,0,0,0,4,1
raw,148,34,2,0,0,0,0,0,2,3,7,0
raw,561,144,6,1,0,0,0,0,0,3,21,1
raw,359,78,1,0,0,0,0,0,0,1,10,2
raw,563,128,7,7,0,0,0,0,0,0,17,2
raw,10,2,1,0,0,0,0,0,0,0,1,0
raw,486,109,7,0,0,0,0,0,1,0,11,2
raw,1571,331,11,0,0,0,0,0,1,0,34,5
raw,151,35,1,2,1,0,0,0,0,0,5,2
raw,251,53,3,0,0,0,0,0,0,1,6,3
raw,464,115,7,1,0,0,0,0,0,2,15,3
raw,551,125,7,3,0,0,0,0,2,1,14,3
raw,616,134,7,0,0,0,0,0,0,0,17,3
raw,566,128,5,2,0,0,0,0,2,0,10,6
raw,381,71,7,0,0,0,0,0,0,0,19,1
raw,631,137,5,0,0,0,0,0,0,1,15,4
raw,581,133,8,0,0,0,0,0,0,1,31,1
raw,173,39,4,0,0,0,0,0,0,0,12,1
raw,476,111,5,0,1,0,0,0,0,0,18,1
raw,913,207,4,4,0,0,0,0,5,5,23,2
raw,111,27,2,0,0,0,0,0,0,0,3,0
raw,247,56,4,0,0,0,0,0,1,2,12,0
raw,497,121,6,1,0,0,0,0,3,0,13,0
raw,509,131,10,0,1,0,0,0,2,3,15,3
raw,20,4,1,0,0,0,0,0,0,0,2,0
raw,38,9,1,0,0,0,0,0,0,1,2,0
raw,138,33,4,0,0,0,0,0,1,0,3,1
raw,456,102,7,0,0,0,0,0,1,0,10,7
raw,134,31,1,0,0,0,0,0,0,0,6,1
raw,609,150,5,1,0,0,0,0,0,2,23,3
raw,784,185,11,0,0,0,0,0,0,5,23,4
raw,39,10,1,0,0,0,0,0,0,0,1,0
raw,453,94,2,0,3,0,0,0,4,1,10,5
raw,498,113,8,0,0,0,0,0,0,1,23,2
raw,558,138,7,0,0,0,0,0,0,0,19,3
raw,361,88,3,3,0,0,0,0,0,2,10,0
raw,27,6,1,0,0,0,0,0,0,0,1,0
raw,127,30,2,0,0,0,0,0,0,1,4,2
raw,150,39,3,0,1,0,0,0,3,3,3,2
raw,186,44,5,0,0,0,0,0,0,2,7,1
raw,534,119,5,0,0,0,0,0,0,5,16,0
raw,168,40,7,0,0,0,0,0,0,2,3,1
raw,299,63,2,0,3,0,0,0,1,0,6,3
raw,206,39,1,0,1,0,0,0,0,0,4,3
raw,116,25,2,0,0,0,0,0,0,0,2,0
raw,27,5,1,0,0,0,0,0,0,0,1,0
raw,112,23,1,0,0,0,0,0,0,0,3,2
raw,168,40,1,0,1,0,0,0,0,2,6,0
raw,225,53,1,0,0,0,0,0,7,4,9,1
raw,509,123,6,0,1,0,0,0,1,6,12,2
raw,485,102,6,0,0,0,0,0,0,0,9,2
raw,1837,410,14,1,5,0,0,0,0,1,48,8
raw,1060,249,20,5,1,0,0,0,0,1,19,0
raw,461,99,9,0,0,0,0,0,0,3,14,2
raw,472,105,2,0,0,0,0,0,0,1,14,2
raw,323,73,6,0,0,0,0,0,0,0,11,3
raw,120,28,2,0,0,0,0,0,0,0,1,2
raw,645,155,7,2,0,0,0,0,0,4,23,1
raw,161,32,2,2,0,0,0,0,1,0,6,3
raw,520,112,8,0,0,0,0,0,0,2,20,5
raw,566,129,7,2,0,0,0,0,0,3,15,4
raw,514,107,6,0,1,0,0,0,0,3,13,3
raw,253,56,3,1,0,0,0,0,0,0,7,0
raw,457,108,11,0,0,0,0,0,0,0,16,0
raw,290,75,5,0,0,0,0,0,0,0,2,1
raw,63,16,1,0,0,0,0,0,0,2,4,0
raw,62,13,1,0,0,0,0,0,0,0,1,1
raw,352,84,4,0,0,0,0,0,0,1,6,4
raw,134,30,3,1,0,0,0,0,1,0,2,1
raw,37,10,3,0,0,0,0,0,0,1,1,1
raw,75,15,2,0,0,0,0,0,0,0,1,1
raw,119,23,2,1,0,0,0,0,1,1,2,2
raw,431,93,4,0,2,0,0,0,1,1,18,0
raw,188,44,1,0,0,0,0,0,0,1,7,0
raw,99,18,4,0,0,0,0,0,0,0,2,3
raw,1400,338,24,8,0,0,0,0,4,2,32,8
raw,261,48,1,0,3,0,0,0,0,2,6,3
raw,47,9,1,0,0,0,0,0,0,0,1,2
raw,425,97,10,0,0,0,0,0,0,3,15,5
raw,261,60,6,0,0,0,0,0,0,1,11,3
raw,1029,260,19,0,0,0,0,0,2,7,42,4
raw,230,50,4,0,0,0,0,0,0,0,8,1
raw,159,29,2,0,0,0,0,0,0,0,6,5
raw,1081,242,8,0,5,0,0,0,0,7,49,1
raw,461,122,7,1,0,0,0,0,2,0,13,1
raw,11,3,1,0,0,0,0,0,0,0,1,0
raw,725,145,1,0,1,0,0,0,0,0,16,0
raw,374,83,5,0,0,0,0,0,0,0,16,3
raw,140,36,3,0,0,0,0,0,0,1,9,0
raw,86,18,1,0,0,0,0,0,0,0,3,0
raw,595,124,3,1,0,0,0,0,0,3,18,1
raw,196,35,4,0,1,0,0,0,1,0,3,3
raw,562,127,5,0,0,0,0,0,0,3,11,2
raw,1315,296,12,9,2,0,0,0,4,4,34,4
raw,1880,433,33,3,0,0,0,0,0,14,74,2
raw,64,15,1,0,0,0,0,0,0,0,3,0
raw,119,22,2,0,0,0,0,0,0,0,0,0
raw,210,46,4,0,0,0,0,0,0,0,4,0
raw,455,110,9,1,0,0,0,0,0,9,15,2
raw,352,70,3,0,0,0,0,0,0,0,6,1
raw,153,37,2,0,0,0,0,0,0,1,5,2
raw,503,121,6,1,2,0,0,0,2,4,8,5
raw,823,188,6,0,0,0,0,0,0,1,13,2
raw,247,56,2,0,0,0,0,0,0,1,2,0
raw,672,148,8,0,0,0,0,0,0,2,19,1
raw,292,61,5,0,1,0,0,0,0,0,7,2
raw,254,57,3,3,0,0,0,0,2,0,14,2
raw,304,70,5,0,0,0,0,0,0,1,13,2
raw,547,132,5,0,2,0,0,0,3,1,13,1
raw,669,145,8,0,1,0,0,0,1,2,18,6
raw,341,70,3,2,0,0,0,0,0,4,6,1
raw,804,198,5,1,1,0,0,0,0,7,25,0
raw,502,113,7,0,1,0,0,0,0,0,10,4
raw,115,21,1,0,0,0,0,0,0,0,3,0
raw,167,35,2,1,0,0,0,0,0,0,4,4
raw,560,113,2,3,0,0,0,0,1,1,23,1
raw,179,38,2,0,0,0,0,0,0,0,2,1
raw,213,47,4,0,0,0,0,0,0,2,8,0
raw,131,30,4,0,0,0,0,0,0,0,4,1
raw,292,71,2,3,1,0,0,0,0,1,5,2
raw,77,18,2,0,0,0,0,0,0,0,0,1
raw,708,157,8,0,0,0,0,0,0,0,19,3
raw,1347,292,12,1,0,0,0,0,0,1,27,8
raw,860,197,10,6,0,0,0,0,1,3,24,0
raw,78,14,2,0,2,0,0,0,0,0,1,1
raw,175,38,3,0,1,0,0,0,1,1,3,1
raw,96,19,1,0,0,0,0,0,0,0,4,0
raw,616,115,6,0,0,0,0,0,1,0,17,0
raw,158,38,2,0,2,0,0,0,0,0,4,1
raw,482,121,9,6,0,0,0,0,1,0,16,3
raw,25,6,2,0,0,0,0,0,0,0,0,0
raw,279,67,5,0,0,0,0,0,0,0,6,1
raw,491,107,1,0,0,0,0,0,0,2,15,0
raw,409,103,5,0,0,0,0,0,0,0,7,3
raw,409,95,7,0,0,0,0,0,1,2,10,1
raw,287,56,6,0,0,0,0,0,0,0,8,0
raw,230,51,2,0,0,0,0,0,0,0,7,0
raw,186,40,2,2,0,0,0,0,0,0,11,1
raw,1005,230,16,0,1,0,0,0,0,6,41,2
raw,224,49,1,2,1,0,0,0,1,0,6,5
raw,1181,248,3,6,0,0,0,0,1,2,34,7
raw,273,62,3,0,0,0,0,0,0,3,8,6
raw,487,111,8,0,2,0,0,0,0,0,14,3
raw,181,42,1,0,0,0,0,0,0,0,8,0
raw,60,12,1,1,0,0,0,0,0,0,0,0
raw,444,104,6,0,0,0,0,0,0,0,15,4
raw,363,77,7,0,0,0,0,0,0,0,8,1
raw,65,18,2,1,0,0,0,0,1,0,3,0
raw,305,71,1,2,0,0,0,0,0,0,11,3
raw,235,55,1,0,0,0,0,0,0,0,4,0
raw,383,90,5,1,2,0,0,0,0,3,5,2
raw,777,168,10,0,0,0,0,0,0,2,22,4
raw,1312,298,11,9,0,0,0,0,2,0,40,4
raw,172,39,4,0,0,0,0,0,0,1,4,2
raw,219,55,5,0,0,0,0,0,0,0,5,2
raw,35,8,2,0,1,0,0,0,0,0,0,0
raw,560,122,2,0,0,0,0,0,0,0,23,2
raw,857,190,7,1,1,0,0,0,0,4,28,0
raw,391,85,3,0,0,0,0,0,0,1,16,1
raw,178,41,3,0,0,0,0,0,0,0,9,2
raw,617,138,6,1,0,0,0,0,4,2,18,4
raw,1489,341,11,0,0,0,0,0,1,0,38,2
raw,1281,282,17,0,10,0,0,0,8,5,44,1
raw,224,51,2,0,0,0,0,0,0,2,11,1
raw,425,102,4,6,0,0,0,0,2,2,9,2
raw,1479,347,3,9,0,0,0,0,6,3,36,8
raw,1235,276,21,0,0,0,0,0,0,2,29,5
raw,573,124,4,1,0,0,0,0,0,0,21,2
raw,32,7,1,0,0,0,0,0,0,0,0,0
raw,110,21,2,0,0,0,0,0,0,3,3,1
raw,560,133,4,0,0,0,0,0,0,2,15,3
raw,1927,446,34,14,0,0,0,0,1,5,80,8
raw,178,42,3,0,1,0,0,0,0,0,4,0
raw,141,33,4,0,0,0,0,0,0,1,6,1
raw,309,73,3,0,0,0,0,0,1,0,36,0
raw,305,68,4,0,0,0,0,0,0,3,7,0
raw,40,11,1,0,0,0,0,0,0,0,1,0
raw,228,58,6,3,0,0,0,0,0,0,5,2
raw,490,106,1,0,0,0,0,0,0,1,7,3
raw,149,37,3,0,0,0,0,0,0,0,2,0
raw,104,26,4,0,0,0,0,0,0,0,5,0
raw,277,60,2,0,0,0,0,0,0,1,9,3
raw,143,29,4,0,0,0,0,0,0,0,4,4
raw,293,70,4,1,0,0,0,0,0,1,8,1
raw,1446,330,19,2,0,0,0,0,0,1,41,4
raw,849,178,9,0,0,0,0,0,0,0,34,2
raw,286,57,6,0,0,0,0,0,0,0,8,1
raw,141,36,3,0,0,0,0,0,1,0,3,1
raw,301,75,5,2,1,0,0,0,0,0,10,3
raw,431,98,7,1,0,0,0,0,0,0,5,4
raw,112,27,1,0,0,0,0,0,0,0,2,0
raw,394,90,6,0,0,0,0,0,0,1,12,5
raw,261,61,1,0,0,0,0,0,0,0,9,0
raw,18,5,1,0,0,0,0,0,0,0,1,1
raw,482,103,7,0,0,0,0,0,1,4,19,2
raw,162,42,3,0,0,0,0,0,2,0,6,1
raw,414,87,4,0,0,0,0,0,0,2,12,3
raw,3,1,1,0,0,0,0,0,0,0,1,0
raw,552,112,6,0,0,0,0,0,0,0,6,1
raw,126,27,3,0,1,0,0,0,0,0,2,4
raw,363,79,5,0,0,0,0,0,0,0,10,5
raw,331,72,1,1,3,0,0,0,1,2,8,3
raw,418,107,1,0,0,0,0,0,0,3,18,1
raw,40,8,2,0,0,0,0,0,0,0,2,0
raw,850,220,8,0,2,0,0,0,1,7,22,2
raw,315,73,4,0,1,0,0,0,0,0,7,0
raw,906,153,9,1,0,0,0,0,6,4,41,2
raw,55,13,3,0,0,0,0,0,0,0,2,0
raw,300,76,9,0,0,0,0,0,0,1,9,1
raw,83,20,1,1,0,0,0,0,0,2,6,0
raw,177,37,4,0,0,0,0,0,0,0,6,1
raw,198,46,2,0,0,0,0,0,0,0,7,3
raw,894,197,9,0,0,0,0,0,2,0,16,7
raw,82,18,2,0,0,0,0,0,0,0,2,0
raw,394,92,4,0,0,0,0,0,1,2,16,1
raw,2161,494,25,7,0,0,0,0,7,0,54,7
raw,149,34,1,0,0,0,0,0,0,0,2,3
raw,225,52,2,0,0,0,0,0,0,2,9,1
raw,180,38,2,1,0,0,0,0,1,0,7,1
raw,571,115,7,0,0,0,0,0,1,2,13,8
raw,91,18,1,0,1,0,0,0,0,0,5,2
raw,51,15,2,0,1,0,0,0,0,0,1,2
raw,173,41,3,0,0,0,0,0,0,2,8,1
raw,156,36,2,0,0,0,0,0,0,1,5,0
raw,173,36,2,1,0,0,0,0,1,0,9,1
raw,380,95,4,0,0,0,0,0,0,0,11,1
raw,308,79,4,1,0,0,0,0,1,4,10,1
raw,489,111,8,0,0,0,0,0,0,5,11,2
raw,104,23,2,0,0,0,0,0,0,0,3,1
raw,850,196,22,0,0,0,0,0,0,1,47,4
raw,280,66,7,0,0,0,0,0,0,1,5,4
raw,722,168,6,0,0,0,0,0,0,1,16,1
raw,506,110,5,0,6,0,0,0,0,0,25,3
raw,88,16,1,0,0,0,0,0,0,0,2,2
raw,317,70,4,0,0,0,0,0,0,0,14,2
raw,382,73,1,1,0,0,0,0,0,1,9,1
raw,200,46,2,0,0,0,0,0,0,4,4,1
raw,115,26,1,0,0,0,0,0,0,0,3,1
raw,450,94,5,4,0,0,0,0,0,0,11,3
raw,409,99,6,0,0,0,0,0,0,1,13,4
raw,309,66,3,1,0,0,0,0,2,0,6,1
raw,362,78,2,0,1,0,0,0,2,0,10,1
raw,170,34,4,1,0,0,0,0,0,0,3,0
raw,249,58,4,0,0,0,0,0,1,0,7,0
raw,191,33,1,0,0,0,0,0,0,0,11,0
raw,500,110,7,0,0,0,0,0,0,1,9,4
raw,508,124,14,0,0,0,0,0,0,0,14,2
raw,1062,241,13,12,0,0,0,0,0,12,22,7
raw,197,45,2,0,0,0,0,0,0,2,9,3
raw,903,208,14,0,0,0,0,0,0,1,15,2
raw,1346,301,15,2,2,0,0,0,0,3,36,7
raw,188,37,3,0,0,0,0,0,0,0,10,0
raw,475,92,5,0,0,0,0,0,0,2,12,6
raw,451,99,6,0,0,0,0,0,0,0,11,5
raw,354,81,6,1,0,0,0,0,1,6,17,4
raw,542,121,3,0,0,0,0,0,0,2,20,0
raw,97,21,1,0,0,0,0,0,0,0,3,2
raw,995,233,11,1,0,0,0,0,0,2,25,3
raw,189,43,1,0,0,0,0,0,0,0,9,1
raw,53,10,1,1,0,0,0,0,0,0,2,3
raw,162,38,1,1,0,0,0,0,1,0,3,2
raw,99,24,1,1,0,0,0,0,0,0,7,0
raw,455,99,1,0,0,0,0,0,1,3,12,3
raw,564,130,10,1,0,0,0,0,2,0,20,3
raw,471,106,6,0,0,0,0,0,1,1,11,6
raw,39,9,1,0,0,0,0,0,0,0,0,0
raw,218,48,1,0,0,0,0,0,1,1,8,0
raw,98,18,1,0,0,0,0,0,1,0,2,3
raw,69,15,1,0,0,0,0,0,0,0,3,2
raw,441,95,4,0,0,0,0,0,0,0,11,4
raw,36,7,1,0,0,0,0,0,0,0,2,2
raw,1485,339,13,7,0,0,0,0,5,1,52,5
raw,92,21,3,0,0,0,0,0,0,0,3,0
raw,69,15,1,0,0,0,0,0,0,1,5,0
raw,601,134,8,0,0,0,0,0,0,0,14,7
raw,500,119,7,2,0,0,0,0,1,1,9,6
raw,718,165,4,1,0,0,0,0,0,2,25,4
raw,527,129,8,0,0,0,0,0,0,3,21,2
raw,110,23,3,0,0,0,0,0,0,0,1,2
raw,637,152,9,1,1,0,0,0,0,3,13,3
raw,721,158,11,0,0,0,0,0,0,0,16,6
raw,49,9,1,0,0,0,0,0,0,0,1,0
raw,36,8,1,1,0,0,0,0,0,0,1,0
raw,53,11,1,0,0,0,0,0,0,0,3,1
raw,108,25,2,0,0,0,0,0,2,0,4,0
raw,404,94,6,0,0,0,0,0,0,3,12,2
raw,373,79,2,0,0,0,0,0,0,3,13,2
raw,485,88,3,0,0,0,0,0,0,0,47,0
raw,154,33,1,0,0,0,0,0,0,0,3,3
raw,232,57,3,1,0,0,0,0,0,2,7,5
raw,470,100,6,0,0,0,0,0,0,0,23,0
raw,156,38,4,0,0,0,0,0,0,5,7,0
raw,15,3,1,0,0,0,0,0,0,0,1,1
raw,241,53,5,0,1,0,0,0,0,0,5,2
raw,809,175,14,0,0,0,0,0,0,3,27,1
raw,109,24,3,1,0,0,0,0,0,0,2,1
raw,40,7,2,0,0,0,0,0,0,0,1,3
raw,138,29,4,0,1,0,0,0,0,1,5,0
raw,204,45,5,0,0,0,0,0,0,3,7,1
raw,613,127,10,0,1,0,0,0,0,0,13,5
raw,179,43,1,0,0,0,0,0,0,2,4,0
raw,538,100,7,0,0,0,0,0,0,0,62,0
raw,245,55,2,0,0,0,0,0,0,0,9,0
raw,235,61,5,0,0,0,0,0,1,0,6,2
raw,456,106,7,0,0,0,0,0,0,0,10,2
raw,24,5,1,0,0,0,0,0,0,0,1,0
raw,62,13,2,0,0,0,0,0,0,0,1,0
raw,180,40,2,0,0,0,0,0,0,0,2,1
raw,190,39,2,1,0,0,0,0,0,0,11,0
raw,915,212,10,5,1,0,0,0,0,0,25,4
raw,211,37,4,1,0,0,0,0,1,1,4,3
raw,433,108,11,0,0,0,0,0,1,3,12,4
raw,150,33,3,0,0,0,0,0,0,0,3,1
raw,773,196,11,9,0,0,0,0,2,2,14,1
raw,159,33,1,0,0,0,0,0,0,0,3,2
raw,77,12,1,0,1,0,0,0,1,0,2,0
raw,253,59,6,0,0,0,0,0,0,0,8,2
raw,651,143,14,0,0,0,0,0,0,1,25,3
raw,344,74,8,0,0,0,0,0,0,0,4,1
raw,452,108,8,0,0,0,0,0,0,1,10,2
raw,191,42,3,1,0,0,0,0,0,0,5,1
raw,233,52,4,0,0,0,0,0,0,0,7,1
raw,432,92,3,5,0,0,0,0,2,2,17,2
raw,620,140,3,6,0,0,0,0,1,0,27,2
raw,58,12,1,0,0,0,0,0,0,0,1,0
raw,336,74,6,0,0,0,0,0,1,0,14,2
raw,82,12,1,0,0,0,0,0,0,1,2,1
raw,172,38,2,0,0,0,0,0,0,1,4,1
raw,447,100,1,1,1,0,0,0,4,0,19,0
raw,186,37,2,1,0,0,0,0,0,0,7,0
raw,148,30,1,0,0,0,0,0,0,0,6,3
raw,258,55,3,0,0,0,0,0,0,2,11,2
raw,443,106,5,0,1,0,0,0,0,5,15,2
raw,378,87,5,0,0,0,0,0,0,0,9,2
raw,86,16,2,0,0,0,0,0,0,0,3,1
raw,246,55,4,0,0,0,0,0,0,0,10,1
raw,430,98,7,0,0,0,0,0,0,1,12,1
raw,65,13,1,1,0,0,0,0,0,0,1,0
raw,3992,910,16,0,4,0,0,0,4,3,124,10
raw,250,52,1,0,0,0,0,0,0,0,3,0
raw,209,51,3,0,0,0,0,0,0,1,8,0
raw,574,131,1,0,2,0,0,0,1,2,17,3
raw,42,9,1,0,0,0,0,0,0,0,2,2
raw,107,22,1,1,0,0,0,0,1,0,2,3
raw,939,217,10,0,0,0,0,0,3,1,16,6
raw,210,48,2,0,0,0,0,0,0,1,4,1
raw,1213,299,5,0,2,0,0,0,1,4,55,1
raw,121,26,3,3,0,0,0,0,0,0,3,0
raw,629,149,8,0,0,0,0,0,2,3,15,5
raw,219,51,1,0,1,0,0,0,0,1,4,0
raw,531,112,8,2,0,0,0,0,1,1,11,3
raw,135,30,4,0,0,0,0,0,0,3,2,1
raw,1613,404,26,1,1,0,0,0,1,12,54,1
raw,197,45,5,0,0,0,0,0,0,0,5,2
raw,281,65,6,0,0,0,0,0,0,1,10,0
raw,155,24,3,0,0,0,0,0,0,0,4,1
raw,180,38,2,0,0,0,0,0,0,0,10,1
raw,217,46,2,0,0,0,0,0,1,0,6,3
raw,424,94,1,0,1,0,0,0,0,1,12,2
raw,483,109,5,1,0,0,0,0,0,3,21,1
raw,98,19,1,3,0,0,0,0,0,0,6,0
raw,234,50,1,0,0,0,0,0,0,0,3,1
raw,111,26,2,0,0,0,0,0,0,3,4,0
raw,313,80,9,3,0,0,0,0,0,0,3,0
raw,302,73,4,0,2,0,0,0,0,1,2,2
raw,374,85,10,0,0,0,0,0,0,5,12,0
raw,462,107,11,0,0,0,0,0,1,3,11,4
raw,1009,227,9,0,0,0,0,0,0,0,21,3
raw,699,168,5,0,0,0,0,0,0,0,13,1
raw,139,33,1,0,0,0,0,0,0,0,7,0
raw,530,113,4,0,2,0,0,0,1,0,22,2
raw,434,86,6,1,0,0,0,0,1,3,7,4
raw,51,13,3,0,0,0,0,0,0,0,3,0
raw,102,21,2,1,0,0,0,0,0,0,1,0
raw,351,65,2,0,0,0,0,0,0,0,7,2
raw,562,133,3,0,0,0,0,0,2,4,26,5
raw,142,29,2,1,0,0,0,0,0,0,7,2
raw,113,22,3,1,0,0,0,0,0,0,6,0
raw,416,93,12,0,0,0,0,0,0,4,21,0
raw,343,76,5,1,0,0,0,0,0,1,10,1
raw,802,188,2,0,0,0,0,0,1,0,24,5
raw,327,65,1,0,1,0,0,0,0,0,9,4
raw,257,62,2,0,0,0,0,0,0,1,2,3
raw,242,62,1,1,0,0,0,0,1,0,6,1
raw,445,103,10,0,0,0,0,0,1,3,14,6
raw,460,103,8,0,0,0,0,0,0,0,10,3
raw,87,18,3,0,0,0,0,0,0,0,3,1
raw,112,26,2,0,0,0,0,0,0,1,2,0
raw,236,53,4,0,0,0,0,0,0,0,4,0
raw,944,225,9,1,0,0,0,0,2,0,26,0
raw,632,132,7,0,0,0,0,0,1,0,24,3
raw,24,7,1,0,0,0,0,0,0,0,1,0
raw,14,3,1,0,0,0,0,0,0,0,0,0
raw,77,16,1,0,0,0,0,0,0,2,5,0
raw,117,29,3,0,0,0,0,0,0,0,3,0
raw,251,59,1,0,0,0,0,0,0,3,8,0
raw,434,100,7,1,0,0,0,0,0,1,8,2
raw,49,8,1,0,0,0,0,0,0,0,2,2
raw,312,74,5,0,0,0,0,0,0,1,6,4
raw,777,168,9,0,1,0,0,0,0,0,24,2
raw,51,11,1,0,0,0,0,0,0,0,2,0
raw,307,67,5,0,0,0,0,0,0,0,11,0
raw,445,96,6,0,0,0,0,0,0,0,9,1
raw,930,215,5,0,0,0,0,0,0,1,26,0
raw,4,1,1,0,0,0,0,0,0,0,1,0
raw,215,46,2,1,0,0,0,0,2,1,10,1
raw,106,25,2,1,0,0,0,0,1,1,5,1
raw,606,143,6,0,1,0,0,0,0,9,17,2
raw,348,78,6,0,0,0,0,0,0,1,8,2
raw,632,145,7,0,0,0,0,0,1,0,14,18
raw,202,46,2,0,1,0,0,0,0,0,5,2
raw,713,149,9,0,0,0,0,0,0,1,14,8
raw,234,52,3,0,0,0,0,0,0,0,9,3
raw,691,165,7,0,0,0,0,0,1,3,28,0
raw,83,11,1,0,0,0,0,0,0,0,1,2
raw,66,14,1,0,0,0,0,0,0,1,5,0
raw,240,53,6,0,0,0,0,0,0,0,7,0
raw,630,150,10,0,1,0,0,0,0,5,34,1
raw,623,141,5,4,1,0,0,0,1,6,10,2
raw,91,24,3,0,0,0,0,0,0,4,1,0
raw,44,8,1,0,1,0,0,0,0,0,1,0
raw,332,74,6,0,2,0,0,0,0,1,12,1
raw,621,143,3,10,0,0,0,0,4,2,10,6
raw,601,132,6,0,0,0,0,0,0,0,23,2
raw,886,196,14,5,0,0,0,0,0,0,14,7
raw,179,39,4,0,1,0,0,0,0,0,10,0
raw,45,8,1,0,0,0,0,0,0,0,0,0
raw,44,11,1,0,1,0,0,0,1,0,3,0
raw,40,8,1,0,0,0,0,0,0,0,2,0
raw,905,184,10,0,0,0,0,0,0,0,26,3
raw,39,9,2,0,0,0,0,0,0,0,1,0
raw,355,78,5,1,0,0,0,0,0,0,15,2
raw,74,16,2,0,0,0,0,0,0,0,3,0
raw,205,38,1,1,0,0,0,0,1,0,7,3
raw,56,10,2,0,0,0,0,0,0,0,0,0
raw,603,148,7,1,0,0,0,0,1,2,25,4
raw,149,33,1,5,0,0,0,0,2,0,7,1
raw,375,82,5,1,1,0,0,0,0,2,13,8
raw,450,97,9,0,0,0,0,0,0,4,13,2
raw,1149,319,22,1,3,0,0,0,1,7,25,1
raw,472,99,10,0,0,0,0,0,0,2,11,4
raw,654,115,7,0,0,0,0,0,0,0,19,7
raw,83,16,1,0,0,0,0,0,0,0,1,2
raw,111,22,1,1,0,0,0,0,0,0,3,1
raw,203,46,1,2,0,0,0,0,0,0,8,0
raw,540,131,3,0,1,0,0,0,0,2,14,2
raw,148,30,4,0,0,0,0,0,0,0,5,3
raw,276,69,6,0,0,0,0,0,0,0,5,2
raw,495,105,5,3,1,0,0,0,3,1,15,1
raw,28,7,1,0,0,0,0,0,0,0,1,0
raw,453,103,9,0,0,0,0,0,0,1,11,5
raw,344,79,2,0,0,0,0,0,0,3,11,0
raw,118,25,1,0,0,0,0,0,0,1,4,1
raw,847,188,9,0,0,0,0,0,0,0,22,4
raw,47,9,1,0,0,0,0,0,0,0,7,0
raw,67,16,1,0,0,0,0,0,0,2,6,0
raw,1100,240,8,0,1,0,0,0,1,3,31,4
raw,181,36,2,1,0,0,0,0,0,0,4,1
raw,324,73,3,1,0,0,0,0,0,3,11,0
raw,522,114,11,0,0,0,0,0,0,1,14,0
raw,472,83,3,0,0,0,0,0,0,0,19,5
raw,791,184,12,0,0,0,0,0,1,12,43,2
raw,273,68,5,1,0,0,0,0,0,1,13,1
raw,437,97,4,4,0,0,0,0,0,2,8,2
raw,109,22,2,0,0,0,0,0,0,1,7,0
raw,289,85,2,1,0,0,0,0,3,2,14,1
raw,179,39,1,0,0,0,0,0,0,0,8,1
raw,868,193,9,0,0,0,0,0,0,0,19,8
raw,193,43,4,0,0,0,0,0,1,0,4,1
raw,233,50,4,0,0,0,0,0,0,0,6,0
raw,296,63,3,1,0,0,0,0,0,1,14,0
raw,208,46,5,0,0,0,0,0,0,1,6,2
raw,234,52,4,1,1,0,0,0,1,0,10,0
raw,118,27,3,0,0,0,0,0,0,0,9,1
raw,132,26,4,0,0,0,0,0,0,0,6,2
raw,448,101,7,0,1,0,0,0,0,0,17,1
raw,794,187,14,2,0,0,0,0,0,0,15,4
raw,52,14,3,0,0,0,0,0,0,0,2,1
raw,689,161,7,3,1,0,0,0,0,1,25,2
raw,197,39,4,0,0,0,0,0,0,0,8,2
raw,122,25,4,0,0,0,0,0,0,0,2,2
raw,143,36,3,0,0,0,0,0,0,0,4,1
raw,370,76,6,0,0,0,0,0,0,0,14,0
raw,350,74,10,0,0,0,0,0,0,2,12,2
raw,454,101,9,0,0,0,0,0,0,1,8,6
raw,151,34,2,0,0,0,0,0,0,1,1,2
raw,556,133,5,4,0,0,0,0,0,1,7,5
raw,463,95,2,1,0,0,0,0,0,3,13,3
raw,459,103,7,0,0,0,0,0,0,1,9,3
raw,185,47,5,0,0,0,0,0,0,1,6,1
raw,301,64,7,0,0,0,0,0,0,0,6,0
raw,43,10,2,0,0,0,0,0,0,0,1,0
raw,530,119,8,1,0,0,0,0,0,0,11,1
raw,213,43,1,0,0,0,0,0,0,1,3,1
raw,521,112,3,0,0,0,0,0,0,1,18,1
raw,128,27,1,0,0,0,0,0,0,0,0,1
raw,701,156,6,2,2,0,0,0,3,2,22,2
raw,522,112,10,0,0,0,0,0,0,1,18,1
raw,305,67,5,0,0,0,0,0,0,0,10,1
raw,145,28,1,0,0,0,0,0,0,2,5,1
raw,806,187,4,0,3,0,0,0,4,1,34,1
raw,1202,255,19,0,0,0,0,0,0,1,28,4
raw,703,152,7,2,0,0,0,0,0,1,25,3
raw,575,135,9,0,0,0,0,0,0,1,13,2
raw,587,133,8,0,1,0,0,0,0,0,17,2
raw,832,192,10,2,2,0,0,0,1,1,19,7
raw,106,21,2,0,0,0,0,0,0,0,3,1
raw,552,126,6,1,0,0,0,0,0,0,12,0
raw,158,32,1,0,0,0,0,0,0,1,6,0
raw,449,100,2,1,0,0,0,0,1,1,20,4
raw,265,66,6,0,0,0,0,0,0,1,9,2
raw,121,27,1,0,0,0,0,0,0,0,2,0
raw,126,34,3,0,0,0,0,0,0,0,1,0
raw,450,101,8,0,0,0,0,0,0,1,15,5
raw,183,42,4,0,0,0,0,0,0,0,3,3
raw,83,17,1,0,0,0,0,0,0,0,1,1
raw,236,56,4,0,0,0,0,0,0,0,1,0
raw,158,34,2,0,0,0,0,0,0,0,8,0
raw,64,14,2,0,0,0,0,0,0,0,2,0
raw,345,84,6,2,0,0,0,0,0,1,10,3
raw,143,31,2,1,0,0,0,0,0,0,3,0
raw,679,152,7,0,3,0,0,0,0,2,16,5
raw,60,8,1,0,0,0,0,0,0,0,1,2
raw,86,20,2,0,0,0,0,0,1,0,3,0
raw,125,35,1,0,0,0,0,0,1,2,5,0
raw,615,150,2,5,0,0,0,0,1,4,18,1
raw,569,133,7,0,2,0,0,0,0,1,18,6
raw,104,24,3,0,0,0,0,0,0,1,1,1
raw,1097,235,13,0,0,0,0,0,0,0,18,3
raw,734,161,5,0,0,0,0,0,0,3,18,3
raw,664,149,7,2,1,0,0,0,0,4,25,1
raw,115,24,2,0,0,0,0,0,0,2,4,0
raw,105,25,2,0,1,0,0,0,0,0,2,1
raw,476,102,9,0,0,0,0,0,0,0,13,1
raw,222,40,3,0,1,0,0,0,0,0,8,1
raw,249,54,4,0,0,0,0,0,0,0,8,1
raw,237,46,5,0,0,0,0,0,0,0,5,3
raw,498,110,4,0,0,0,0,0,0,3,20,1
raw,609,134,9,1,0,0,0,0,0,1,12,5
raw,328,65,1,1,0,0,0,0,1,0,8,1
raw,797,188,13,0,0,0,0,0,1,1,19,6
raw,1435,333,15,0,1,0,0,0,1,4,34,10
raw,138,26,2,0,0,0,0,0,1,0,4,1
raw,127,33,6,0,0,0,0,0,0,1,2,1
raw,478,114,7,0,0,0,0,0,1,1,8,0
raw,773,166,9,0,0,0,0,0,0,2,24,13
raw,31,6,1,0,0,0,0,0,0,0,2,1
raw,74,12,3,0,0,0,0,0,0,0,3,2
raw,136,32,2,0,0,0,0,0,0,1,4,2
raw,214,47,5,0,0,0,0,0,0,2,7,0
raw,102,26,2,0,0,0,0,0,0,0,5,0
raw,154,36,3,1,0,0,0,0,0,0,3,0
raw,314,70,4,0,0,0,0,0,0,0,12,1
raw,238,61,3,0,0,0,0,0,0,1,10,0
raw,1411,318,14,0,0,0,0,0,0,0,35,5
raw,347,72,5,0,0,0,0,0,0,4,19,1
raw,395,90,7,0,0,0,0,0,0,2,17,2
raw,389,88,4,0,0,0,0,0,1,2,11,1
raw,66,13,1,0,0,0,0,0,0,1,2,1
raw,139,29,1,0,0,0,0,0,0,0,3,1
raw,98,19,1,0,0,0,0,0,0,0,4,2
raw,516,124,2,0,2,0,0,0,0,8,11,3
raw,626,143,6,1,2,0,0,0,2,5,29,1
raw,236,46,1,0,0,0,0,0,0,0,5,2
raw,265,63,5,2,0,0,0,0,0,0,4,1
raw,505,113,5,2,1,0,0,0,3,2,16,2
raw,110,22,3,0,2,0,0,0,0,0,2,0
raw,63,11,3,0,0,0,0,0,1,0,2,1
raw,102,18,2,0,0,0,0,0,0,0,2,0
raw,545,125,4,0,1,0,0,0,0,3,9,2
raw,677,179,10,2,2,0,0,0,4,3,17,4
raw,375,71,3,0,0,0,0,0,0,0,5,2
raw,177,38,3,1,0,0,0,0,0,0,3,0
raw,501,108,7,0,0,0,0,0,0,1,10,8
raw,205,54,4,0,0,0,0,0,0,1,4,1
raw,478,117,4,3,0,0,0,0,1,2,21,0
raw,113,27,1,1,0,0,0,0,0,1,2,1
raw,479,110,8,0,0,0,0,0,0,3,13,5
raw,468,99,6,0,1,0,0,0,0,4,18,3
raw,636,149,5,1,0,0,0,0,0,1,14,0
raw,782,175,14,0,1,0,0,0,1,2,17,2
raw,355,88,12,0,0,0,0,0,0,0,5,3
raw,68,17,1,0,0,0,0,0,0,0,6,1
raw,591,129,9,0,1,0,0,0,0,2,20,1
raw,304,64,6,0,0,0,0,0,0,0,8,0
raw,439,111,7,0,1,0,0,0,1,3,13,2
raw,303,70,6,0,0,0,0,0,0,0,4,0
raw,194,41,3,0,0,0,0,0,0,2,10,1
raw,717,157,11,2,0,0,0,0,1,3,31,1
raw,173,37,1,2,0,0,0,0,0,0,7,3
raw,331,83,7,0,0,0,0,0,0,6,14,0
raw,160,36,5,1,0,0,0,0,0,2,5,0
raw,414,104,7,0,0,0,0,0,0,1,16,2
raw,406,91,4,0,0,0,0,0,0,1,22,1
raw,154,37,2,0,0,0,0,0,0,0,4,2
raw,52,12,1,0,0,0,0,0,1,0,2,1
raw,75,16,1,2,0,0,0,0,0,0,0,0
raw,959,210,4,0,0,0,0,0,0,1,22,3
raw,577,127,8,0,0,0,0,0,1,0,20,6
raw,506,111,8,0,0,0,0,0,0,1,18,2
raw,323,72,4,0,0,0,0,0,0,4,9,1
raw,89,21,2,0,0,0,0,0,0,0,4,1
raw,420,97,8,0,0,0,0,0,0,0,14,5
raw,26,5,1,0,0,0,0,0,0,0,1,0
raw,478,107,9,0,1,0,0,0,1,0,10,4
raw,85,22,1,0,0,0,0,0,0,1,1,0
raw,207,49,6,0,0,0,0,0,1,2,12,0
raw,1185,274,6,0,6,0,0,0,0,8,29,3
raw,100,26,5,0,1,0,0,0,0,1,4,0
raw,136,34,3,0,0,0,0,0,0,0,5,0
raw,4,1,1,0,0,0,0,0,0,0,1,0
raw,540,123,6,0,0,0,0,0,0,1,13,3
raw,583,144,13,0,0,0,0,0,0,3,15,2
raw,555,138,10,0,0,0,0,0,0,2,13,2
raw,425,93,4,0,0,0,0,0,0,1,14,7
raw,255,53,5,0,0,0,0,0,0,0,9,3
raw,108,25,1,0,0,0,0,0,0,0,2,0
raw,736,154,11,0,0,0,0,0,0,0,16,6
raw,476,91,1,0,2,0,0,0,4,2,18,2
raw,291,67,4,1,0,0,0,0,0,1,12,1
raw,403,89,3,0,0,0,0,0,0,2,17,1
raw,117,33,2,0,0,0,0,0,0,0,1,0
raw,405,81,6,0,1,0,0,0,1,1,14,4
raw,248,47,5,0,1,0,0,0,0,0,10,2
raw,214,46,1,0,0,0,0,0,0,0,3,3
raw,157,32,1,0,0,0,0,0,0,0,4,1
raw,87,17,1,1,0,0,0,0,0,0,1,5
raw,901,214,11,6,1,0,0,0,1,5,32,8
raw,80,24,2,0,0,0,0,0,0,2,2,0
raw,268,54,10,0,0,0,0,0,0,1,9,3
raw,405,86,2,0,0,0,0,0,1,0,7,3
raw,284,70,3,0,0,0,0,0,0,0,4,0
raw,678,124,3,0,0,0,0,0,0,2,74,0
raw,127,29,2,0,0,0,0,0,0,0,3,1
raw,205,33,1,0,0,0,0,0,0,0,5,2
raw,831,178,11,0,0,0,0,0,0,0,24,1
raw,49,13,1,0,0,0,0,0,0,0,1,0
raw,124,34,2,0,0,0,0,0,1,0,3,1
raw,205,46,3,0,0,0,0,0,0,0,4,3
raw,63,14,1,0,0,0,0,0,0,0,4,0
raw,393,102,2,0,0,0,0,0,2,1,12,2
raw,72,18,1,0,0,0,0,0,0,0,2,0
raw,54,11,1,0,0,0,0,0,0,0,1,3
raw,515,108,8,0,1,0,0,0,1,0,12,2
raw,246,54,3,0,0,0,0,0,2,0,5,2
raw,465,105,6,2,1,0,0,0,1,4,7,0
raw,1025,232,5,1,2,0,0,0,0,2,16,9
raw,599,127,9,0,0,0,0,0,0,3,24,0
raw,452,102,4,0,2,0,0,0,0,2,17,0
raw,31,8,1,0,0,0,0,0,0,0,2,1
raw,179,41,1,0,0,0,0,0,0,3,11,0
raw,469,107,6,1,0,0,0,0,1,2,18,0
raw,68,12,1,0,1,0,0,0,0,0,2,1
raw,162,31,3,0,0,0,0,0,0,1,8,2
raw,230,54,3,0,0,0,0,0,1,0,8,2
raw,100,27,3,1,0,0,0,0,1,1,3,1
raw,143,27,1,0,0,0,0,0,1,0,4,3
raw,109,25,1,0,0,0,0,0,0,1,5,0
raw,322,70,6,0,0,0,0,0,1,1,13,1
raw,118,32,2,0,0,0,0,0,0,0,5,0
raw,586,136,10,2,0,0,0,0,0,3,19,3
raw,231,57,5,0,0,0,0,0,0,1,5,1
raw,123,28,2,1,0,0,0,0,0,0,3,0
raw,106,21,3,0,0,0,0,0,0,0,4,1
raw,107,29,1,0,0,0,0,0,1,0,1,1
raw,620,138,10,0,0,0,0,0,2,0,13,7
raw,618,147,7,0,0,0,0,0,0,1,16,0
raw,447,95,7,0,0,0,0,0,0,0,9,1
raw,1449,356,24,0,2,0,0,0,1,9,39,0
raw,9,2,1,0,0,0,0,0,0,0,1,0
raw,41,11,1,0,0,0,0,0,0,0,1,0
raw,147,36,1,0,2,0,0,0,0,0,7,1
raw,294,69,6,0,0,0,0,0,0,0,9,1
raw,577,120,6,0,0,0,0,0,0,1,82,0
raw,269,60,5,0,0,0,0,0,0,0,4,1
raw,75,17,3,0,0,0,0,0,0,0,3,2
raw,119,22,2,0,0,0,0,0,0,0,2,0
raw,499,117,4,0,0,0,0,0,0,2,15,2
raw,379,77,3,1,0,0,0,0,0,0,12,5
raw,35,6,1,0,0,0,0,0,0,0,2,1
raw,500,116,7,0,0,0,0,0,0,0,11,4
raw,420,94,4,0,0,0,0,0,1,5,9,0
raw,576,125,8,1,0,0,0,0,0,1,11,2
raw,654,136,4,1,3,0,0,0,6,0,17,3
raw,124,30,3,0,0,0,0,0,0,0,6,0
raw,285,62,1,0,0,0,0,0,0,1,8,3
raw,262,66,3,0,0,0,0,0,0,4,16,1
raw,56,12,1,0,0,0,0,0,0,0,1,1
raw,377,80,6,1,0,0,0,0,0,3,11,4
raw,506,113,1,3,0,0,0,0,3,0,15,1
raw,192,50,3,0,1,0,0,0,0,1,14,2
raw,303,75,6,0,0,0,0,0,0,1,11,0
raw,67,13,1,0,0,0,0,0,0,0,6,0
raw,90,19,1,0,0,0,0,0,0,0,4,1
raw,1347,330,12,7,0,0,0,0,6,2,37,4
raw,1188,273,8,0,0,0,0,0,0,0,31,6
raw,143,32,1,3,0,0,0,0,0,0,1,1
raw,630,145,8,0,0,0,0,0,0,0,17,3
raw,362,81,12,0,0,0,0,0,0,2,14,6
raw,115,27,1,0,0,0,0,0,2,0,3,1
raw,292,65,5,0,0,0,0,0,0,0,6,0
raw,127,25,1,0,0,0,0,0,0,0,3,2
raw,388,93,7,1,0,0,0,0,3,0,11,0
raw,107,24,3,0,1,0,0,0,1,0,2,0
raw,514,118,5,1,1,0,0,0,0,0,8,3
raw,69,19,1,0,0,0,0,0,0,0,1,0
raw,113,24,1,0,0,0,0,0,0,0,2,1
raw,58,15,2,0,0,0,0,0,0,0,2,0
raw,157,33,5,0,0,0,0,0,0,0,6,1
raw,152,30,1,0,0,0,0,0,0,0,6,1
raw,101,21,1,1,0,0,0,0,0,1,4,1
raw,581,120,3,0,3,0,0,0,4,2,27,0
raw,8,2,1,0,0,0,0,0,0,0,1,0
raw,131,27,2,0,0,0,0,0,0,1,4,0
raw,550,124,7,0,2,0,0,0,1,0,19,2
raw,510,112,3,5,1,0,0,0,1,0,8,4
raw,510,110,7,0,0,0,0,0,0,0,15,3
raw,226,47,2,0,0,0,0,0,0,0,10,0
raw,151,32,5,0,0,0,0,0,0,0,3,2
raw,91,20,2,1,0,0,0,0,0,0,5,1
raw,410,84,4,1,3,0,0,0,0,2,10,1
raw,799,180,7,0,2,0,0,0,0,2,30,4
raw,522,122,4,0,0,0,0,0,0,4,18,1
raw,71,21,2,0,0,0,0,0,0,0,5,0
raw,493,105,7,0,1,0,0,0,0,0,11,4
raw,930,205,8,0,0,0,0,0,0,0,22,10
raw,596,139,4,4,0,0,0,0,3,7,35,0
raw,180,38,1,1,0,0,0,0,0,0,6,2
raw,189,38,1,0,1,0,0,0,0,1,6,1
raw,30,7,1,0,0,0,0,0,0,0,1,1
raw,489,111,5,6,2,0,0,0,0,6,18,2
raw,81,35,4,0,0,0,0,0,0,0,4,0
raw,676,171,12,2,0,0,0,0,1,6,19,2
raw,301,65,1,2,0,0,0,0,2,0,10,0
raw,105,24,1,0,0,0,0,0,0,0,2,1
raw,110,27,2,0,0,0,0,0,0,0,5,2
raw,558,128,4,2,0,0,0,0,0,2,24,3
raw,242,53,2,2,0,0,0,0,1,1,5,1
raw,541,112,4,0,0,0,0,0,0,0,75,0
raw,284,67,3,0,0,0,0,0,0,0,9,1
raw,221,52,4,1,0,0,0,0,0,0,5,2
raw,495,104,8,0,0,0,0,0,0,0,11,0
raw,95,21,1,0,0,0,0,0,0,0,5,0
raw,431,96,2,5,0,0,0,0,3,2,9,1
raw,190,31,1,0,0,0,0,0,0,0,5,3
raw,145,35,3,0,1,0,0,0,0,2,6,0
raw,545,130,6,0,0,0,0,0,0,0,15,1
raw,330,74,4,0,0,0,0,0,0,0,11,0
raw,149,41,4,0,0,0,0,0,0,3,13,0
raw,72,23,1,0,2,0,0,0,1,1,3,0
raw,19,5,1,0,0,0,0,0,0,0,1,0
raw,113,26,2,0,1,0,0,0,0,1,7,0
raw,441,103,4,0,2,0,0,0,1,3,26,0
raw,1637,362,16,0,0,0,0,0,0,1,67,5
raw,383,76,8,0,1,0,0,0,0,1,8,3
raw,417,82,5,0,0,0,0,0,0,0,6,2
raw,179,33,2,0,0,0,0,0,0,0,6,2
raw,349,77,4,1,0,0,0,0,0,2,11,4
raw,34,7,1,0,0,0,0,0,0,0,2,0
raw,521,115,11,0,0,0,0,0,0,1,18,2
raw,120,32,4,0,0,0,0,0,0,0,2,0
raw,776,168,13,2,1,0,0,0,1,0,27,4
raw,87,21,1,1,0,0,0,0,0,1,3,0
raw,166,40,5,0,0,0,0,0,0,0,4,1
raw,152,33,2,0,0,0,0,0,0,3,7,0
raw,454,101,5,0,0,0,0,0,0,1,14,5
raw,791,159,3,5,0,0,0,0,3,0,23,2
raw,430,99,3,2,0,0,0,0,0,2,7,1
raw,387,83,8,3,1,0,0,0,0,7,15,1
raw,190,36,3,0,0,0,0,0,0,0,7,2
raw,972,232,19,5,0,0,0,1,3,0,29,0
raw,115,24,1,0,0,0,0,0,0,0,2,0
raw,270,58,1,0,1,0,0,0,2,1,8,2
raw,213,51,3,0,0,0,0,0,0,0,10,0
raw,259,48,4,0,0,0,0,0,0,0,9,3
raw,69,11,2,0,0,0,0,0,1,0,2,1
raw,727,156,8,1,0,0,0,0,0,0,33,3
raw,840,205,9,0,2,0,0,0,2,7,32,4
raw,447,105,7,0,0,0,0,0,2,0,13,2
raw,808,172,1,7,1,0,0,0,2,5,40,3
raw,201,38,2,0,0,0,0,0,0,1,4,0
raw,71,14,1,0,0,0,0,0,0,0,2,2
raw,320,78,7,0,0,0,0,0,0,2,15,1
raw,310,63,4,2,0,0,0,0,1,1,9,2
raw,396,88,5,2,0,0,0,0,0,0,14,3
raw,694,147,11,0,0,0,0,0,0,4,17,10
raw,807,193,7,6,1,0,0,0,2,1,24,0
raw,259,56,3,0,1,0,0,0,1,2,8,4
raw,177,41,4,0,0,0,0,0,0,1,4,3
raw,1214,260,10,0,0,0,0,0,0,3,29,5
raw,609,110,2,0,0,0,0,0,0,0,100,0
raw,23,5,1,0,0,0,0,0,0,0,2,0
raw,420,98,6,0,0,0,0,0,2,0,16,2
raw,392,90,7,0,0,0,0,0,0,0,15,4
raw,38,8,1,0,0,0,0,0,1,1,1,0
raw,114,30,1,0,0,0,0,0,0,0,4,0
raw,1337,334,16,0,3,0,0,0,1,0,35,8
raw,662,133,6,0,0,0,0,0,1,0,15,2
raw,280,59,5,0,0,0,0,0,0,2,9,0
raw,83,20,2,0,0,0,0,0,0,0,5,0
raw,388,89,4,0,0,0,0,0,0,0,7,2
raw,289,58,7,0,0,0,0,0,0,0,8,1
raw,88,20,2,0,0,0,0,0,0,0,2,2
raw,175,39,3,0,0,0,0,0,0,0,5,6
raw,213,45,4,1,0,0,0,0,0,0,4,3
raw,1353,298,18,0,5,0,0,0,0,6,66,1
raw,164,38,5,0,0,0,0,0,0,0,5,1
raw,798,170,8,1,0,0,0,0,0,0,23,1
raw,442,101,8,0,0,0,0,0,0,0,6,2
raw,174,42,1,0,0,0,0,0,0,1,3,0
raw,565,130,6,0,0,0,0,0,0,2,21,0
raw,576,124,5,2,0,0,0,0,2,1,18,3
raw,57,13,1,0,0,0,0,0,0,0,0,1
raw,121,24,2,1,0,0,0,0,0,0,5,1
raw,91,20,2,0,0,0,0,0,0,0,2,0
raw,498,102,7,0,0,0,0,0,0,0,10,4
raw,575,133,7,0,1,0,0,0,1,3,10,3
raw,667,148,13,1,0,0,0,0,0,1,20,1
raw,223,48,3,0,1,0,0,0,0,0,12,1
raw,352,82,8,2,0,0,0,0,0,1,7,1
raw,673,149,20,2,0,0,0,0,0,3,23,5
raw,1389,317,14,8,1,0,0,0,0,8,45,3
raw,1045,232,11,10,0,0,0,0,0,3,20,3
raw,714,151,6,0,1,0,0,0,0,0,22,3
raw,932,219,13,2,0,0,0,0,1,5,19,8
raw,194,45,7,0,0,0,0,0,0,0,6,1
raw,278,64,6,0,0,0,0,0,0,0,7,4
raw,698,157,6,2,1,0,0,0,0,3,19,3
raw,539,107,5,2,0,0,0,0,1,0,9,6
raw,724,166,11,0,1,0,0,0,0,8,13,6
raw,539,109,4,3,0,0,0,0,0,1,21,2
raw,155,36,3,0,0,0,0,0,0,2,5,1
raw,791,169,4,3,4,0,0,0,3,5,30,4
raw,209,51,2,1,0,0,0,0,1,1,8,1
raw,411,103,1,0,0,0,0,0,1,4,5,4
raw,244,60,3,0,0,0,0,0,0,1,5,1
raw,13,4,1,0,0,0,0,0,0,0,1,0
raw,150,34,2,3,0,0,0,0,0,1,4,2
raw,1403,353,7,2,2,0,0,0,0,10,51,1
raw,114,30,1,0,0,0,0,0,0,2,1,0
raw,159,33,1,0,0,0,0,0,0,0,4,0
raw,198,43,3,0,0,0,0,0,0,0,6,1
raw,274,57,5,0,0,0,0,0,0,1,12,3
raw,367,79,1,0,0,0,0,0,1,0,10,3
raw,468,106,7,0,0,0,0,0,0,1,16,3
raw,468,124,10,0,4,0,0,0,1,4,14,2
raw,145,31,1,0,0,0,0,0,0,1,5,1
raw,585,137,7,1,0,0,0,0,0,0,26,2
raw,234,55,3,1,0,0,0,0,0,0,10,2
raw,188,46,2,0,1,0,0,0,0,0,10,0
raw,447,111,4,0,0,0,0,0,0,1,7,2
raw,224,51,1,0,0,0,0,0,0,0,13,0
raw,29,5,1,0,0,0,0,0,1,0,3,0
raw,240,44,1,0,0,0,0,0,1,0,18,0
raw,339,86,5,2,0,0,0,0,0,3,14,1
raw,416,90,6,0,0,0,0,0,0,0,15,1
raw,257,55,1,0,0,0,0,0,0,0,6,2
raw,564,128,7,0,0,0,0,0,0,0,16,1
raw,227,49,1,0,0,0,0,0,0,0,7,0
raw,48,12,2,0,0,0,0,0,0,0,0,0
raw,460,96,5,2,0,0,0,0,0,2,14,11
raw,552,134,13,0,0,0,0,0,1,3,16,5
raw,337,69,2,0,0,0,0,0,0,1,14,1
raw,1261,294,15,0,0,0,0,0,1,12,46,2
raw,97,25,2,0,0,0,0,0,0,0,4,0
raw,82,22,2,0,0,0,0,0,1,0,3,0
raw,943,234,13,0,0,0,0,0,4,8,42,0
raw,122,27,3,0,0,0,0,0,0,0,2,3
raw,200,48,4,0,0,0,0,0,1,1,6,3
raw,222,55,7,0,0,0,0,0,0,0,9,2
raw,38,6,1,1,0,0,0,0,0,0,2,1
raw,881,190,8,2,0,0,0,0,0,4,18,2
raw,516,122,10,3,0,0,0,0,0,0,15,3
raw,270,59,3,0,0,0,0,0,0,1,5,2
raw,503,117,11,0,0,0,0,0,0,1,20,1
raw,444,93,8,0,0,0,0,0,0,0,11,3
raw,210,49,2,0,0,0,0,0,0,1,7,0
raw,680,159,9,0,0,0,0,0,1,1,15,1
raw,135,29,1,4,0,0,0,0,0,1,6,0
raw,618,133,3,4,2,0,0,0,1,2,17,3
raw,657,143,9,2,2,0,0,0,3,3,20,2
raw,179,44,3,1,0,0,0,0,1,0,6,0
raw,154,36,3,0,0,0,0,0,0,0,5,1
raw,209,42,1,0,0,0,0,0,0,1,8,0
raw,71,18,3,0,0,0,0,0,0,0,2,1
raw,282,73,3,0,1,0,0,0,0,1,16,0
raw,516,120,5,0,0,0,0,0,0,0,16,0
raw,212,43,4,1,1,0,0,0,1,0,10,0
raw,748,174,10,0,0,0,0,0,0,7,23,0
raw,272,60,3,1,0,0,0,0,1,1,6,3
raw,116,27,3,2,0,0,0,0,1,0,4,2
raw,438,80,1,0,0,0,0,0,0,1,12,5
raw,482,105,8,0,0,0,0,0,1,0,16,2
raw,113,24,3,0,0,0,0,0,0,0,3,0
raw,10,3,1,0,0,0,0,0,0,0,1,0
raw,115,28,3,0,0,0,0,0,0,0,4,0
raw,364,92,2,1,0,0,0,0,0,6,8,0
raw,111,25,3,0,0,0,0,0,0,0,2,2
raw,169,34,4,0,0,0,0,0,0,0,5,5
raw,616,122,8,0,0,0,0,0,2,0,22,2
raw,257,55,2,0,0,0,0,0,0,0,3,3
raw,485,115,7,0,0,0,0,0,0,0,8,3
raw,559,125,9,0,0,0,0,0,2,2,11,4
raw,564,128,7,0,0,0,0,0,0,2,10,4
raw,394,93,6,2,0,0,0,0,0,2,11,0
raw,412,100,5,1,0,0,0,0,1,2,6,1
raw,115,25,2,0,0,0,0,0,0,0,1,1
raw,273,65,3,0,1,0,0,0,2,2,12,2
raw,221,44,2,0,0,0,0,0,1,0,8,3
raw,583,128,7,0,0,0,0,0,0,6,24,1
raw,468,110,7,1,0,0,0,0,1,1,13,4
raw,580,139,2,0,1,0,0,0,0,3,11,4
raw,46,11,1,0,0,0,0,0,0,0,1,0
raw,84,19,2,0,0,0,0,0,0,0,4,1
raw,146,35,3,1,0,0,0,0,1,1,8,1
raw,510,111,10,1,0,0,0,0,2,0,9,2
raw,751,190,16,0,2,0,0,0,0,1,31,3
raw,224,51,2,0,1,0,0,0,2,0,6,1
raw,149,34,1,0,1,0,0,0,0,2,7,2
raw,1061,215,10,0,0,0,0,0,0,0,28,1
raw,73,19,1,0,0,0,0,0,0,2,3,0
raw,499,106,6,0,0,0,0,0,0,1,19,7
raw,933,200,7,0,0,0,0,0,1,0,17,10
raw,83,19,1,2,0,0,0,0,0,0,2,2
raw,745,163,6,1,0,0,0,0,0,1,22,2
raw,240,56,3,0,1,0,0,0,0,2,7,0
raw,204,43,3,1,0,0,0,0,0,0,7,2
raw,828,182,8,0,1,0,0,0,1,10,32,2
raw,410,75,2,0,3,0,0,0,0,0,62,0
raw,155,33,1,0,0,0,0,0,0,0,3,2
raw,323,75,5,0,0,0,0,0,0,1,10,6
raw,751,163,11,0,0,0,0,0,0,1,24,2
raw,218,60,5,0,0,0,0,0,0,5,4,0
raw,241,45,3,0,0,0,0,0,1,0,11,1
raw,290,60,4,0,1,0,0,0,0,0,5,5
raw,109,24,2,0,1,0,0,0,0,0,4,1
raw,218,48,6,0,0,0,0,0,0,0,6,3
raw,375,86,4,0,2,0,0,0,2,1,11,2
raw,241,56,1,0,0,0,0,0,0,0,6,0
raw,263,61,4,1,0,0,0,0,1,2,10,0
raw,160,36,2,0,0,0,0,0,0,0,9,0
raw,69,16,2,0,0,0,0,0,0,1,3,1
raw,214,51,4,0,0,0,0,0,0,4,5,1
raw,153,30,5,0,0,0,0,0,0,0,4,1
raw,76,16,2,0,0,0,0,0,0,0,2,0
raw,1486,354,19,5,0,0,0,0,0,9,47,6
raw,600,124,1,3,0,0,0,0,0,1,20,3
raw,322,74,4,0,0,0,0,0,0,1,8,2
raw,52,11,1,0,0,0,0,0,0,0,2,2
raw,177,43,1,0,0,0,0,0,0,0,8,0
raw,1398,321,12,4,0,0,0,0,0,0,20,6
raw,299,66,2,0,0,0,0,0,0,1,7,1
raw,150,37,3,3,0,0,0,0,0,2,4,0
raw,204,51,1,0,0,0,0,0,0,1,6,0
raw,47,10,2,0,1,0,0,0,0,0,0,2
raw,193,43,2,1,0,0,0,0,0,0,4,1
raw,38,6,2,0,0,0,0,0,0,0,1,0
raw,42,11,1,0,0,0,0,0,0,0,2,0
raw,308,76,5,0,0,0,0,0,0,2,9,3
raw,481,107,3,3,0,0,0,0,1,0,18,1
raw,266,58,5,0,0,0,0,0,2,2,10,0
raw,407,88,3,0,1,0,0,0,1,0,19,1
raw,923,236,11,0,0,0,0,0,0,1,30,3
raw,793,174,8,4,0,0,0,0,0,0,23,5
raw,104,27,2,0,0,0,0,0,1,1,4,1
raw,508,101,6,0,0,0,0,0,0,0,6,5
raw,710,169,6,0,0,0,0,0,1,3,14,1
raw,964,220,14,0,0,0,0,0,0,4,33,1
raw,55,13,1,0,0,0,0,0,0,0,1,0
raw,60,16,3,0,0,0,0,0,0,0,3,0
raw,558,132,8,2,0,0,0,0,0,0,19,3
raw,450,105,2,0,1,0,0,0,2,1,10,4
raw,510,120,7,0,0,0,0,0,0,4,14,0
raw,190,43,5,0,0,0,0,0,0,0,2,1
raw,100,22,1,0,0,0,0,0,0,0,6,0
raw,481,110,4,4,0,0,0,0,0,5,19,2
raw,91,20,2,0,1,0,0,0,0,0,1,0
raw,109,21,1,0,0,0,0,0,0,0,3,1
raw,265,64,2,0,0,0,0,0,0,2,6,2
raw,1532,340,9,0,6,0,0,0,3,1,46,0
raw,23,7,1,0,0,0,0,0,0,0,1,0
raw,198,41,4,0,0,0,0,0,0,0,8,1
raw,140,35,1,0,0,0,0,0,0,0,5,1
raw,561,149,5,0,0,0,0,0,0,1,17,6
raw,935,205,7,5,1,0,0,0,1,3,24,7
raw,161,46,1,0,1,0,0,0,0,4,6,0
raw,98,28,2,0,0,0,0,0,0,2,5,0
raw,889,191,14,0,1,0,0,0,0,0,18,1
raw,139,26,2,1,0,0,0,0,0,0,3,2
raw,413,94,3,0,0,0,0,0,0,1,10,0
raw,195,44,3,0,0,0,0,0,0,1,8,0
raw,114,25,1,2,0,0,0,0,0,1,3,0
raw,2,1,1,0,0,0,0,0,0,0,0,0
raw,223,50,4,0,0,0,0,0,0,1,9,0
raw,152,36,1,0,1,0,0,0,0,3,2,2
raw,338,76,4,0,0,0,0,0,0,2,15,5
raw,57,10,1,0,0,0,0,0,0,0,6,1
raw,486,104,6,0,0,0,0,0,0,0,12,3
raw,108,26,1,0,1,0,0,0,0,1,4,0
raw,466,100,7,0,0,0,0,0,0,0,12,2
raw,553,123,7,2,0,0,0,0,1,3,19,2
raw,123,27,3,1,0,0,0,0,0,0,4,0
raw,567,121,7,0,0,0,0,0,0,1,9,6
raw,714,152,6,0,2,0,0,0,2,1,19,3
raw,1251,285,13,3,3,0,0,0,2,4,51,6
raw,267,63,6,0,1,0,0,0,0,0,10,0
raw,91,20,3,1,0,0,0,0,0,0,3,1
raw,32,7,1,1,0,0,0,0,0,0,0,1
raw,207,43,2,0,0,0,0,0,0,0,3,2
raw,225,51,1,1,0,0,0,0,0,0,4,2
raw,218,50,4,0,0,0,0,0,1,1,13,0
raw,440,88,2,0,0,0,0,0,1,1,16,2
raw,221,51,6,0,0,0,0,0,0,0,8,2
raw,643,156,10,0,0,0,0,0,0,0,10,9
raw,356,77,7,0,0,0,0,0,0,0,10,1
raw,164,37,5,0,0,0,0,0,0,0,5,2
raw,553,115,9,0,0,0,0,0,0,1,19,2
raw,397,87,5,0,0,0,0,0,0,2,11,1
raw,522,126,13,0,0,0,0,0,1,0,14,7
raw,950,198,5,3,1,0,0,0,1,1,23,4
raw,304,72,5,0,0,0,0,0,0,0,6,0
raw,268,66,3,1,0,0,0,0,0,0,7,0
raw,363,82,7,1,0,0,0,0,1,3,15,4
raw,397,101,6,0,1,0,0,0,1,5,15,0
raw,173,38,6,1,0,0,0,0,0,1,6,0
raw,37,8,1,0,0,0,0,0,0,0,1,3
raw,184,43,2,0,0,0,0,0,0,0,3,0
raw,171,38,4,0,0,0,0,0,0,1,6,1
raw,501,117,10,2,0,0,0,0,0,1,16,3
raw,161,38,2,1,0,0,0,0,0,1,8,2
raw,99,19,1,2,0,0,0,0,0,0,5,3
raw,331,76,5,0,0,0,0,0,0,0,7,1
raw,132,26,1,0,0,0,0,0,0,1,4,1
raw,453,99,8,0,1,0,0,0,0,4,21,0
raw,27,6,1,0,0,0,0,0,0,0,1,0
raw,606,145,6,0,1,0,0,0,1,2,14,2
raw,31,7,1,0,0,0,0,0,0,0,2,0
raw,540,117,4,1,0,0,0,0,0,1,15,3
raw,452,93,5,1,0,0,0,0,0,0,9,3
raw,840,170,8,0,0,0,0,0,0,0,26,4
raw,480,112,5,1,0,0,0,0,0,1,15,2
raw,759,167,8,6,0,0,0,0,0,0,18,7
raw,352,84,7,7,0,0,0,0,0,0,10,0
raw,177,44,3,1,0,0,0,0,0,0,5,0
raw,371,80,7,0,0,0,0,0,0,0,15,1
raw,222,41,3,0,1,0,0,0,0,0,10,1
raw,125,35,4,0,0,0,0,0,0,1,4,0
raw,0,0,0,0,0,0,0,0,0,0,0,0
raw,680,148,12,0,0,0,0,0,0,2,13,11
raw,175,41,1,0,0,0,0,0,0,2,1,1
raw,460,90,9,0,0,0,0,0,0,0,10,3
raw,261,70,7,0,0,0,0,0,0,4,5,4
raw,129,30,2,0,0,0,0,0,0,0,2,0
raw,994,248,20,0,1,0,0,0,0,12,34,3
raw,333,68,5,0,0,0,0,0,0,0,6,1
raw,556,126,5,0,0,0,0,0,0,0,22,0
raw,494,96,1,0,0,0,0,0,0,0,12,2
raw,847,174,7,0,0,0,0,0,0,4,33,3
raw,21,4,1,0,0,0,0,0,0,0,2,0
raw,612,141,7,0,0,0,0,0,0,4,27,2
raw,328,79,6,0,0,0,0,0,1,2,20,0
raw,266,53,5,0,0,0,0,0,0,2,9,1
raw,776,173,2,28,0,0,0,0,1,0,20,6
raw,391,86,4,3,0,0,0,0,0,0,13,2
raw,346,91,3,0,0,0,0,0,0,2,14,0
raw,191,46,3,0,1,0,0,0,0,3,8,1
raw,299,66,4,1,0,0,0,0,0,0,13,1
raw,103,21,1,0,0,0,0,0,0,0,2,0
raw,1190,266,14,4,0,0,0,0,3,5,35,3
raw,418,92,5,0,0,0,0,0,0,0,12,1
raw,230,50,4,0,0,0,0,0,2,0,6,0
raw,66,16,1,1,0,0,0,0,0,0,8,1
raw,480,104,4,0,0,0,0,0,1,1,11,6
raw,330,66,3,0,0,0,0,0,0,0,10,1
raw,297,69,4,1,0,0,0,0,0,2,12,2
raw,229,52,3,1,0,0,0,0,0,1,8,1
raw,264,60,2,0,0,0,0,0,0,0,10,1
raw,72,16,2,0,0,0,0,0,0,1,5,1
raw,780,180,5,0,6,0,0,0,0,3,36,2
raw,278,57,2,1,0,0,0,0,0,0,6,1
raw,805,179,8,0,2,0,0,0,2,1,25,3
raw,670,153,6,0,0,0,0,0,0,0,17,5
raw,62,15,1,0,0,0,0,0,0,1,5,0
raw,280,67,8,0,0,0,0,0,0,1,6,3
raw,461,110,3,0,1,0,0,0,0,2,18,6
raw,286,59,4,2,0,0,0,0,1,1,8,2
raw,426,96,1,5,0,0,0,0,0,2,20,3
raw,1070,270,6,6,4,0,0,0,4,5,22,1
raw,479,118,7,0,0,0,0,0,0,0,7,1
raw,67,13,1,0,0,0,0,0,0,0,4,0
raw,323,78,8,0,0,0,0,0,0,2,11,2
raw,81,19,1,0,0,0,0,0,0,1,3,0
raw,487,97,1,0,0,0,0,0,0,1,19,0
raw,83,25,3,0,0,0,0,0,0,1,1,1
raw,31,7,1,1,0,0,0,0,1,0,2,0
raw,347,74,5,0,0,0,0,0,0,0,11,6
raw,96,22,1,0,0,0,0,0,0,0,2,0
raw,113,21,2,0,0,0,0,0,0,0,3,3
raw,211,51,2,0,0,0,0,0,0,1,8,2
raw,160,42,6,0,0,0,0,0,0,1,7,0
raw,378,85,6,0,0,0,0,0,0,1,6,6
raw,192,37,4,0,0,0,0,0,0,0,9,2
raw,305,71,8,0,0,0,0,0,0,0,11,7
raw,13,3,1,0,0,0,0,0,0,0,0,1
raw,157,43,1,1,0,0,0,0,0,1,8,0
raw,59,16,1,0,0,0,0,0,0,0,5,0
raw,57,11,1,0,0,0,0,0,0,0,4,0
raw,1124,258,18,0,0,0,0,0,1,0,33,7
raw,340,73,3,0,2,0,0,0,0,0,10,0
raw,530,119,2,0,0,0,0,0,0,0,15,3
raw,675,143,4,6,1,0,0,0,1,1,15,3
raw,38,7,1,0,0,0,0,0,1,0,1,0
raw,244,60,3,0,0,0,0,0,0,0,6,0
raw,342,70,4,0,0,0,0,0,1,1,16,1
raw,52,12,1,0,0,0,0,0,0,0,3,1
raw,138,33,2,1,0,0,0,0,0,1,8,1
raw,389,79,4,0,0,0,0,0,0,0,9,3
raw,537,106,6,0,0,0,0,0,0,0,10,5
raw,228,44,3,0,1,0,0,0,1,0,37,0
raw,96,21,1,0,0,0,0,0,0,0,4,0
raw,222,58,6,0,0,0,0,0,1,0,6,2
raw,424,88,3,0,0,0,0,0,0,0,8,0
raw,187,46,3,0,0,0,0,0,0,0,3,1
raw,245,50,3,1,0,0,0,0,0,0,5,2
raw,512,127,7,0,0,0,0,0,1,0,15,2
raw,131,23,1,1,0,0,0,0,0,0,5,2
raw,418,86,6,0,2,0,0,0,0,0,10,3
raw,413,99,4,0,1,0,0,0,0,3,10,1
raw,94,23,1,0,0,0,0,0,0,2,1,1
raw,469,111,8,0,0,0,0,0,0,2,12,4
raw,895,201,11,4,0,0,0,0,1,12,32,3
raw,192,46,2,0,0,0,0,0,0,0,4,0
raw,818,186,9,0,1,0,0,0,0,3,23,2
raw,80,20,2,0,0,0,0,0,0,1,4,0
raw,114,29,1,0,0,0,0,0,0,0,2,0
raw,160,40,6,1,0,0,0,0,0,2,3,0
raw,70,17,2,0,0,0,0,0,0,0,4,0
raw,7,2,1,0,0,0,0,0,0,0,0,0
raw,54,11,1,0,0,0,0,0,0,0,1,0
raw,123,29,1,0,0,0,0,0,0,1,5,1
raw,216,42,1,1,0,0,0,0,0,0,7,1
raw,501,109,5,0,0,0,0,0,0,1,9,2
raw,243,57,7,0,0,0,0,0,0,2,10,1
raw,41,10,2,0,0,0,0,0,0,0,0,2
raw,629,141,8,0,0,0,0,0,0,1,13,2
raw,504,125,5,4,1,0,0,0,0,5,12,1
raw,248,53,4,0,0,0,0,0,0,0,7,4
raw,1450,308,18,0,0,0,0,0,2,3,33,7
raw,852,192,10,0,0,0,0,0,1,0,26,2
raw,207,50,4,0,0,0,0,0,0,0,8,0
raw,476,107,10,0,0,0,0,0,0,0,14,4
raw,113,26,2,0,0,0,0,0,0,0,1,3
raw,156,34,3,0,0,0,0,0,0,1,5,1
raw,1524,343,7,2,4,0,0,0,2,3,34,2
raw,92,23,3,0,0,0,0,0,0,1,1,0
raw,149,32,1,0,0,0,0,0,0,0,5,2
raw,225,54,3,1,0,0,0,0,0,1,8,0
raw,897,214,15,0,0,0,0,0,0,2,29,2
raw,1265,264,17,0,1,0,0,0,0,3,36,1
raw,94,19,1,0,0,0,0,0,0,0,2,1
raw,340,79,4,1,0,0,0,0,0,4,9,2
raw,701,142,2,2,0,0,0,0,4,1,25,0
raw,45,12,1,1,0,0,0,0,1,0,1,0
raw,612,137,7,1,0,0,0,0,0,0,22,4
raw,183,36,1,0,0,0,0,0,0,1,10,0
raw,687,160,11,0,0,0,0,0,0,0,22,3
raw,395,97,1,2,1,0,0,0,0,2,7,0
raw,163,43,1,0,0,0,0,0,0,3,8,0
raw,306,67,4,0,0,0,0,0,0,2,9,3
raw,493,106,8,0,0,0,0,0,0,0,7,1
raw,173,41,2,1,0,0,0,0,0,0,3,1
raw,290,57,5,0,0,0,0,0,0,0,3,3
raw,422,93,6,1,0,0,0,0,0,3,9,0
raw,4,1,1,0,0,0,0,0,0,0,1,0
raw,1301,305,21,0,0,0,0,0,0,0,32,2
raw,1532,345,11,4,0,0,0,0,1,3,41,4
raw,284,52,1,0,1,0,0,0,0,0,9,3
raw,255,46,2,0,0,0,0,0,0,0,27,0
raw,500,104,3,0,0,0,0,0,1,0,19,3
raw,289,64,6,2,0,0,0,0,0,0,3,2
raw,151,33,1,0,0,0,0,0,0,1,6,3
raw,71,14,1,1,0,0,0,0,0,0,2,3
raw,73,13,1,0,0,0,0,0,0,0,1,2
raw,243,49,1,0,0,0,0,0,0,0,14,2
raw,1035,209,7,0,3,0,0,0,0,0,109,0
raw,448,109,5,0,0,0,0,0,0,1,11,2
raw,517,105,2,0,0,0,0,0,0,1,62,0
raw,447,108,5,0,3,0,0,0,0,4,20,1
raw,375,88,6,1,0,0,0,0,0,0,9,0
raw,507,118,5,0,0,0,0,0,0,0,12,5
raw,684,160,8,0,0,0,0,0,0,2,25,0
raw,338,73,6,0,0,0,0,0,0,3,9,1
raw,500,118,7,0,0,0,0,0,0,1,12,1
raw,381,87,3,5,0,0,0,0,1,0,16,0
raw,443,105,4,3,0,0,0,0,0,3,6,1
raw,462,107,9,0,0,0,0,0,1,0,17,1
raw,551,122,10,1,0,0,0,0,1,0,15,2
raw,144,31,1,0,1,0,0,0,0,0,7,1
raw,66,15,2,0,0,0,0,0,0,0,3,0
raw,54,12,1,0,0,0,0,0,0,0,3,0
raw,290,56,5,0,0,0,0,0,0,0,9,2
raw,338,87,5,4,0,0,0,0,0,1,9,1
raw,623,123,5,0,0,0,0,0,0,0,14,3
raw,262,64,7,1,0,0,0,0,0,0,7,0
raw,185,46,2,0,0,0,0,0,0,0,3,0
raw,460,90,6,0,0,0,0,0,0,2,17,0
raw,1965,464,19,0,0,0,0,0,1,0,45,3
raw,426,78,5,0,0,0,0,0,1,0,13,2
raw,194,51,3,0,0,0,0,0,0,1,9,0
raw,443,105,14,0,0,0,0,0,1,2,16,5
raw,219,48,3,0,0,0,0,0,0,1,6,1
raw,331,76,9,1,0,0,0,0,0,1,14,1
raw,755,176,5,0,0,0,0,0,1,0,13,1
raw,424,107,11,1,0,0,0,0,0,3,30,2
raw,655,155,4,8,0,0,0,0,2,3,23,1
raw,402,100,1,4,0,0,0,0,1,2,11,1
raw,114,24,3,0,0,0,0,0,0,0,2,1
raw,209,52,3,1,0,0,0,0,1,3,4,0
raw,584,124,3,3,2,0,0,0,0,0,19,2
raw,247,54,3,0,0,0,0,0,0,2,12,0
raw,175,40,3,0,1,0,0,0,1,1,2,2
raw,8,2,1,0,0,0,0,0,0,0,1,0
raw,468,104,7,1,1,0,0,0,1,2,16,2
raw,185,41,1,0,0,0,0,0,0,0,4,4
raw,487,108,12,0,0,0,0,0,1,0,14,4
raw,267,61,3,1,0,0,0,0,1,3,14,1
raw,208,45,3,1,1,0,0,0,2,0,4,0
raw,236,55,5,1,0,0,0,0,0,0,3,1
raw,199,43,4,0,0,0,0,0,0,1,7,0
raw,859,171,10,0,1,0,0,0,0,0,23,5
raw,251,51,5,1,0,0,0,0,0,1,11,0
raw,161,35,1,1,0,0,0,0,0,3,8,1
raw,57,15,1,0,0,0,0,0,0,1,2,1
raw,187,43,1,0,0,0,0,0,0,1,3,2
raw,37,8,1,0,0,0,0,0,0,0,3,0
raw,512,115,3,0,1,0,0,0,0,5,16,1
raw,180,36,1,2,0,0,0,0,6,0,5,1
raw,80,18,1,1,0,0,0,0,0,0,5,1
raw,1166,262,9,0,0,0,0,0,0,0,22,3
raw,323,64,3,0,0,0,0,0,0,0,13,3
raw,259,57,4,0,0,0,0,0,0,1,8,1
raw,143,32,3,0,0,0,0,0,0,0,3,2
raw,298,71,3,1,0,0,0,0,0,1,11,2
raw,273,69,5,0,0,0,0,0,0,2,8,0
raw,35,10,1,0,0,0,0,0,0,0,7,0
raw,402,89,10,0,0,0,0,0,0,0,11,3
raw,152,32,2,0,0,0,0,0,0,0,4,1
raw,96,21,1,1,0,0,0,0,0,0,1,0
raw,503,122,9,0,0,0,0,0,0,1,17,5
raw,83,19,1,0,0,0,0,0,0,0,3,0
raw,382,77,6,0,0,0,0,0,1,0,67,0
raw,257,60,6,0,0,0,0,0,0,2,13,4
raw,1816,390,14,0,2,0,0,0,1,0,54,4
raw,607,139,5,0,0,0,0,0,0,0,26,2
raw,450,102,4,0,0,0,0,0,0,1,14,0
raw,239,61,2,0,0,0,0,0,3,4,17,1
raw,309,72,2,2,0,0,0,0,0,3,8,1
raw,141,29,2,0,0,0,0,0,0,1,3,1
raw,82,22,3,0,0,0,0,0,0,0,2,0
raw,1103,265,14,2,1,0,0,0,0,4,33,3
raw,405,97,5,1,0,0,0,0,0,3,11,3
raw,133,29,3,0,0,0,0,0,0,0,3,1
raw,265,58,4,0,1,0,0,0,0,0,8,2
raw,196,47,3,0,0,0,0,0,0,1,8,0
raw,342,77,6,0,0,0,0,0,0,1,13,1
raw,161,31,2,0,0,0,0,0,0,0,8,0
raw,537,125,6,0,0,0,0,0,3,0,12,3
raw,245,58,4,0,1,0,0,0,1,1,6,1
raw,81,21,1,0,1,0,0,0,0,1,2,1
raw,467,105,6,0,0,0,0,0,0,2,12,0
raw,213,45,5,0,1,0,0,0,0,1,7,5
raw,664,155,7,4,0,0,0,0,0,0,20,1
raw,654,154,11,0,0,0,0,0,0,0,18,3
raw,262,56,3,1,0,0,0,0,0,0,14,2
raw,498,106,7,1,1,0,0,0,1,0,7,1
raw,286,59,5,0,0,0,0,0,0,0,7,0
raw,602,137,7,0,1,0,0,0,1,3,28,0
raw,95,24,2,1,0,0,0,0,1,0,1,2
raw,42,12,1,1,0,0,0,0,0,0,0,1
raw,185,45,3,0,0,0,0,0,1,0,7,0
raw,764,174,7,0,0,0,0,0,0,4,19,2
raw,195,45,4,0,0,0,0,0,0,4,7,1
raw,184,44,1,0,0,0,0,0,0,0,6,0
raw,24,4,1,1,0,0,0,0,0,0,1,1
raw,922,212,8,0,0,0,0,0,3,1,31,1
raw,514,125,11,0,0,0,0,0,1,2,22,0
raw,1006,221,14,18,1,0,0,1,5,0,33,4
raw,146,34,1,0,0,0,0,0,0,0,3,1
raw,240,48,3,0,1,0,0,0,0,2,11,2
raw,501,110,7,0,0,0,0,0,0,0,16,2
raw,371,84,6,0,0,0,0,0,0,0,10,3
raw,555,133,5,4,0,0,0,0,0,1,15,6
raw,162,40,4,0,0,0,0,0,0,0,9,1
raw,138,32,3,0,0,0,0,0,0,0,9,0
raw,19,3,1,0,0,0,0,0,0,0,0,0
raw,1068,245,11,6,1,0,0,0,2,4,23,9
raw,749,152,5,0,0,0,0,0,0,7,27,4
raw,462,104,2,0,0,0,0,0,1,0,12,1
raw,139,34,1,0,1,0,0,0,0,0,1,1
raw,263,60,1,0,3,0,0,0,3,2,8,0
raw,499,102,6,0,0,0,0,0,0,0,11,1
raw,99,22,1,0,0,0,0,0,0,1,3,0
raw,1673,382,13,0,0,0,0,0,0,10,57,1
raw,518,102,4,0,1,0,0,0,0,0,41,0
raw,743,166,13,0,0,0,0,0,1,7,19,2
raw,405,76,3,0,2,0,0,0,0,1,11,1
raw,537,119,8,0,0,0,0,0,1,3,16,5
raw,357,77,6,3,0,0,0,0,0,0,11,2
raw,483,113,4,0,0,0,0,0,0,5,16,1
raw,442,99,4,0,0,0,0,0,0,1,16,2
raw,1253,295,8,0,3,0,0,0,1,0,45,3
raw,124,31,1,0,0,0,0,0,0,0,5,0
raw,4,1,1,0,0,0,0,0,0,0,0,0
raw,195,47,3,0,0,0,0,0,0,1,4,0
raw,182,44,4,0,0,0,0,0,0,1,3,1
raw,235,55,4,2,0,0,0,0,0,0,4,3
raw,74,19,2,0,0,0,0,0,0,0,3,0
raw,262,65,5,0,0,0,0,0,0,1,7,1
raw,370,74,1,2,1,0,0,0,1,0,11,4
raw,567,123,16,0,0,0,0,0,0,0,20,0
raw,203,45,2,0,0,0,0,0,0,0,5,1
raw,402,87,5,1,0,0,0,0,0,1,10,3
raw,263,54,3,0,0,0,0,0,0,0,12,0
raw,405,97,8,0,0,0,0,0,1,2,15,1
raw,79,13,2,0,0,0,0,0,0,0,0,0
raw,372,84,6,1,0,0,0,0,1,2,15,2
raw,72,15,2,0,1,0,0,0,0,0,3,1
raw,623,155,6,4,4,0,0,0,0,6,22,1
raw,438,98,5,1,0,0,0,0,0,0,14,1
raw,1848,399,28,0,0,0,0,0,1,0,56,0
raw,27,6,1,0,0,0,0,0,0,0,1,0
raw,474,133,5,0,2,0,0,0,0,3,19,1
raw,29,5,1,0,0,0,0,0,0,0,0,0
raw,107,18,1,0,0,0,0,0,0,0,2,2
raw,100,25,3,0,1,0,0,0,0,0,5,0
raw,248,47,3,0,1,0,0,0,0,0,5,1
raw,160,36,2,2,0,0,0,0,0,0,9,1
raw,110,28,3,0,0,0,0,0,0,0,1,0
raw,173,36,1,0,0,0,0,0,0,0,4,2
raw,741,158,4,1,0,0,0,0,1,2,16,4
raw,119,23,1,2,0,0,0,0,0,0,3,1
raw,118,25,3,2,0,0,0,0,1,0,3,1
raw,290,55,2,0,0,0,0,0,0,0,7,3
raw,131,29,5,0,0,0,0,0,0,1,3,0
raw,1002,246,22,6,6,0,0,0,5,10,30,4
raw,546,121,1,0,0,0,0,0,0,2,23,1
raw,471,98,7,0,0,0,0,0,0,1,16,7
raw,509,123,10,0,0,0,0,0,0,0,12,0
raw,861,198,9,3,0,0,0,0,0,0,15,5
raw,540,116,6,1,0,0,0,0,0,0,13,2
raw,65,11,1,2,0,0,0,0,1,0,3,2
raw,295,70,3,0,0,0,0,0,0,2,8,0
raw,107,28,2,1,0,0,0,0,0,2,3,1
raw,734,166,6,0,0,0,0,0,1,2,24,9
raw,575,134,11,0,0,0,0,0,1,0,20,1
raw,201,53,4,0,0,0,0,0,0,0,1,2
raw,418,94,9,0,1,0,0,0,0,3,19,3
raw,189,42,4,0,0,0,0,0,0,0,4,1
raw,2921,641,4,16,3,0,0,0,4,3,94,16
raw,362,74,2,0,0,0,0,0,0,0,7,1
raw,318,66,1,0,0,0,0,0,0,1,11,0
raw,492,104,7,0,1,0,0,0,1,1,19,2
raw,23,6,1,0,0,0,0,0,0,0,0,0
raw,507,105,3,0,1,0,0,0,0,0,15,1
raw,128,29,2,0,1,0,0,0,0,2,5,1
raw,1006,197,4,6,1,0,0,0,1,3,37,3
raw,164,33,3,0,0,0,0,0,0,2,2,2
raw,98,22,2,1,0,0,0,0,0,0,4,1
raw,324,58,4,0,0,0,0,0,0,0,10,2
raw,225,45,1,0,0,0,0,0,0,0,8,2
raw,727,178,9,0,0,0,0,0,1,2,22,2
raw,123,25,1,2,0,0,0,0,0,0,3,7
raw,27,8,2,0,1,0,0,0,0,0,1,1
raw,127,28,1,0,0,0,0,0,0,0,3,2
raw,242,59,6,1,0,0,0,0,2,0,5,1
raw,147,34,1,1,0,0,0,0,0,0,13,2
raw,450,107,4,0,0,0,0,0,0,1,11,2
raw,52,11,2,0,1,0,0,0,0,0,1,0
raw,364,86,6,0,0,0,0,0,0,1,9,0
raw,301,73,9,0,0,0,0,0,0,1,8,0
raw,274,65,4,3,0,0,0,0,4,1,7,3
raw,84,16,1,0,0,0,0,0,0,0,2,0
raw,851,177,6,0,3,0,0,0,0,0,25,5
raw,406,88,5,4,0,0,0,0,0,0,11,2
raw,1792,414,16,0,0,0,0,0,0,2,45,7
raw,312,74,6,0,0,0,0,0,1,1,12,0
raw,19,8,2,0,0,0,0,0,0,0,2,0
raw,620,134,1,7,0,0,0,0,1,2,27,2
raw,133,33,6,1,0,0,0,0,0,1,3,2
raw,132,26,1,0,0,0,0,0,0,0,1,7
raw,1245,282,13,0,0,0,0,0,0,0,37,1
raw,239,53,7,0,0,0,0,0,0,0,7,0
raw,1286,294,6,1,0,0,0,0,0,9,53,1
raw,530,107,1,0,0,0,0,0,1,2,13,7
raw,473,102,7,0,0,0,0,0,0,1,17,1
raw,752,176,10,5,0,0,0,0,0,0,32,2
raw,742,208,6,0,0,0,0,0,0,0,28,3
raw,84,23,1,0,0,0,0,0,1,1,2,0
raw,136,34,1,0,0,0,0,0,0,0,5,0
raw,96,24,2,0,0,0,0,0,0,0,2,0
raw,949,211,10,0,0,0,0,0,0,4,32,2
raw,709,154,6,1,0,0,0,0,0,2,12,4
raw,275,65,8,0,0,0,0,0,0,3,16,0
raw,543,112,6,0,1,0,0,0,1,3,11,1
raw,186,39,1,0,0,0,0,0,1,0,7,0
raw,142,35,2,0,0,0,0,0,0,0,3,0
raw,513,123,7,0,0,0,0,0,0,4,14,3
raw,216,43,3,0,0,0,0,0,0,2,7,0
raw,120,30,2,0,0,0,0,0,0,0,4,0
raw,349,72,4,0,0,0,0,0,0,0,8,2
raw,44,9,1,1,0,0,0,0,1,0,2,0
raw,77,17,1,1,0,0,0,0,0,0,2,1
raw,613,151,3,0,0,0,0,0,0,4,13,1
raw,198,45,5,0,1,0,0,0,0,1,3,1
raw,559,117,3,0,0,0,0,0,0,0,16,1
raw,127,23,3,0,1,0,0,0,1,0,5,3
raw,725,152,8,0,0,0,0,0,4,0,19,1
raw,672,156,8,1,0,0,0,0,0,0,23,5
raw,222,46,6,0,0,0,0,0,0,1,5,3
raw,96,21,1,0,1,0,0,0,1,0,5,1
raw,196,45,3,0,0,0,0,0,0,0,7,7
raw,15,3,1,0,0,0,0,0,0,0,0,0
raw,470,111,4,2,1,0,0,0,1,1,14,5
raw,255,53,4,0,0,0,0,0,0,0,9,3
raw,504,108,2,0,0,0,0,0,4,0,20,2
raw,93,23,1,0,1,0,0,0,0,0,6,0
raw,390,86,4,2,0,0,0,0,0,0,14,2
raw,13,3,1,0,0,0,0,0,0,0,0,1
raw,816,168,1,5,0,0,0,0,2,3,34,2
raw,117,23,1,1,0,0,0,0,0,0,0,1
raw,2063,469,13,6,0,0,0,0,9,4,29,5
raw,89,21,1,0,0,0,0,0,0,0,1,1
raw,335,76,1,4,0,0,0,0,0,1,11,0
raw,198,39,3,0,0,0,0,0,0,0,5,1
raw,36,9,1,1,0,0,0,0,1,0,1,1
raw,114,31,3,0,0,0,0,0,0,1,2,0
raw,7,2,1,0,0,0,0,0,0,0,1,0
raw,36,6,1,0,0,0,0,0,0,0,1,0
raw,415,105,8,0,0,0,0,0,0,3,13,0
raw,174,37,2,0,0,0,0,0,0,1,5,2
raw,678,142,7,1,0,0,0,0,0,0,20,1
raw,144,29,3,0,0,0,0,0,0,2,5,2
raw,253,52,3,0,1,0,0,0,1,0,5,3
raw,4129,913,33,7,1,0,0,0,3,5,144,12
raw,43,12,2,1,0,0,0,0,0,0,1,0
raw,321,74,7,0,0,0,0,0,0,1,10,0
raw,43,12,1,1,0,0,0,0,0,1,0,0
raw,427,101,5,0,0,0,0,0,0,2,7,4
raw,621,144,7,0,0,0,0,0,0,2,19,2
raw,43,8,2,0,0,0,0,0,0,0,0,0
raw,122,35,2,0,0,0,0,0,2,2,4,0
raw,438,90,6,0,1,0,0,0,1,4,17,3
raw,1819,422,25,9,0,0,0,0,1,1,40,1
raw,93,19,3,0,0,0,0,0,0,0,3,0
raw,103,21,3,0,0,0,0,0,0,0,2,1
raw,90,21,1,0,0,0,0,0,0,0,3,1
raw,63,15,2,0,0,0,0,0,0,0,4,3
raw,388,82,1,0,0,0,0,0,0,0,15,1
raw,174,43,1,1,0,0,0,0,0,0,5,0
raw,322,78,5,0,1,0,0,0,0,0,7,6
raw,552,134,9,6,0,0,0,0,0,2,10,3
raw,282,57,1,0,0,0,0,0,0,0,7,2
raw,100,23,2,0,0,0,0,0,0,0,2,0
raw,380,80,1,0,0,0,0,0,0,1,15,2
raw,427,91,2,0,0,0,0,0,0,2,15,4
raw,289,60,4,0,0,0,0,0,0,0,9,1
raw,1066,244,13,1,0,0,0,0,1,0,30,3
raw,264,58,4,0,1,0,0,0,1,0,8,1
raw,673,156,7,0,2,0,0,0,0,1,19,1
raw,1424,299,11,2,0,0,0,0,1,2,20,14
raw,632,153,7,2,0,0,0,0,0,1,24,3
raw,304,69,6,0,0,0,0,0,0,2,4,7
raw,135,34,2,3,0,0,0,0,0,1,3,1
raw,418,96,8,1,0,0,0,0,0,0,7,1
raw,295,69,6,1,0,0,0,0,1,0,4,4
raw,147,35,3,1,0,0,0,0,0,1,6,0
raw,129,30,1,0,0,0,0,0,4,0,2,0
raw,71,13,1,0,0,0,0,0,2,0,5,0
raw,215,45,3,0,0,0,0,0,0,1,10,0
raw,101,22,2,1,0,0,0,0,1,0,5,0
raw,251,57,2,0,0,0,0,0,0,0,10,0
raw,197,46,3,1,0,0,0,0,2,0,6,0
raw,172,41,2,0,0,0,0,0,0,2,6,2
raw,244,59,2,0,0,0,0,0,0,0,3,0
raw,710,144,6,0,0,0,0,0,0,0,10,1
raw,409,102,8,0,0,0,0,0,1,0,13,3
raw,485,105,9,1,0,0,0,0,0,4,16,4
raw,374,85,3,0,0,0,0,0,1,1,7,5
raw,521,122,6,0,1,0,0,0,0,1,13,1
raw,211,51,5,0,0,0,0,0,0,1,8,0
raw,63,16,1,1,0,0,0,0,2,2,2,0
raw,428,100,7,0,0,0,0,0,1,0,14,1
raw,307,70,7,0,0,0,0,0,0,5,13,1
raw,409,79,6,0,0,0,0,0,0,1,9,1
raw,550,137,10,0,0,0,0,0,1,2,16,1
raw,107,25,3,0,1,0,0,0,1,0,5,4
raw,714,143,7,0,0,0,0,0,0,0,15,4
raw,351,76,4,0,0,0,0,0,0,2,14,0
raw,557,131,8,0,1,0,0,0,2,5,21,1
raw,175,44,3,0,0,0,0,0,2,0,5,0
raw,277,57,2,0,0,0,0,0,0,0,6,1
raw,226,52,3,0,0,0,0,0,0,0,9,3
raw,131,29,2,0,0,0,0,0,0,1,3,0
raw,311,71,5,0,0,0,0,0,0,5,19,0
raw,117,24,1,0,0,0,0,0,0,0,0,0
raw,283,67,5,0,0,0,0,0,0,0,14,0
raw,849,165,3,0,0,0,0,0,0,0,23,6
raw,746,156,9,2,1,0,0,0,2,1,27,0
raw,95,21,3,1,0,0,0,0,0,0,3,0
raw,503,115,8,0,1,0,0,0,0,0,11,4
raw,452,106,3,2,0,0,0,0,1,2,13,3
raw,549,127,7,0,0,0,0,0,0,0,18,3
raw,388,88,4,0,1,0,0,0,0,0,8,0
raw,474,111,3,1,1,0,0,0,2,6,6,2
raw,766,165,2,6,0,0,0,0,2,0,22,11
raw,479,120,11,0,0,0,0,0,0,0,14,3
raw,261,55,1,2,0,0,0,0,1,0,15,1
raw,494,101,4,0,0,0,0,0,0,0,15,8
raw,582,129,5,0,0,0,0,0,1,1,11,7
raw,178,44,2,1,0,0,0,0,0,2,4,0
raw,883,196,13,0,3,0,0,0,0,4,30,5
raw,36,11,1,1,0,0,0,0,0,0,2,1
raw,1247,299,16,0,0,0,0,0,1,0,46,2
raw,22,4,1,0,0,0,0,0,0,0,0,0
raw,333,77,1,0,0,0,0,0,0,0,9,0
raw,331,73,1,0,1,0,0,0,1,1,17,0
raw,433,90,7,0,0,0,0,0,0,0,19,6
raw,40,8,1,0,0,0,0,0,0,0,2,0
raw,92,21,1,0,0,0,0,0,0,0,1,0
raw,380,94,6,0,0,0,0,0,1,0,8,1
raw,731,157,2,0,7,0,0,0,8,5,31,2
raw,472,108,11,0,0,0,0,0,0,0,19,1
raw,232,57,3,0,0,0,0,0,0,0,6,1
raw,128,24,2,0,0,0,0,0,0,0,1,1
raw,823,173,14,1,0,0,0,0,0,1,130,0
raw,10,3,1,0,0,0,0,0,0,0,1,0
raw,239,52,4,0,0,0,0,0,0,0,3,2
raw,206,48,3,3,0,0,0,0,1,1,9,0
raw,430,91,3,0,0,0,0,0,0,4,14,3
raw,896,202,10,1,3,0,0,0,0,0,19,1
raw,679,132,2,3,0,0,0,0,1,2,21,5
raw,160,41,1,1,0,0,0,0,0,1,13,0
raw,370,68,1,0,1,0,0,0,0,1,39,0
raw,210,62,2,0,0,0,0,0,5,1,4,1
raw,501,107,6,0,0,0,0,0,0,2,9,1
raw,347,83,8,1,0,0,0,0,0,0,8,2
raw,204,50,4,0,0,0,0,0,0,1,2,4
raw,138,36,5,0,0,0,0,0,0,0,7,0
raw,226,53,3,3,0,0,0,0,1,0,5,1
raw,4,1,1,0,0,0,0,0,0,0,1,0
raw,220,50,5,0,0,0,0,0,0,0,7,3
raw,124,27,4,1,0,0,0,0,0,0,6,0
raw,475,100,5,0,0,0,0,0,1,0,29,0
raw,180,38,4,0,0,0,0,0,0,0,6,1
raw,34,8,1,0,0,0,0,0,0,0,1,0
raw,11,1,1,0,0,0,0,0,1,0,2,0
raw,765,163,2,8,0,0,0,0,1,2,27,0
raw,447,86,7,0,0,0,0,0,0,0,77,0
raw,457,101,5,1,0,0,0,0,0,0,13,4
raw,1092,252,16,0,0,0,0,0,3,6,34,5
raw,306,73,7,0,1,0,0,0,1,2,13,1
raw,183,43,4,0,0,0,0,0,0,0,4,0
raw,631,144,11,3,0,0,0,0,2,1,25,4
raw,201,50,6,0,0,0,0,0,0,2,4,2
raw,157,33,1,0,0,0,0,0,0,1,8,0
raw,40,7,1,0,0,0,0,0,0,0,0,0
raw,93,25,1,0,0,0,0,0,0,0,4,0
raw,30,6,1,0,0,0,0,0,0,0,0,0
raw,412,101,3,3,0,0,0,0,1,4,17,0
raw,222,48,5,0,0,0,0,0,0,0,4,2
raw,73,19,1,0,1,0,0,0,0,0,3,1
raw,514,114,5,0,4,0,0,0,0,0,11,3
raw,479,108,9,0,0,0,0,0,0,0,13,3
raw,406,88,4,0,1,0,0,0,0,1,6,3
raw,284,67,4,0,0,0,0,0,0,0,6,2
raw,104,19,2,0,0,0,0,0,0,0,3,0
raw,460,107,6,0,0,0,0,0,0,0,21,1
raw,560,144,8,1,0,0,0,0,0,2,17,0
raw,56,11,1,0,0,0,0,0,0,0,0,1
raw,190,45,2,0,0,0,0,0,0,3,9,2
raw,1132,250,1,1,2,0,0,0,2,2,28,6
raw,468,96,1,0,1,0,0,0,0,1,8,2
raw,108,23,2,1,0,0,0,0,1,0,2,2
raw,129,29,2,0,0,0,0,0,0,0,5,0
raw,326,81,10,0,0,0,0,0,0,2,12,2
raw,279,64,6,0,0,0,0,0,0,0,6,6
raw,323,77,5,0,0,0,0,0,0,1,12,7
raw,262,62,3,0,0,0,0,0,0,1,11,1
raw,153,37,6,0,0,0,0,0,0,1,5,0
raw,292,70,6,0,1,0,0,0,1,0,7,0
raw,323,68,5,0,0,0,0,0,0,4,6,3
raw,175,41,1,0,0,0,0,0,0,0,4,0
raw,895,153,3,0,0,0,0,0,1,0,102,0
raw,518,108,6,0,0,0,0,0,0,1,15,1
raw,366,90,7,0,0,0,0,0,2,1,14,2
raw,430,108,1,0,0,0,0,0,0,3,11,3
raw,442,107,12,0,0,0,0,0,0,4,20,3
raw,117,29,3,0,1,0,0,0,0,0,4,0
raw,420,96,5,0,0,0,0,0,1,1,10,1
raw,474,108,7,0,0,0,0,0,0,0,15,0
raw,424,94,7,0,0,0,0,0,1,0,14,5
raw,235,55,2,1,0,0,0,0,8,0,9,3
raw,503,103,5,1,0,0,0,0,1,0,14,3
raw,598,126,7,1,0,0,0,0,0,1,14,2
raw,331,67,3,2,0,0,0,0,0,0,14,3
raw,137,28,1,0,0,0,0,0,0,0,6,0
raw,125,23,1,0,0,0,0,0,0,0,5,3
raw,761,167,9,0,1,0,0,0,0,0,15,3
raw,1129,251,18,0,0,0,0,0,0,2,37,4
raw,15,4,1,0,0,0,0,0,0,0,0,0
raw,297,66,5,0,0,0,0,0,0,0,2,2
raw,309,68,4,0,1,0,0,0,0,0,8,0
raw,136,25,2,0,0,0,0,0,0,0,7,2
raw,1063,234,11,3,0,0,0,0,0,2,34,4
raw,82,15,2,0,0,0,0,0,0,0,2,4
raw,421,96,8,0,0,0,0,0,0,2,10,3
raw,556,122,5,3,0,0,0,0,0,1,9,3
raw,508,105,3,0,4,0,0,0,1,0,14,8
raw,135,27,3,0,0,0,0,0,0,0,3,1
raw,145,31,2,0,0,0,0,0,0,2,9,0
raw,489,116,5,0,0,0,0,0,0,0,11,1
raw,426,102,5,0,0,0,0,0,0,2,17,1
raw,51,11,2,0,0,0,0,0,0,1,0,1
raw,293,64,5,0,0,0,0,0,0,0,5,3
raw,378,90,6,0,0,0,0,0,0,3,16,2
raw,845,197,12,7,1,0,0,0,0,11,29,2
raw,181,37,2,0,1,0,0,0,0,0,3,0
raw,107,22,2,0,0,0,0,0,0,0,2,1
raw,191,46,5,0,0,0,0,0,0,0,6,1
raw,219,43,2,0,0,0,0,0,0,0,7,0
raw,118,27,1,0,0,0,0,0,0,0,3,0
raw,653,154,11,0,0,0,0,0,0,6,10,0
raw,510,128,6,0,0,0,0,0,0,0,10,2
raw,183,42,2,0,0,0,0,0,0,0,3,3
raw,242,55,2,1,0,0,0,0,2,0,7,0
raw,452,109,4,0,0,0,0,0,0,5,15,0
raw,197,50,3,0,0,0,0,0,0,1,5,0
raw,203,45,1,0,0,0,0,0,0,0,5,1
raw,97,22,3,0,0,0,0,0,0,2,4,0
raw,949,224,15,0,0,0,0,0,1,1,25,2
raw,149,35,6,0,0,0,0,0,0,0,10,2
raw,447,111,9,0,0,0,0,0,0,1,21,4
raw,204,45,1,0,0,0,0,0,0,0,8,0
raw,642,154,2,2,0,0,0,0,2,2,15,1
raw,241,62,4,0,0,0,0,0,0,1,6,1
raw,253,67,4,1,0,0,0,0,0,1,10,0
raw,147,36,2,1,0,0,0,0,0,0,3,0
raw,515,113,7,0,1,0,0,0,0,2,16,0
raw,1009,224,11,3,1,0,0,0,0,2,29,7
raw,708,170,12,1,1,0,0,0,1,2,15,5
raw,188,42,1,0,0,0,0,0,2,2,5,0
raw,96,18,2,0,0,0,0,0,0,1,3,0
raw,84,22,1,0,0,0,0,0,0,0,4,0
raw,814,174,10,0,0,0,0,0,0,0,32,2
raw,69,14,2,0,0,0,0,0,0,0,1,2
raw,579,151,7,1,2,0,0,0,1,1,19,0
raw,320,86,5,0,1,0,0,0,0,2,15,1
raw,319,67,3,0,0,0,0,0,0,0,38,0
raw,144,29,3,0,0,0,0,0,0,0,8,1
raw,159,38,3,0,0,0,0,0,0,0,5,1
raw,70,14,1,0,0,0,0,0,0,0,1,2
raw,1706,356,20,0,1,0,0,0,2,0,29,9
raw,441,98,5,2,0,0,0,0,0,2,17,0
raw,508,100,7,0,0,0,0,0,0,0,14,5
raw,188,42,3,1,0,0,0,0,0,0,7,0
raw,1078,252,13,0,0,0,0,0,1,2,54,5
raw,59,13,1,0,0,0,0,0,0,0,2,0
raw,415,86,1,6,1,0,0,0,1,0,9,0
raw,249,47,2,0,0,0,0,0,0,0,5,0
raw,41,8,1,0,0,0,0,0,0,0,0,0
raw,205,48,2,0,0,0,0,0,0,0,5,1
raw,357,91,6,0,0,0,0,0,0,0,10,0
raw,137,31,2,0,0,0,0,0,0,1,3,1
raw,468,99,8,0,0,0,0,0,0,2,15,5
raw,76,13,3,0,0,0,0,0,0,1,2,0
raw,405,89,6,0,0,0,0,0,0,0,10,3
raw,882,181,8,7,1,0,0,0,1,0,33,2
raw,195,38,2,0,1,0,0,0,0,1,5,0
raw,9,2,1,0,0,0,0,0,0,0,2,0
raw,58,16,2,1,0,0,0,0,0,0,0,0
raw,615,143,4,0,0,0,0,0,0,0,12,2
raw,103,24,1,0,0,0,0,0,0,1,5,0
raw,398,95,8,0,1,0,0,0,0,3,18,0
raw,290,63,3,1,0,0,0,0,2,1,13,3
raw,291,63,6,0,1,0,0,0,0,4,14,1
raw,329,67,1,4,0,0,0,0,0,1,19,1
raw,396,93,5,0,2,0,0,0,0,0,15,0
raw,244,56,4,0,0,0,0,0,0,0,8,0
raw,691,137,4,0,0,0,0,0,2,1,81,0
raw,575,121,10,0,0,0,0,0,0,2,26,3
raw,232,48,4,0,0,0,0,0,0,1,5,0
raw,125,24,1,0,0,0,0,0,0,0,6,2
raw,2,1,1,0,0,0,0,0,0,0,0,0
raw,178,37,3,0,0,0,0,0,0,1,7,1
raw,130,29,2,0,2,0,0,0,1,0,5,2
raw,201,42,1,1,0,0,0,0,0,0,5,0
raw,389,74,4,0,0,0,0,0,0,1,52,0
raw,106,24,1,1,1,0,0,0,1,0,2,2
raw,694,165,7,0,0,0,0,0,2,2,24,6
raw,627,136,6,3,0,0,0,0,3,0,16,1
raw,626,151,1,6,0,0,0,0,0,4,19,2
raw,439,98,5,0,0,0,0,0,0,1,14,2
raw,109,26,3,0,0,0,0,0,0,0,3,1
raw,19,4,1,0,0,0,0,0,0,0,1,0
raw,470,107,4,5,0,0,0,0,0,1,17,1
raw,175,39,3,0,1,0,0,0,1,1,4,0
raw,447,92,2,3,0,0,0,0,1,0,17,2
raw,290,71,2,1,0,0,0,0,1,5,9,0
raw,108,24,4,1,0,0,0,0,0,0,2,1
raw,478,112,6,0,0,0,0,0,1,4,13,2
raw,57,17,2,0,0,0,0,0,0,0,2,0
raw,52,11,2,1,0,0,0,0,1,0,1,2
raw,402,99,7,1,0,0,0,0,0,1,11,3
raw,271,67,1,1,2,0,0,0,0,4,15,0
raw,37,11,1,0,0,0,0,0,0,0,0,0
raw,313,67,3,0,1,0,0,0,1,0,3,4
raw,1035,230,7,0,0,0,0,0,0,1,21,3
raw,1959,433,19,0,0,0,0,0,0,2,58,5
raw,234,49,3,0,1,0,0,0,0,1,10,2
raw,429,100,5,5,0,0,0,0,0,1,13,3
raw,303,50,1,0,0,0,0,0,0,0,55,0
raw,141,31,1,0,0,0,0,0,0,0,4,2
raw,96,24,2,1,0,0,0,0,0,0,5,0
raw,278,70,4,0,0,0,0,0,1,3,11,0
raw,337,66,1,0,0,0,0,0,0,2,17,0
raw,103,22,1,0,0,0,0,0,0,1,4,0
raw,174,37,1,0,0,0,0,0,0,1,5,0
raw,1100,240,12,0,0,0,0,0,1,1,29,3
raw,1108,261,16,0,3,0,0,0,2,9,33,1
raw,1010,239,6,9,0,0,0,0,0,6,21,7
raw,447,97,7,0,0,0,0,0,0,0,11,3
raw,53,11,1,0,0,0,0,0,0,0,0,0
raw,338,73,4,0,0,0,0,0,0,4,11,1
raw,449,110,7,0,0,0,0,0,0,1,19,1
raw,1327,295,8,0,3,0,0,0,3,11,48,4
raw,185,35,3,1,0,0,0,0,0,2,10,2
raw,469,108,15,1,0,0,0,0,1,1,13,3
raw,366,77,6,1,0,0,0,0,1,2,8,1
raw,955,203,9,0,0,0,0,0,2,2,30,1
raw,474,102,4,0,0,0,0,0,0,0,17,1
raw,622,136,6,0,0,0,0,0,0,1,28,3
raw,476,103,4,0,0,0,0,0,0,2,13,3
raw,445,92,1,0,0,0,0,0,0,0,12,3
raw,2113,502,25,3,1,0,0,0,3,0,63,7
raw,505,117,5,0,0,0,0,0,1,1,14,2
raw,294,72,4,0,0,0,0,0,0,0,10,1
raw,225,53,3,2,0,0,0,0,0,0,13,1
raw,69,18,2,0,0,0,0,0,1,0,3,0
raw,426,103,7,0,0,0,0,0,0,1,19,0
raw,423,98,5,1,1,0,0,0,0,2,14,0
raw,429,90,2,2,2,0,0,0,3,3,14,4
raw,1045,207,8,0,0,0,0,0,4,0,34,3
raw,979,201,11,0,0,0,0,0,0,3,38,3
raw,892,192,9,0,0,0,0,0,0,0,16,4
raw,439,97,3,0,0,0,0,0,0,6,17,2
raw,1554,350,24,1,0,0,0,0,0,3,82,3
raw,979,203,6,0,2,0,0,0,1,1,29,1
raw,456,104,2,5,0,0,0,0,0,2,17,2
raw,524,115,9,0,3,0,0,0,0,0,15,5
raw,8,2,1,0,0,0,0,0,0,0,0,0
raw,40,8,1,0,0,0,0,0,0,0,0,0
raw,252,62,3,0,1,0,0,0,0,0,5,0
raw,242,58,1,0,0,0,0,0,0,0,7,2
raw,141,34,1,0,0,0,0,0,0,0,4,0
raw,9,1,1,0,0,0,0,0,0,0,0,0
raw,126,25,2,0,0,0,0,0,0,0,7,1
raw,55,12,1,0,0,0,0,0,0,0,2,2
raw,124,28,1,0,1,0,0,0,0,0,7,2
raw,520,106,6,0,2,0,0,0,1,0,15,1
raw,843,194,3,9,0,0,0,0,2,7,44,1
raw,507,120,6,0,1,0,0,0,2,0,14,1
raw,95,24,1,1,0,0,0,0,0,0,3,1
raw,335,79,5,0,0,0,0,0,0,0,8,1
raw,1,1,1,1,0,0,0,0,0,0,0,0
raw,584,134,6,0,0,0,0,0,0,1,17,5
raw,137,37,5,1,0,0,0,0,1,1,4,0
raw,575,115,3,0,0,0,0,0,0,0,61,0
raw,1369,318,14,1,1,0,0,0,1,2,34,3
raw,967,208,11,0,0,0,0,0,0,0,25,4
raw,292,63,3,0,0,0,0,0,0,0,5,0
raw,529,111,5,3,0,0,0,0,0,1,15,2
raw,345,73,1,1,0,0,0,0,1,1,17,2
raw,475,100,9,0,1,0,0,0,1,1,12,0
raw,81,22,2,0,0,0,0,0,0,3,6,0
raw,161,30,3,0,0,0,0,0,0,0,5,2
raw,159,36,1,0,0,0,0,0,1,0,5,0
raw,611,131,6,0,0,0,0,0,0,0,13,1
raw,193,38,1,0,1,0,0,0,0,0,6,3
raw,973,210,19,2,0,0,0,0,1,0,35,2
raw,234,43,5,0,0,0,0,0,0,0,11,3
raw,347,79,1,0,1,0,0,0,0,2,9,0
raw,841,180,9,0,0,0,0,0,1,0,22,2
raw,528,121,12,0,0,0,0,0,1,1,7,0
raw,35,7,2,0,0,0,0,0,1,0,1,0
raw,228,54,4,0,0,0,0,0,1,0,5,1
raw,174,41,4,0,0,0,0,0,1,3,7,0
raw,427,101,9,1,0,0,0,0,0,2,15,2
raw,1452,359,16,0,0,0,0,0,0,3,38,4
raw,455,109,4,0,0,0,0,0,0,0,15,0
raw,143,31,3,0,0,0,0,0,0,0,6,1
raw,87,19,2,0,0,0,0,0,1,0,6,0
raw,198,48,4,0,0,0,0,0,2,2,7,2
raw,300,63,1,0,1,0,0,0,0,0,4,1
raw,442,94,4,0,0,0,0,0,0,0,18,0
raw,98,22,2,0,1,0,0,0,0,0,2,0
raw,155,41,2,0,0,0,0,0,0,0,7,2
raw,251,54,5,0,0,0,0,0,0,0,6,1
raw,585,134,13,0,1,0,0,0,0,0,9,1
raw,65,13,2,0,0,0,0,0,0,0,2,3
raw,238,52,4,0,0,0,0,0,1,0,4,4
raw,301,58,4,0,0,0,0,0,0,0,10,1
raw,120,30,2,0,0,0,0,0,0,0,5,0
raw,1084,250,7,0,0,0,0,0,0,2,23,4
raw,65,16,2,0,0,0,0,0,1,1,3,0
raw,124,27,4,0,0,0,0,0,0,0,2,4
raw,83,22,2,0,0,0,0,0,0,0,1,0
raw,362,85,1,0,0,0,0,0,0,4,9,0
raw,297,64,4,2,1,0,0,0,1,0,10,1
raw,699,155,7,2,1,0,0,0,0,0,18,4
raw,713,153,6,0,2,0,0,0,0,2,18,3
raw,159,30,1,0,1,0,0,0,1,1,7,1
raw,718,160,7,0,0,0,0,0,0,2,18,0
raw,538,107,3,0,0,0,0,0,0,0,6,3
raw,1293,288,7,6,2,0,0,0,1,4,35,4
raw,250,57,3,0,0,0,0,0,0,0,6,2
raw,490,106,1,0,3,0,0,0,1,2,9,3
raw,141,29,5,0,0,0,0,0,0,0,4,3
raw,1005,222,13,0,0,0,0,0,0,2,18,4
raw,401,80,3,0,2,0,0,0,0,0,11,2
raw,139,38,2,0,0,0,0,0,1,0,6,2
raw,182,44,1,0,1,0,0,0,0,1,8,1
raw,789,176,5,1,0,0,0,0,1,0,16,4
raw,155,34,3,0,0,0,0,0,0,0,8,0
raw,454,94,4,0,0,0,0,0,0,4,10,5
raw,296,67,4,0,0,0,0,0,0,0,11,0
raw,357,80,5,0,0,0,0,0,0,1,7,0
raw,278,62,3,1,0,0,0,0,0,1,7,0
raw,167,39,2,0,0,0,0,0,0,0,7,2
raw,817,189,8,0,0,0,0,0,1,8,30,2
raw,180,46,4,0,0,0,0,0,0,1,6,0
raw,402,91,3,0,0,0,0,0,0,1,8,4
raw,71,16,1,0,0,0,0,0,0,1,4,0
raw,211,52,1,0,0,0,0,0,0,2,9,0
raw,160,39,1,2,0,0,0,0,0,0,7,1
raw,218,37,2,0,0,0,0,0,0,0,6,0
raw,147,36,3,0,0,0,0,0,1,5,8,0
raw,400,84,7,0,0,0,0,0,1,1,7,0
raw,110,25,1,0,0,0,0,0,1,1,7,0
raw,305,77,4,0,0,0,0,0,0,0,5,1
raw,60,15,1,0,0,0,0,0,0,0,2,0
raw,1708,404,12,6,5,0,0,0,0,4,36,7
raw,592,126,5,0,0,0,0,0,1,1,14,4
raw,545,150,18,6,2,0,0,0,2,10,13,0
raw,514,116,2,1,0,0,0,0,0,0,14,1
raw,434,110,7,0,0,0,0,0,1,2,16,1
raw,725,163,5,1,0,0,0,0,0,1,24,4
raw,313,67,7,0,0,0,0,0,0,0,5,1
raw,293,67,8,0,0,0,0,0,0,0,18,1
raw,276,63,3,0,0,0,0,0,0,0,7,1
raw,45,12,1,0,0,0,0,0,0,1,1,0
raw,129,33,4,0,0,0,0,0,0,2,8,0
raw,420,93,5,0,0,0,0,0,0,0,11,1
raw,476,103,11,0,0,0,0,0,0,1,13,4
raw,570,127,5,3,0,0,0,0,6,1,22,6
raw,754,183,7,10,0,0,0,0,1,3,23,1
raw,144,35,3,0,1,0,0,0,1,0,6,1
raw,471,109,4,0,0,0,0,0,3,4,16,1
raw,546,137,8,0,0,0,0,0,1,4,12,0
raw,1039,265,10,0,0,0,0,0,2,10,46,2
raw,120,28,2,1,0,0,0,0,0,0,4,0
raw,651,133,10,0,1,0,0,0,1,0,23,2
raw,631,144,6,0,0,0,0,0,0,0,18,4
raw,205,42,4,0,1,0,0,0,1,0,8,0
raw,588,137,10,0,0,0,0,0,0,2,18,4
raw,545,123,8,0,1,0,0,0,0,3,9,0
raw,149,37,4,0,0,0,0,0,0,1,8,1
raw,40,5,1,0,0,0,0,0,0,0,3,3
raw,325,67,1,5,0,0,0,0,1,2,12,2
raw,588,138,1,0,0,0,0,0,0,5,21,1
raw,220,50,2,0,0,0,0,0,1,1,7,0
raw,1132,272,21,0,0,0,0,0,1,14,45,5
raw,637,144,4,3,0,0,0,0,4,1,38,0
raw,85,20,2,0,0,0,0,0,0,2,7,1
raw,832,190,11,0,0,0,0,0,0,5,26,3
raw,752,165,11,0,0,0,0,0,0,3,24,0
raw,213,58,3,0,0,0,0,0,1,0,7,2
raw,229,54,4,1,1,0,0,0,0,1,14,1
raw,37,8,1,0,0,0,0,0,0,0,1,1
raw,178,34,4,0,0,0,0,0,0,0,3,4
raw,72,15,1,0,0,0,0,0,0,0,1,0
raw,596,132,6,0,1,0,0,0,1,3,24,3
raw,50,9,1,0,0,0,0,0,0,0,0,0
raw,697,176,14,8,0,0,0,0,0,4,29,1
raw,38,10,2,0,0,0,0,0,0,0,1,0
raw,274,47,2,0,0,0,0,0,0,0,11,1
raw,613,129,8,0,0,0,0,0,0,0,13,1
raw,101,22,1,0,0,0,0,0,0,0,2,0
raw,218,44,5,0,0,0,0,0,0,0,6,0
raw,380,78,5,0,0,0,0,0,0,0,10,3
raw,48,9,1,0,0,0,0,0,1,0,6,0
raw,874,187,7,0,1,0,0,0,0,3,21,4
raw,535,123,2,1,0,0,0,0,2,3,20,1
raw,67,20,1,1,1,0,0,0,1,1,1,0
raw,1070,242,10,0,0,0,0,0,0,0,19,5
raw,877,203,18,0,0,0,0,0,1,5,24,4
raw,354,89,4,0,0,0,0,0,0,2,10,1
raw,614,148,6,2,0,0,0,0,1,1,14,2
raw,458,95,9,0,0,0,0,0,0,2,18,2
raw,512,113,8,0,0,0,0,0,0,5,19,0
raw,42,8,3,0,0,0,0,0,0,0,1,1
raw,791,182,4,0,0,0,0,0,0,1,20,6
raw,298,71,6,0,0,0,0,0,0,2,4,0
raw,194,37,3,0,0,0,0,0,0,0,12,2
raw,1311,284,10,0,0,0,0,0,0,0,44,0
raw,900,187,8,0,1,0,0,0,0,5,25,5
raw,511,118,9,0,0,0,0,0,1,4,14,2
raw,781,187,12,0,0,0,0,0,0,3,31,4
raw,531,121,7,1,2,0,0,0,2,4,22,1
raw,123,29,4,1,0,0,0,0,2,0,2,1
raw,337,77,8,1,0,0,0,0,0,3,8,2
raw,763,178,7,4,1,0,0,0,0,5,20,3
raw,589,128,7,0,1,0,0,0,0,7,23,4
raw,672,151,5,0,0,0,0,0,1,5,20,1
raw,607,124,6,0,0,0,0,0,0,2,18,2
raw,460,105,5,0,0,0,0,0,2,3,15,5
raw,136,31,3,0,0,0,0,0,0,0,6,0
raw,57,13,1,0,0,0,0,0,0,0,2,2
raw,200,43,3,0,0,0,0,0,2,0,4,2
raw,441,108,6,0,0,0,0,0,0,2,14,0
raw,303,71,7,0,1,0,0,0,1,0,13,1
raw,127,30,3,0,0,0,0,0,0,3,6,0
raw,970,227,20,0,6,0,0,0,0,6,34,2
raw,129,25,2,0,0,0,0,0,0,0,2,0
raw,38,7,1,0,0,0,0,0,0,0,5,0
raw,829,186,4,0,0,0,0,0,1,6,26,0
raw,272,59,4,0,3,0,0,0,0,0,5,1
raw,450,107,7,0,0,0,0,0,0,1,10,3
raw,547,122,9,1,0,0,0,0,0,1,9,5
raw,553,128,9,4,0,0,0,0,4,0,13,0
raw,433,101,7,0,2,0,0,0,0,2,12,2
raw,107,28,3,0,0,0,0,0,0,1,4,0
raw,507,116,3,4,0,0,0,0,2,0,15,4
raw,95,18,1,2,0,0,0,0,0,0,2,1
raw,1348,314,15,0,0,0,0,0,0,4,29,4
raw,573,128,7,5,1,0,0,0,5,1,12,2
raw,87,19,2,0,0,0,0,0,0,0,3,0
raw,469,108,7,0,0,0,0,0,0,0,14,0
raw,588,115,4,0,0,0,0,0,0,2,14,4
raw,1192,259,9,0,0,0,0,0,0,0,27,13
raw,107,24,3,0,0,0,0,0,0,0,2,0
raw,139,33,1,0,0,0,0,0,0,1,5,1
raw,434,92,5,0,0,0,0,0,0,0,7,2
raw,148,33,1,1,0,0,0,0,1,0,9,0
raw,443,95,5,0,1,0,0,0,0,1,16,0
raw,109,21,5,0,0,0,0,0,0,1,2,0
raw,424,87,3,0,0,0,0,0,0,0,14,3
raw,74,17,1,1,0,0,0,0,0,0,0,0
raw,463,101,4,0,2,0,0,0,0,1,12,0
raw,110,29,2,0,0,0,0,0,1,0,3,0
raw,46,9,1,0,0,0,0,0,1,0,0,0
raw,839,189,5,0,1,0,0,0,0,3,23,0
raw,286,70,2,0,0,0,0,0,0,3,11,0
raw,316,74,5,0,0,0,0,0,0,0,9,0
raw,387,94,6,0,1,0,0,0,1,1,8,2
raw,603,124,4,0,2,0,0,0,2,1,25,2
raw,769,185,18,1,1,0,0,0,1,0,16,4
raw,472,89,2,0,0,0,0,0,0,0,20,8
raw,84,18,2,0,0,0,0,0,0,0,1,0
raw,675,164,7,0,0,0,0,0,0,3,9,2
raw,414,82,4,0,0,0,0,0,0,1,13,3
raw,228,52,4,0,0,0,0,0,0,3,13,0
raw,422,95,6,2,0,0,0,0,0,1,22,3
raw,248,56,3,0,0,0,0,0,0,0,8,0
raw,837,163,5,0,0,0,0,0,2,0,26,0
raw,323,74,7,1,0,0,0,0,0,3,13,0
raw,360,82,3,1,1,0,0,0,1,3,13,0
raw,177,37,4,0,0,0,0,0,0,0,3,5
raw,218,53,3,0,0,0,0,0,0,4,7,3
raw,438,104,6,0,0,0,0,0,0,0,10,4
raw,401,85,6,0,0,0,0,0,0,0,11,6
raw,244,51,2,0,0,0,0,0,0,0,4,1
raw,270,66,4,2,0,0,0,0,0,1,12,0
raw,72,17,3,0,0,0,0,0,0,1,4,0
raw,115,26,1,0,0,0,0,0,1,0,4,0
raw,167,36,3,0,0,0,0,0,0,0,12,0
raw,495,124,7,0,0,0,0,0,0,3,21,1
raw,16,2,1,0,0,0,0,0,0,0,1,1
raw,481,114,5,0,0,0,0,0,0,0,11,4
raw,123,30,2,0,0,0,0,0,0,1,5,0
raw,254,64,2,0,0,0,0,0,0,0,9,3
raw,214,55,3,0,0,0,0,0,0,0,1,0
raw,8,2,1,0,0,0,0,0,0,0,1,0
raw,316,77,4,1,0,0,0,0,0,1,12,1
raw,442,100,3,0,0,0,0,0,1,2,11,5
raw,196,48,6,0,0,0,0,0,0,1,6,0
raw,173,32,4,0,0,0,0,0,0,0,5,1
raw,107,25,1,0,2,0,0,0,0,0,2,1
raw,601,127,7,1,0,0,0,0,0,0,10,2
raw,895,207,14,4,0,0,0,0,0,5,34,7
raw,185,37,4,0,0,0,0,0,0,0,8,1
raw,136,34,2,0,0,0,0,0,0,2,8,2
raw,305,61,2,0,0,0,0,0,0,0,3,2
raw,478,115,6,0,3,0,0,0,0,0,12,1
raw,41,11,2,1,0,0,0,0,0,0,1,1
raw,2011,461,30,6,7,0,0,0,1,18,86,2
raw,413,94,5,0,0,0,0,0,0,2,18,1
raw,45,10,1,0,0,0,0,0,0,0,1,1
raw,38,8,2,0,0,0,0,0,0,0,0,1
raw,336,68,1,0,2,0,0,0,1,2,11,2
raw,451,106,5,1,1,0,0,0,0,0,9,2
raw,77,19,3,0,0,0,0,0,0,0,3,0
raw,183,45,5,0,0,0,0,0,0,1,5,1
raw,526,118,5,0,0,0,0,0,0,1,19,1
raw,272,67,4,0,0,0,0,0,1,1,10,1
raw,120,28,1,0,0,0,0,0,0,0,2,2
raw,102,24,3,0,0,0,0,0,0,0,3,0
raw,24,8,1,2,0,0,0,0,0,0,0,0
raw,350,81,5,0,0,0,0,0,0,3,21,3
raw,134,32,2,0,0,0,0,0,0,0,5,0
raw,400,92,6,1,0,0,0,0,0,0,10,1
raw,432,101,5,3,0,0,0,0,0,2,10,2
raw,366,68,3,1,0,0,0,0,0,0,10,0
raw,498,100,6,0,0,0,0,0,0,0,11,4
raw,673,148,7,0,0,0,0,0,0,1,18,1
raw,2314,510,14,0,0,0,0,0,0,5,63,11
raw,345,67,5,0,0,0,0,0,0,2,12,1
raw,552,121,2,0,0,0,0,0,0,2,12,3
raw,39,8,1,0,0,0,0,0,0,0,1,0
raw,260,58,2,0,0,0,0,0,0,2,8,0
raw,96,21,2,0,0,0,0,0,0,0,3,2
raw,98,15,1,0,0,0,0,0,0,0,2,1
raw,1539,373,20,0,1,0,0,0,1,17,52,2
raw,1105,249,2,1,3,0,0,0,1,7,36,0
raw,563,132,3,0,1,0,0,0,2,3,14,4
raw,336,75,3,0,0,0,0,0,0,0,7,2
raw,34,8,1,1,0,0,0,0,0,0,2,0
raw,940,221,1,2,2,0,0,0,3,0,40,0
raw,413,96,6,0,1,0,0,0,0,2,14,0
raw,191,40,4,0,0,0,0,0,0,0,6,1
raw,51,12,3,0,0,0,0,0,0,0,1,0
raw,768,170,11,1,0,0,0,0,1,1,30,4
raw,282,62,5,0,0,0,0,0,0,0,4,1
raw,358,74,2,0,0,0,0,0,0,0,12,0
raw,854,201,8,0,0,0,0,0,0,3,36,4
raw,515,109,4,0,1,0,0,0,1,1,6,3
raw,679,147,12,0,0,0,0,0,1,1,19,8
raw,837,191,6,3,1,0,0,0,0,6,17,0
raw,59,16,1,0,0,0,0,0,0,0,1,1
raw,756,176,10,0,1,0,0,0,1,10,30,0
raw,283,59,5,0,0,0,0,0,0,0,8,3
raw,114,35,4,1,0,0,0,0,0,2,3,1
raw,484,111,6,0,1,0,0,0,0,1,21,0
raw,444,99,7,0,0,0,0,0,0,1,22,2
raw,791,172,6,0,0,0,0,0,1,0,25,3
raw,344,78,5,0,0,0,0,0,0,0,10,3
raw,602,134,5,0,0,0,0,0,0,1,12,1
raw,2135,461,21,12,2,0,0,0,3,5,76,4
raw,121,31,1,0,0,0,0,0,0,3,3,0
raw,542,117,10,0,0,0,0,0,0,0,8,3
raw,420,94,1,2,0,0,0,0,2,1,15,0
raw,260,65,4,0,0,0,0,0,0,2,4,2
raw,182,39,2,0,0,0,0,0,0,1,7,1
raw,278,66,2,0,0,0,0,0,0,0,7,3
raw,633,134,8,1,0,0,0,0,0,4,15,2
raw,54,10,1,0,1,0,0,0,0,0,2,0
raw,541,128,8,0,1,0,0,0,0,2,18,3
raw,210,44,3,0,0,0,0,0,0,0,7,5
raw,90,21,1,0,0,0,0,0,0,0,1,2
raw,863,214,10,0,0,0,0,0,0,3,19,3
raw,370,86,5,0,0,0,0,0,0,3,9,1
raw,258,53,5,0,0,0,0,0,0,0,7,3
raw,1171,270,13,0,1,0,0,0,1,7,33,2
raw,413,101,7,0,0,0,0,0,0,3,16,1
raw,287,64,5,1,0,0,0,0,0,1,7,1
raw,283,64,2,3,0,0,0,0,1,0,2,3
raw,477,104,6,0,0,0,0,0,0,0,11,2
raw,648,128,8,0,1,0,0,0,0,1,18,3
raw,218,52,7,0,0,0,0,0,0,4,4,1
raw,442,99,5,0,0,0,0,0,0,0,12,1
raw,589,130,9,0,0,0,0,0,0,0,21,3
raw,834,208,10,0,1,0,0,0,0,9,29,5
raw,78,15,2,0,0,0,0,0,0,0,5,1
raw,185,37,2,0,0,0,0,0,0,2,8,0
raw,621,133,5,0,0,0,0,0,0,3,26,4
raw,179,41,2,0,0,0,0,0,0,0,5,0
raw,505,115,9,0,0,0,0,0,0,1,13,1
raw,279,57,3,1,0,0,0,0,2,0,9,2
raw,475,119,5,0,0,0,0,0,0,6,19,0
raw,328,75,1,0,0,0,0,0,0,0,11,0
raw,248,56,3,0,0,0,0,0,1,0,5,3
raw,676,153,1,3,2,0,0,0,0,3,15,2
raw,627,126,7,0,0,0,0,0,1,2,16,2
raw,21,3,1,0,0,0,0,0,0,0,1,0
raw,29,6,1,0,0,0,0,0,0,0,1,0
raw,1492,341,18,0,0,0,0,0,0,10,68,3
raw,238,48,4,0,0,0,0,0,0,0,5,4
raw,187,43,1,0,0,0,0,0,0,0,9,1
raw,127,29,4,0,0,0,0,0,0,1,2,0
raw,791,195,7,0,6,0,0,0,1,2,28,3
raw,79,19,1,0,0,0,0,0,0,0,7,0
raw,277,62,4,0,0,0,0,0,0,0,3,4
raw,141,36,2,1,0,0,0,0,0,1,5,0
raw,235,54,3,0,0,0,0,0,1,0,9,0
raw,314,66,4,0,0,0,0,0,0,1,10,1
raw,107,22,2,0,0,0,0,0,0,0,3,0
raw,90,25,4,1,0,0,0,0,0,1,5,0
raw,433,98,6,0,0,0,0,0,0,0,11,2
raw,844,209,18,0,0,0,0,0,0,6,25,6
raw,157,41,1,0,1,0,0,0,0,0,3,4
raw,434,101,10,0,0,0,0,0,0,0,22,0
raw,517,119,6,0,0,0,0,0,0,2,17,3
raw,108,28,3,0,0,0,0,0,0,0,3,0
raw,56,13,1,0,0,0,0,0,0,0,2,0
raw,489,111,6,0,0,0,0,0,0,0,11,0
raw,744,168,15,0,0,0,0,0,0,0,19,1
raw,149,39,5,1,0,0,0,0,1,2,5,1
raw,141,27,2,0,0,0,0,0,0,0,1,0
raw,301,73,4,0,0,0,0,0,0,0,12,2
raw,55,12,1,0,0,0,0,0,0,0,0,1
raw,1035,230,10,0,0,0,0,0,0,0,25,0
raw,556,135,4,1,0,0,0,0,0,3,18,1
raw,447,93,6,3,0,0,0,0,0,1,11,1
raw,74,15,1,0,0,0,0,0,0,1,3,0
raw,428,89,1,7,0,0,0,0,1,6,27,0
raw,668,147,9,0,0,0,0,0,0,2,23,2
raw,500,114,7,0,3,0,0,0,0,2,18,4
raw,284,56,2,0,0,0,0,0,1,0,17,0
raw,665,155,9,1,1,0,0,0,4,2,14,5
raw,379,82,11,0,0,0,0,0,0,1,7,0
raw,485,115,4,3,0,0,0,0,0,0,18,1
raw,914,204,8,5,0,0,0,0,0,3,29,4
raw,155,37,2,0,0,0,0,0,0,0,5,1
raw,56,13,1,0,0,0,0,0,0,0,2,2
raw,3,1,1,0,0,0,0,0,0,0,1,0
raw,229,50,2,2,0,0,0,0,0,4,7,5
raw,1283,315,13,3,0,0,0,0,1,4,29,6
raw,1009,227,16,0,2,0,0,0,1,2,24,12
raw,628,152,7,2,0,0,0,0,0,1,25,0
raw,119,24,2,0,0,0,0,0,0,0,5,1
raw,541,115,6,3,0,0,0,0,0,0,19,4
raw,384,95,6,0,0,0,0,0,0,2,8,0
raw,839,188,9,0,0,0,0,0,0,2,18,7
raw,672,154,8,0,0,0,0,0,1,0,23,0
raw,376,81,1,0,1,0,0,0,0,6,16,2
raw,454,99,8,0,1,0,0,0,0,3,5,6
raw,123,27,3,0,0,0,0,0,0,2,5,1
raw,270,55,4,1,0,0,0,0,0,2,6,0
raw,40,9,1,0,0,0,0,0,0,1,2,0
raw,78,19,2,0,0,0,0,0,0,0,3,3
raw,114,24,1,0,0,0,0,0,0,1,3,2
raw,853,187,8,0,0,0,0,0,0,0,37,1
raw,438,90,7,0,0,0,0,0,0,0,12,2
raw,18,4,1,1,0,0,0,0,0,0,1,0
raw,925,217,10,0,1,0,0,0,0,5,23,4
raw,275,59,5,0,0,0,0,0,0,0,12,1
raw,435,96,3,4,1,0,0,0,2,3,16,0
raw,511,118,5,0,2,0,0,0,3,0,14,0
raw,40,9,1,1,0,0,0,0,0,0,1,1
raw,83,20,5,0,0,0,0,0,0,0,4,1
raw,536,129,11,0,0,0,0,0,0,0,9,4
raw,35,7,1,0,0,0,0,0,0,0,2,0
raw,461,116,5,0,0,0,0,0,1,3,19,0
raw,143,29,1,0,0,0,0,0,1,1,18,0
raw,85,19,2,0,1,0,0,0,0,2,4,0
raw,818,167,11,0,0,0,0,0,0,0,23,4
raw,127,28,4,0,0,0,0,0,0,2,3,3
raw,484,95,8,0,0,0,0,0,0,0,15,2
raw,39,12,1,0,0,0,0,0,1,0,3,0
raw,136,24,2,1,0,0,0,0,1,0,2,1
raw,202,44,2,0,0,0,0,0,0,2,9,0
raw,653,148,6,2,0,0,0,0,0,3,26,2
raw,69,19,1,0,0,0,0,0,0,0,1,1
raw,139,34,5,0,0,0,0,0,0,0,4,2
raw,257,62,5,0,0,0,0,0,0,0,5,0
raw,477,104,6,1,0,0,0,0,0,2,18,4
raw,108,26,3,1,0,0,0,0,0,1,4,1
raw,539,123,8,1,1,0,0,0,0,2,18,4
raw,179,42,2,2,0,0,0,0,1,1,7,0
raw,575,138,5,0,0,0,0,0,0,1,7,0
raw,624,138,10,0,2,0,0,0,0,2,14,7
raw,647,164,13,6,3,0,0,0,1,3,18,4
raw,526,110,6,0,3,0,0,0,0,0,17,1
raw,60,12,1,0,0,0,0,0,0,2,3,1
raw,407,84,5,0,0,0,0,0,0,0,7,4
raw,918,196,10,0,6,0,0,0,5,4,27,6
raw,178,35,2,1,0,0,0,0,1,0,6,1
raw,839,187,8,0,0,0,0,0,0,1,20,7
raw,188,40,2,1,0,0,0,0,0,0,5,0
raw,1222,287,11,2,2,0,0,0,2,10,29,3
raw,67,15,1,0,0,0,0,0,0,0,2,0
raw,679,167,4,6,1,0,0,0,1,8,24,0
raw,431,96,4,1,0,0,0,0,0,0,7,3
raw,37,9,1,0,0,0,0,0,0,0,2,0
raw,894,208,14,0,0,0,0,0,0,0,24,1
raw,466,85,5,0,0,0,0,0,0,0,10,3
raw,482,111,4,0,1,0,0,0,0,0,17,1
raw,20,6,1,0,0,0,0,0,0,0,1,0
raw,565,127,8,0,0,0,0,0,0,0,20,0
raw,239,62,5,0,1,0,0,0,0,3,14,1
raw,60,15,1,0,0,0,0,0,0,0,0,0
raw,257,57,4,0,0,0,0,0,0,1,6,2
raw,619,132,8,0,0,0,0,0,0,0,20,3
raw,279,60,1,3,0,0,0,0,4,2,7,1
raw,783,177,2,0,1,0,0,0,1,1,22,2
raw,428,95,3,1,0,0,0,0,0,4,17,1
raw,461,111,14,0,1,0,0,0,0,5,16,0
raw,416,80,1,0,0,0,0,1,0,0,8,1
raw,598,130,3,10,0,0,0,0,1,0,15,2
raw,630,137,8,0,0,0,0,0,0,0,16,5
raw,571,127,7,0,0,0,0,0,1,1,14,0
raw,471,113,8,0,1,0,0,0,0,6,23,1
raw,295,68,5,0,0,0,0,0,0,0,9,0
raw,430,92,3,0,0,0,0,0,0,0,18,1
raw,377,76,9,0,2,0,0,0,2,0,8,3
raw,410,103,7,0,0,0,0,0,0,0,23,0
raw,34,5,1,0,0,0,0,0,0,0,1,1
raw,344,78,6,0,0,0,0,0,0,0,12,1
raw,294,54,2,0,0,0,0,0,0,0,15,2
raw,155,37,4,1,0,0,0,0,0,0,4,0
raw,186,41,2,0,0,0,0,0,0,0,5,1
raw,263,51,6,0,0,0,0,0,0,0,5,3
raw,1002,222,17,0,0,0,0,0,2,0,26,6
raw,83,20,2,0,0,0,0,0,0,0,0,0
raw,171,44,2,1,0,0,0,0,0,1,3,0
raw,191,39,4,0,0,0,0,0,1,1,12,1
raw,104,24,1,0,0,0,0,0,0,0,2,0
raw,199,50,3,1,0,0,0,0,1,1,6,2
raw,77,20,1,0,0,0,0,0,0,1,4,0
raw,150,36,2,0,0,0,0,0,0,0,5,0
raw,1214,272,9,0,0,0,0,0,2,0,34,0
raw,341,76,6,0,0,0,0,0,0,0,14,1
raw,117,25,1,0,0,0,0,0,0,1,5,1
raw,160,35,4,0,0,0,0,0,0,0,11,0
raw,372,85,9,1,0,0,0,0,1,1,10,1
raw,120,26,5,0,0,0,0,0,0,0,3,1
raw,61,16,1,0,0,0,0,0,1,0,2,2
raw,228,42,2,0,0,0,0,0,1,0,3,3
raw,136,31,2,0,0,0,0,0,1,0,2,0
raw,526,114,3,0,1,0,0,0,1,1,13,8
raw,107,22,4,0,0,0,0,0,0,0,3,3
raw,69,15,1,0,0,0,0,0,0,0,4,0
raw,298,68,2,0,0,0,0,0,0,1,8,1
raw,1169,231,13,2,0,0,0,0,1,4,39,5
raw,553,124,3,0,4,0,0,0,2,4,19,0
raw,467,93,3,0,0,0,0,0,2,1,56,0
raw,106,24,4,0,0,0,0,0,0,0,6,0
raw,176,44,5,1,0,0,0,0,0,0,8,2
raw,426,84,1,0,1,0,0,0,0,3,16,2
raw,184,42,4,1,0,0,0,0,0,2,3,1
raw,501,105,8,0,0,0,0,0,0,1,12,3
raw,169,44,8,0,0,0,0,0,0,2,6,1
raw,576,125,3,3,0,0,0,0,0,1,28,0
raw,29,6,1,0,0,0,0,0,0,0,2,0
raw,551,124,6,0,0,0,0,0,1,1,17,1
raw,1294,301,10,1,2,0,0,0,4,8,47,6
raw,869,216,11,0,0,0,0,0,0,2,20,5
raw,205,45,4,1,0,0,0,0,2,0,11,0
raw,445,94,8,0,0,0,0,0,0,0,16,2
raw,707,168,6,0,1,0,0,0,1,2,14,1
raw,162,36,3,0,1,0,0,0,0,0,9,0
raw,704,170,8,0,2,0,0,0,1,1,17,4
raw,1088,257,8,1,4,0,0,0,5,4,31,4
raw,304,75,1,2,2,0,0,0,0,0,15,0
raw,36,12,2,0,0,0,0,0,0,0,3,0
raw,1812,405,18,0,1,0,0,0,5,4,56,3
raw,296,67,2,0,1,0,0,0,0,0,11,1
raw,1017,231,10,4,3,0,0,0,1,0,31,2
raw,770,160,6,0,0,0,0,0,0,0,21,5
raw,270,56,5,0,0,0,0,0,0,1,9,2
raw,1051,232,11,1,0,0,0,0,0,8,45,3
raw,901,207,8,0,0,0,0,0,1,2,31,14
raw,223,60,2,0,0,0,0,0,0,0,4,1
raw,100,20,1,0,0,0,0,0,0,0,5,3
raw,565,128,9,0,0,0,0,0,1,1,17,3
raw,292,68,5,0,0,0,0,0,1,3,9,0
raw,452,113,1,0,1,0,0,0,1,2,12,1
raw,136,29,1,0,1,0,0,0,1,1,1,0
raw,381,86,3,0,1,0,0,0,0,2,17,2
raw,48,10,1,0,0,0,0,0,0,1,1,2
raw,1228,249,8,5,0,0,0,0,1,1,49,2
raw,353,71,8,0,1,0,0,0,0,1,11,3
raw,2170,503,27,1,0,0,0,0,1,7,61,5
raw,114,21,4,0,0,0,0,0,1,0,5,1
raw,679,147,11,1,0,0,0,0,0,2,15,1
raw,501,118,13,0,1,0,0,0,1,0,16,5
raw,426,99,1,1,0,0,0,0,0,0,14,1
raw,134,34,5,0,0,0,0,0,0,0,3,2
raw,166,34,1,0,0,0,0,0,0,0,7,0
raw,133,29,1,0,0,0,0,0,0,1,3,0
raw,111,22,1,0,0,0,0,0,0,0,1,0
raw,292,60,2,0,0,0,0,0,0,1,14,0
raw,80,23,1,0,0,0,0,0,1,0,2,0
raw,446,90,6,0,0,0,0,0,0,0,19,0
raw,278,68,3,1,0,0,0,0,2,0,7,0
raw,368,99,12,4,0,0,0,0,0,3,14,0
raw,817,181,10,0,1,0,0,0,0,1,26,3
raw,153,28,3,0,0,0,0,0,0,0,3,2
raw,27,6,1,0,0,0,0,0,0,0,4,0
raw,238,50,3,0,0,0,0,0,0,0,3,1
raw,68,15,1,0,0,0,0,0,0,0,2,2
raw,623,150,11,0,0,0,0,0,2,7,21,3
raw,26,5,2,0,0,0,0,0,0,0,1,0
raw,789,179,9,0,2,0,0,0,0,5,17,4
raw,145,32,2,0,0,0,0,0,0,0,3,1
raw,411,90,5,2,0,0,0,0,0,1,7,0
raw,1798,370,25,4,0,1,0,0,3,0,65,2
raw,584,135,13,0,0,0,0,0,1,0,26,2
raw,101,27,2,0,0,0,0,0,0,0,2,0
raw,138,30,1,0,0,0,0,0,2,1,8,0
raw,789,186,14,0,0,0,0,0,2,4,18,3
raw,748,158,7,2,0,0,0,0,0,2,22,2
raw,907,205,11,0,1,0,0,0,1,2,27,4
raw,462,109,7,1,0,0,0,0,3,1,10,1
raw,51,14,1,3,0,0,0,0,0,0,1,0
raw,169,44,6,0,0,0,0,0,0,1,5,0
raw,161,40,2,1,0,0,0,0,0,1,8,0
raw,637,153,9,1,0,0,0,0,0,7,18,5
raw,719,177,10,0,0,0,0,0,3,4,23,1
raw,109,28,1,0,1,0,0,0,0,0,6,0
raw,82,16,1,1,0,0,0,0,1,0,2,0
raw,250,50,5,0,0,0,0,0,0,0,5,2
raw,130,29,2,0,0,0,0,0,0,1,7,2
raw,275,66,3,2,0,0,0,0,2,4,9,0
raw,153,34,1,1,0,0,0,0,0,0,4,0
raw,581,131,4,4,0,0,0,0,1,4,27,3
raw,206,52,4,2,0,0,0,0,1,0,5,2
raw,281,66,4,0,1,0,0,0,0,1,7,2
raw,77,21,2,0,0,0,0,0,1,0,0,0
raw,181,34,2,0,0,0,0,0,0,0,3,1
raw,83,18,4,0,0,0,0,0,0,0,3,0
raw,178,39,3,0,1,0,0,0,0,0,7,0
raw,367,88,2,0,0,0,0,0,0,1,12,1
raw,582,122,11,5,0,0,0,0,1,3,17,2
raw,91,21,3,0,0,0,0,0,0,0,5,1
raw,618,138,5,2,2,0,0,0,1,2,15,6
raw,260,46,1,0,0,0,0,0,0,0,5,3
raw,261,62,5,0,0,0,0,0,0,2,6,2
raw,501,103,6,0,3,0,0,0,4,1,22,2
raw,429,96,8,0,0,0,0,0,0,1,10,1
raw,187,43,2,2,0,0,0,0,0,0,10,3
raw,163,37,3,0,0,0,0,0,0,2,6,0
raw,337,74,4,0,3,0,0,0,0,3,21,1
raw,426,97,2,6,0,0,0,0,3,0,12,2
raw,476,104,5,1,0,0,0,0,0,0,18,1
raw,174,39,4,0,0,0,0,0,0,0,10,2
raw,195,35,1,1,0,0,0,0,0,1,26,0
raw,368,91,6,0,0,0,0,0,0,3,10,4
raw,433,95,8,0,0,0,0,0,0,2,12,2
raw,176,40,4,0,0,0,0,0,0,0,6,1
raw,186,42,4,0,0,0,0,0,0,0,4,0
raw,645,164,15,2,0,0,0,0,0,4,15,3
raw,613,151,1,8,5,0,0,0,0,5,25,4
raw,132,34,2,1,1,0,0,0,1,1,3,0
raw,760,181,8,0,1,0,0,0,3,4,30,6
raw,523,121,4,0,1,0,0,0,0,1,13,0
raw,78,13,1,0,0,0,0,0,0,0,3,2
raw,87,22,1,0,0,0,0,0,0,1,2,0
raw,70,16,1,1,0,0,0,0,0,0,3,0
raw,501,108,7,0,0,0,0,0,1,3,17,5
raw,30,9,1,0,0,0,0,0,0,1,2,0
raw,367,80,5,0,1,0,0,0,0,0,4,3
raw,163,35,3,0,0,0,0,0,0,0,10,0
raw,935,208,9,0,0,0,0,0,0,0,15,1
raw,67,14,1,0,1,0,0,0,1,1,2,0
raw,195,41,3,0,0,0,0,0,0,0,2,1
raw,376,75,4,2,0,0,0,0,1,3,22,4
raw,348,73,3,0,2,0,0,0,0,1,12,0
raw,402,96,11,1,0,0,0,0,0,3,9,4
raw,842,178,4,2,1,0,0,0,1,4,28,3
raw,207,41,3,0,0,0,0,0,1,0,4,2
raw,50,12,1,0,0,0,0,0,0,0,2,0
raw,163,37,2,0,0,0,0,0,0,1,3,1
raw,231,42,3,0,0,0,0,0,0,0,9,3
raw,1278,272,13,0,5,0,0,0,0,6,40,7
raw,157,39,3,1,0,0,0,0,0,0,7,2
raw,20,5,1,0,0,0,0,0,0,0,1,0
raw,224,56,5,0,0,0,0,0,0,0,2,6
raw,219,50,6,0,0,0,0,0,0,0,6,2
raw,254,48,1,0,0,0,0,0,0,0,12,1
raw,88,21,2,1,0,0,0,0,5,0,2,0
raw,539,109,5,0,1,0,0,0,0,1,16,2
raw,164,37,4,0,0,0,0,0,0,0,4,0
raw,229,51,6,1,0,0,0,0,1,0,6,3
raw,341,86,8,0,0,0,0,0,0,0,15,4
raw,133,33,2,0,0,0,0,0,0,2,5,0
raw,289,74,3,0,0,0,0,0,0,2,11,0
raw,252,54,1,0,0,0,0,0,0,2,11,1
raw,157,38,2,0,0,0,0,0,1,0,5,0
raw,926,204,4,0,0,0,0,0,4,12,48,0
raw,627,153,8,0,0,0,0,0,0,7,16,4
raw,564,131,4,6,0,0,0,0,1,0,21,3
raw,52,12,3,1,0,0,0,0,0,0,2,1
raw,597,137,6,0,2,0,0,0,1,2,16,4
raw,81,19,3,0,0,0,0,0,0,0,5,0
raw,245,52,6,1,1,0,0,0,0,0,6,1
raw,159,40,3,0,0,0,0,0,0,2,6,0
raw,180,44,2,0,0,0,0,0,0,1,8,2
raw,97,15,1,0,0,0,0,0,0,0,3,3
raw,522,121,5,0,0,0,0,0,0,1,11,0
raw,35,10,2,1,0,0,0,0,0,0,2,0
raw,194,48,4,0,0,0,0,0,0,0,9,1
raw,32,7,1,0,0,0,0,0,0,0,0,0
raw,196,42,3,0,0,0,0,0,0,0,6,2
raw,285,66,1,2,0,0,0,0,0,0,12,2
raw,309,76,4,0,0,0,0,0,0,3,18,1
raw,172,36,1,0,0,0,0,0,0,0,13,0
raw,188,46,3,0,0,0,0,0,0,2,8,0
raw,288,66,3,0,1,0,0,0,1,0,4,1
raw,4,1,1,0,0,0,0,0,0,0,1,0
raw,942,227,13,5,0,0,0,0,1,1,15,7
raw,649,140,4,1,2,0,0,0,0,3,11,1
raw,477,111,8,0,0,0,0,0,0,0,17,4
raw,356,85,6,0,0,0,0,0,0,0,5,1
raw,692,166,6,4,0,0,0,0,2,4,20,4
raw,300,67,4,0,0,0,0,0,0,2,10,1
raw,357,79,5,0,1,0,0,0,0,0,9,4
raw,289,67,5,0,0,0,0,0,0,0,7,2
raw,591,131,2,2,0,0,0,0,1,3,16,1
raw,483,109,9,0,0,0,0,0,0,5,13,4
raw,190,36,2,0,0,0,0,0,0,0,4,2
raw,50,11,1,0,0,0,0,0,1,0,3,0
raw,128,27,2,0,0,0,0,0,0,0,4,0
raw,676,137,5,1,0,0,0,0,1,6,40,1
raw,48,11,1,0,0,0,0,0,0,0,3,0
raw,406,92,4,6,0,0,0,0,0,4,13,1
raw,86,20,2,0,0,0,0,0,0,0,1,0
raw,162,39,2,0,1,0,0,0,0,0,5,0
raw,737,188,9,0,0,0,0,0,0,2,23,5
raw,411,101,2,0,1,0,0,0,0,2,11,5
raw,548,118,11,0,1,0,0,0,0,0,18,2
raw,799,181,5,0,3,0,0,0,1,0,28,1
raw,287,67,1,0,0,0,0,0,0,1,11,2
raw,1358,308,13,3,1,0,0,0,1,3,31,3
raw,299,60,5,0,1,0,0,0,0,0,11,0
raw,535,118,3,5,0,0,0,0,2,7,22,0
raw,199,40,3,0,0,0,0,0,0,0,8,0
raw,222,52,1,2,0,0,0,0,0,0,9,2
raw,346,80,4,0,0,0,0,0,0,0,7,1
raw,268,65,4,1,0,0,0,0,1,0,11,0
raw,134,26,2,0,0,0,0,0,1,0,3,0
raw,491,112,7,0,1,0,0,0,0,9,14,2
raw,765,151,3,0,2,0,0,0,2,0,84,0
raw,304,69,3,1,0,0,0,0,1,1,8,2
raw,42,10,1,1,0,0,0,0,1,0,1,0
raw,156,35,5,1,0,0,0,0,1,1,5,0
raw,247,42,4,0,0,0,0,0,0,0,38,0
raw,336,76,5,0,0,0,0,0,1,0,17,0
raw,79,14,2,0,0,0,0,0,0,0,2,2
raw,785,183,8,0,2,0,0,0,2,1,17,3
raw,413,95,1,3,0,0,0,0,1,3,9,11
raw,19,6,1,1,0,0,0,0,0,0,0,0
raw,579,120,6,0,1,0,0,0,1,0,18,0
raw,871,195,6,0,0,0,0,0,0,3,26,2
raw,765,171,13,0,0,0,0,0,1,2,25,2
raw,211,50,3,0,1,0,0,0,0,0,5,0
raw,561,124,3,0,0,0,0,0,2,0,11,0
raw,745,163,6,0,0,0,0,0,1,1,30,3
raw,1131,277,13,0,0,0,0,0,0,1,21,3
raw,44,11,1,0,0,0,0,0,0,1,1,0
raw,310,69,1,1,1,0,0,0,0,1,13,0
raw,470,111,8,0,0,0,0,0,1,2,17,0
raw,926,222,14,0,0,0,0,0,0,16,37,3
raw,438,104,5,0,0,0,0,0,0,1,13,2
raw,80,18,2,2,0,0,0,0,1,0,3,1
raw,182,37,3,0,0,0,0,0,0,0,8,0
raw,24,5,1,0,0,0,0,0,0,0,0,0
raw,802,183,5,0,2,0,0,0,2,5,38,3
raw,798,197,13,1,0,0,0,0,1,0,23,6
raw,127,26,2,0,0,0,0,0,0,1,2,0
raw,810,192,12,0,0,0,0,0,0,0,16,2
raw,1258,272,11,7,0,0,0,0,0,1,37,4
raw,45,11,2,0,0,0,0,0,0,0,1,0
raw,181,43,4,0,0,0,0,0,0,0,7,2
raw,356,88,4,0,0,0,0,0,0,1,7,1
raw,147,32,2,0,0,0,0,0,0,0,5,3
raw,18,4,1,0,0,0,0,0,0,0,2,0
raw,499,108,1,0,0,0,0,0,1,0,10,4
raw,130,32,2,0,0,0,0,0,0,1,3,1
raw,161,35,4,0,1,0,0,0,1,1,6,1
raw,157,35,1,0,0,0,0,0,0,0,2,4
raw,2248,500,25,0,0,0,0,0,0,2,90,11
raw,334,72,3,2,0,0,0,0,0,0,12,3
raw,209,51,4,2,0,0,0,0,2,0,9,1
raw,229,49,3,0,0,0,0,0,0,0,12,0
raw,222,54,4,0,1,0,0,0,0,1,4,0
raw,185,44,1,0,0,0,0,0,0,0,1,0
raw,406,92,6,0,0,0,0,0,2,0,15,2
raw,435,98,3,0,1,0,0,0,2,1,13,1
raw,373,74,4,0,0,0,0,0,0,0,11,4
raw,107,22,1,1,0,0,0,0,0,0,2,0
raw,632,151,8,0,0,0,0,0,0,1,15,0
raw,520,123,8,0,0,0,0,0,1,2,9,3
raw,149,32,1,0,1,0,0,0,0,0,5,0
raw,213,44,3,0,0,0,0,0,1,3,13,1
raw,276,13,1,0,0,0,0,0,0,0,0,0
raw,133,24,2,0,0,0,0,0,0,0,5,1
raw,757,170,6,0,0,0,0,0,0,2,26,4
raw,122,25,1,0,0,0,0,0,0,0,1,0
raw,142,32,1,0,0,0,0,0,0,0,2,0
raw,133,28,1,0,0,0,0,0,0,0,2,0
raw,627,141,10,1,0,0,0,0,1,0,23,1
raw,844,186,8,0,1,0,0,0,1,2,13,2
raw,447,109,4,0,1,0,0,0,0,1,15,3
raw,233,55,1,0,0,0,0,0,0,4,7,3
raw,274,66,6,0,0,0,0,0,0,4,9,5
raw,71,16,1,0,0,0,0,0,0,0,3,1
raw,596,126,7,0,0,0,0,0,0,2,17,2
raw,237,44,3,0,0,0,0,0,1,2,15,2
raw,230,52,2,3,0,0,0,0,0,0,7,2
raw,95,26,5,0,0,0,0,0,0,3,5,1
raw,54,12,2,0,0,0,0,0,0,0,2,1
raw,104,25,2,0,0,0,0,0,0,2,3,0
raw,249,53,5,0,0,0,0,0,0,0,6,0
raw,360,73,5,2,0,0,0,0,0,1,8,1
raw,100,25,1,0,0,0,0,0,0,2,2,0
raw,146,32,3,0,0,0,0,0,0,1,3,2
raw,556,127,12,0,0,0,0,0,1,1,13,6
raw,156,39,2,3,0,0,0,0,0,0,4,2
raw,56,12,2,0,0,0,0,0,0,0,2,0
raw,500,112,2,4,2,0,0,0,0,3,13,2
raw,1038,225,14,0,0,0,0,0,4,3,30,1
raw,302,70,3,1,0,0,0,0,0,1,9,0
raw,389,87,4,0,0,0,0,0,0,2,7,4
raw,364,93,8,0,0,0,0,0,0,1,12,4
raw,430,99,7,0,0,0,0,0,0,2,12,0
raw,746,179,11,0,0,0,0,0,1,2,28,1
raw,309,69,1,0,0,0,0,0,0,0,9,1
raw,268,50,3,0,0,0,0,0,0,0,23,0
raw,37,6,2,0,0,0,0,0,0,0,3,0
raw,318,78,5,0,0,0,0,0,0,3,13,1
raw,531,116,5,3,0,0,0,0,0,3,25,4
raw,311,76,4,0,0,0,0,0,2,1,5,2
raw,496,115,7,0,0,0,0,0,1,0,17,1
raw,308,62,3,0,0,0,0,0,0,2,16,2
raw,46,11,1,0,0,0,0,0,0,1,2,0
raw,283,67,4,0,1,0,0,0,0,5,12,1
raw,390,85,5,0,0,0,0,0,1,0,12,6
raw,1179,278,10,0,0,0,0,0,1,1,33,0
raw,714,155,5,1,0,0,0,0,0,1,13,4
raw,205,48,1,1,0,0,0,0,0,0,6,2
raw,353,85,5,0,0,0,0,0,0,2,14,0
raw,187,43,4,0,0,0,0,0,0,0,7,2
raw,73,17,1,0,0,0,0,0,0,0,3,0
raw,173,40,3,0,0,0,0,0,0,1,6,1
raw,374,95,7,0,3,0,0,0,0,0,12,1
raw,93,18,1,0,0,0,0,0,0,0,1,0
raw,454,95,5,0,0,0,0,0,2,0,63,0
raw,635,142,7,0,0,0,0,0,1,3,17,6
raw,685,170,5,0,0,0,0,0,0,4,34,3
raw,88,17,1,0,0,0,0,0,0,1,4,1
raw,6,1,1,0,0,0,0,0,1,0,1,0
raw,141,30,3,1,0,0,0,0,0,0,2,2
raw,167,38,4,0,0,0,0,0,0,1,4,1
raw,149,26,3,0,0,0,0,0,0,0,4,5
raw,53,14,1,0,0,0,0,0,0,3,3,0
raw,279,60,1,0,0,0,0,0,0,0,7,1
raw,1072,238,7,0,3,0,0,0,2,0,25,6
raw,438,114,8,0,0,0,0,0,3,2,15,1
raw,48,12,1,0,0,0,0,0,0,0,2,0
raw,638,140,4,1,0,0,0,0,0,0,23,2
raw,262,58,4,0,0,0,0,0,0,1,5,4
raw,454,113,5,0,0,0,0,0,0,3,25,1
raw,225,52,5,0,0,0,0,0,1,0,6,4
raw,494,95,6,1,0,0,0,0,2,0,16,4
raw,297,64,5,1,0,0,0,0,0,0,5,2
raw,300,66,5,0,0,0,0,0,0,0,7,0
raw,1180,275,14,2,0,0,0,0,0,8,53,6
raw,253,50,4,0,0,0,0,0,1,0,13,1
raw,95,22,2,0,0,0,0,0,0,1,4,0
raw,107,29,6,0,0,0,0,0,0,1,8,0
raw,104,24,3,0,0,0,0,0,0,0,5,0
raw,290,67,4,0,0,0,0,0,0,0,5,2
raw,439,106,6,5,0,0,0,0,1,3,16,3
raw,1144,262,17,7,0,0,0,0,1,1,34,1
raw,332,73,6,0,2,0,0,0,1,1,11,1
raw,139,32,2,0,1,0,0,0,1,0,5,2
raw,80,16,2,0,0,0,0,0,1,0,1,2
raw,108,25,1,0,0,0,0,0,0,0,4,0
raw,94,26,2,0,0,0,0,0,0,2,3,0
raw,227,48,2,0,0,0,0,0,0,0,5,4
raw,219,49,6,1,0,0,0,0,0,0,2,0
raw,320,78,7,0,0,0,0,0,0,3,17,0
raw,814,178,9,0,0,0,0,0,1,6,26,5
raw,458,94,7,0,0,0,0,0,0,2,10,1
raw,126,29,3,0,0,0,0,0,1,1,5,1
raw,196,43,3,0,0,0,0,0,0,0,9,0
raw,806,222,11,2,1,0,0,0,6,6,13,2
raw,64,16,1,1,0,0,0,0,1,1,2,2
raw,680,156,5,0,0,0,0,0,1,2,20,3
raw,311,78,3,0,0,0,0,0,1,1,5,1
raw,205,48,4,0,0,0,0,0,0,0,11,4
raw,410,96,3,0,0,0,0,0,0,0,9,3
raw,124,23,1,0,1,0,0,0,1,0,8,0
raw,20,7,1,1,0,0,0,0,1,1,1,0
raw,414,97,3,4,0,0,0,0,0,0,12,5
raw,379,87,8,0,0,0,0,0,1,1,14,3
raw,167,31,1,0,0,0,0,0,0,0,3,1
raw,94,22,3,0,0,0,0,0,0,0,5,1
raw,134,31,3,3,0,0,0,0,0,0,4,0
raw,310,64,4,1,0,0,0,0,0,2,11,0
raw,686,169,8,0,1,0,0,0,0,3,19,2
raw,147,33,2,0,0,0,0,0,0,0,2,0
raw,262,64,4,0,0,0,0,0,0,1,5,0
raw,604,145,10,0,0,0,0,0,0,3,17,0
raw,125,30,1,1,0,0,0,0,1,0,23,0
raw,80,17,1,1,0,0,0,0,1,0,1,0
raw,70,21,1,1,0,0,0,0,1,2,4,0
raw,14,3,1,0,0,0,0,0,0,0,1,0
raw,105,20,3,0,0,0,0,0,0,0,2,4
raw,75,15,1,0,0,0,0,0,0,0,2,0
raw,87,21,2,0,0,0,0,0,0,2,2,0
raw,209,37,2,0,0,0,0,0,0,1,9,0
raw,491,110,7,0,0,0,0,0,1,0,23,1
raw,499,102,10,0,0,0,0,0,0,1,13,4
raw,455,89,3,0,0,0,0,0,0,1,12,1
raw,120,28,2,1,0,0,0,0,0,0,1,0
raw,518,118,2,1,0,0,0,0,4,1,8,3
raw,256,63,3,0,1,0,0,0,0,0,7,0
raw,516,102,2,5,0,0,0,0,0,0,21,5
raw,84,15,1,3,0,0,0,0,0,0,3,2
raw,779,170,10,1,1,0,0,0,1,5,33,2
raw,421,104,5,0,0,0,0,0,0,0,11,0
raw,994,230,8,0,0,0,0,0,0,0,28,7
raw,617,147,9,3,0,0,0,0,0,2,25,4
raw,486,100,3,6,1,0,0,0,0,3,18,4
raw,550,128,4,0,0,0,0,0,0,5,17,0
raw,439,89,4,1,0,0,0,0,0,0,4,4
raw,54,15,3,0,0,0,0,0,0,0,0,1
raw,585,141,5,0,0,0,0,0,2,3,27,3
raw,139,36,1,2,0,0,0,0,1,2,4,0
raw,193,36,5,0,0,0,0,0,0,0,7,4
raw,273,68,2,0,0,0,0,0,1,1,8,1
raw,688,146,3,2,1,0,0,0,2,6,32,3
raw,45,8,1,0,0,0,0,0,0,0,1,1
raw,449,99,6,0,0,0,0,0,0,0,21,1
raw,509,127,11,1,0,0,0,0,1,1,14,5
raw,743,167,5,0,0,0,0,0,0,3,33,3
raw,759,188,11,2,0,0,0,0,1,6,25,2
raw,341,80,6,0,1,0,0,0,1,2,8,3
raw,213,53,5,0,0,0,0,0,0,0,7,2
raw,594,136,10,0,0,0,0,0,0,3,24,0
raw,1251,307,15,7,0,0,0,0,2,0,46,1
raw,1294,304,10,5,2,0,0,0,1,3,31,2
raw,254,59,5,0,0,0,0,0,0,1,15,1
raw,224,49,2,0,0,0,0,0,0,0,8,0
raw,1121,238,11,2,0,0,0,0,0,3,33,7
raw,257,62,5,0,0,0,0,0,1,3,11,0
raw,362,87,4,3,0,0,0,0,0,0,15,2
raw,205,43,3,0,0,0,0,0,0,0,4,1
raw,632,148,6,0,1,0,0,0,0,4,22,0
raw,351,75,1,4,0,0,0,0,0,0,16,1
raw,712,155,14,0,0,0,0,0,0,0,21,7
raw,332,71,5,1,0,0,0,0,0,2,8,4
raw,769,161,5,0,0,0,0,0,0,1,33,4
raw,86,20,2,0,0,0,0,0,0,0,3,0
raw,529,131,2,0,0,0,0,0,0,6,27,1
raw,47,13,1,0,0,0,0,0,1,0,3,0
raw,81,18,2,0,0,0,0,0,1,0,4,0
raw,283,65,4,0,0,0,0,0,0,0,8,1
raw,727,160,8,0,1,0,0,0,2,2,26,4
raw,192,41,4,0,0,0,0,0,0,0,5,1
raw,172,37,2,0,0,0,0,0,0,0,7,0
raw,439,94,4,0,2,0,0,0,0,1,10,2
raw,248,60,3,0,0,0,0,0,0,1,2,2
raw,127,37,3,1,0,0,0,0,2,1,3,0
raw,546,112,1,0,3,0,0,0,4,4,20,1
raw,62,14,1,0,0,0,0,0,0,0,4,0
raw,459,105,8,0,0,0,0,0,0,1,14,8
raw,120,28,3,0,0,0,0,0,0,2,4,1
raw,49,9,1,0,0,0,0,0,0,0,1,0
raw,64,13,1,0,1,0,0,0,0,1,5,0
raw,468,103,3,1,0,0,0,0,0,0,10,0
raw,72,14,1,0,0,0,0,0,0,0,4,0
raw,7,3,1,1,0,0,0,0,0,0,1,0
raw,208,46,4,0,0,0,0,0,0,2,8,0
raw,82,12,3,0,0,0,0,0,0,0,4,3
raw,189,36,1,0,0,0,0,0,0,0,8,2
raw,308,63,3,0,0,0,0,0,0,3,13,1
raw,120,21,2,0,0,0,0,0,0,0,0,1
raw,69,19,3,1,0,0,0,0,0,0,1,0
raw,553,124,2,0,1,0,0,0,0,1,18,0
raw,183,48,4,0,0,0,0,0,0,0,3,0
raw,593,142,23,0,1,0,0,0,0,4,13,3
raw,210,48,3,0,0,0,0,0,0,0,5,0
raw,373,78,4,0,1,0,0,0,0,3,9,1
raw,366,95,8,0,0,0,0,0,0,1,9,2
raw,312,61,2,0,0,0,0,0,0,0,16,1
raw,318,71,4,0,0,0,0,0,0,1,13,1
raw,438,103,9,1,0,0,0,0,0,1,15,0
raw,48,11,1,1,0,0,0,0,1,1,4,0
raw,499,101,8,1,0,0,0,0,0,1,13,4
raw,395,95,4,0,3,0,0,0,0,1,7,4
raw,95,25,1,0,0,0,0,0,1,4,2,0
raw,344,82,5,0,1,0,0,0,0,2,15,0
raw,222,52,4,0,0,0,0,0,0,0,8,0
raw,475,112,7,0,0,0,0,0,2,1,16,2
raw,67,15,3,0,0,0,0,0,0,0,2,1
raw,77,18,1,0,0,0,0,0,0,0,0,1
raw,269,60,3,0,0,0,0,0,0,1,17,0
raw,192,44,3,0,0,0,0,0,0,0,8,0
raw,107,19,1,0,0,0,0,0,0,0,2,1
raw,519,121,9,0,1,0,0,0,0,0,16,2
raw,87,17,2,0,0,0,0,0,0,0,4,0
raw,107,24,1,0,0,0,0,0,0,0,6,0
raw,344,67,2,0,0,0,0,0,0,0,10,2
raw,808,175,11,2,0,0,0,0,1,0,14,4
raw,114,21,3,0,0,0,0,0,0,0,19,0
raw,44,11,1,0,0,0,0,0,0,0,1,0
raw,83,19,1,0,0,0,0,0,0,0,2,0
raw,319,73,1,0,0,0,0,0,1,0,5,1
raw,61,11,1,1,0,0,0,0,0,1,3,0
raw,144,31,2,0,0,0,0,0,0,2,4,1
raw,271,56,2,0,0,0,0,0,0,0,8,2
raw,305,62,5,0,3,0,0,0,1,0,9,1
raw,228,51,3,0,0,0,0,0,0,0,8,1
raw,324,78,5,0,0,0,0,0,0,0,13,0
raw,186,42,6,0,1,0,0,0,0,0,7,0
raw,317,71,6,0,0,0,0,0,0,0,10,0
raw,376,79,7,0,0,0,0,0,0,0,9,3
raw,1504,355,17,19,0,0,0,1,0,0,46,2
raw,416,103,6,0,0,0,0,0,5,0,14,3
raw,867,178,7,2,2,0,0,0,1,4,33,2
raw,725,138,4,0,1,0,0,0,0,1,83,0
raw,342,79,4,2,0,0,0,0,0,0,4,0
raw,235,53,3,0,0,0,0,0,0,0,6,2
raw,87,20,1,0,0,0,0,0,0,0,3,1
raw,153,37,3,0,0,0,0,0,1,0,4,0
raw,911,197,6,2,0,0,0,0,2,5,37,7
raw,192,45,2,0,1,0,0,0,1,0,5,2
raw,135,25,2,0,0,0,0,0,0,0,3,0
raw,294,63,4,0,0,0,0,0,0,1,5,3
raw,269,63,3,0,0,0,0,0,0,3,9,0
raw,472,99,4,0,0,0,0,0,0,0,11,4
raw,666,156,7,0,0,0,0,0,0,0,11,1
raw,89,17,1,0,0,0,0,0,0,0,2,1
raw,65,14,2,0,0,0,0,0,0,0,2,0
raw,301,69,4,0,0,0,0,0,0,0,10,0
raw,82,14,2,0,0,0,0,0,0,0,2,1
raw,542,108,4,0,1,0,0,0,1,1,10,2
raw,76,16,2,0,0,0,0,0,0,0,3,1
raw,361,84,3,2,0,0,0,0,0,1,5,1
raw,92,21,4,0,0,0,0,0,0,0,3,1
raw,71,10,1,0,0,0,0,0,0,0,2,2
raw,507,112,9,0,0,0,0,0,0,0,19,1
raw,79,18,1,0,0,0,0,0,2,0,4,1
raw,60,14,1,0,0,0,0,0,0,0,1,0
raw,0,0,0,0,0,0,0,0,0,0,0,0
raw,220,51,3,0,0,0,0,0,1,0,6,1
raw,152,41,5,0,0,0,0,0,0,0,5,0
raw,215,45,3,0,0,0,0,0,0,1,4,2
raw,48,11,1,0,0,0,0,0,0,1,5,0
raw,358,81,4,0,0,0,0,0,0,0,4,1
raw,130,33,3,0,0,0,0,0,0,0,3,1
raw,362,86,2,0,1,0,0,0,2,2,15,0
raw,69,14,1,0,0,0,0,0,0,1,3,0
raw,403,96,1,0,0,0,0,0,0,5,15,1
raw,504,122,7,3,0,0,0,0,0,0,9,5
raw,209,46,5,0,0,0,0,0,0,1,6,2
raw,778,179,7,0,2,0,0,0,0,2,31,4
raw,573,124,8,0,0,0,0,0,0,5,15,1
raw,50,10,1,0,0,0,0,0,0,0,4,0
raw,59,12,2,0,0,0,0,0,0,0,2,0
raw,869,183,8,0,0,0,0,0,0,1,20,11
raw,649,146,10,1,0,0,0,0,3,2,18,0
raw,94,20,1,1,0,0,0,0,0,0,3,1
raw,145,34,1,0,0,0,0,0,0,1,3,1
raw,491,110,10,0,0,0,0,0,0,1,11,5
raw,618,135,4,1,0,0,0,0,0,0,17,0
raw,607,128,8,0,0,0,0,0,0,0,23,2
raw,202,50,4,0,0,0,0,0,0,0,8,1
raw,186,40,3,1,1,0,0,0,0,1,6,0
raw,634,138,1,2,3,0,0,0,2,1,17,2
raw,698,160,8,0,0,0,0,0,6,2,23,0
raw,675,144,9,0,0,0,0,0,3,1,21,3
raw,141,29,1,1,0,0,0,0,0,0,7,0
raw,477,104,5,0,0,0,0,0,0,1,17,5
raw,135,31,3,0,0,0,0,0,0,1,3,1
raw,333,73,4,0,1,0,0,0,0,0,18,0
raw,242,50,1,0,0,0,0,0,0,1,6,0
raw,86,19,2,0,0,0,0,0,0,0,2,0
raw,564,122,5,0,4,0,0,0,8,5,16,2
raw,1925,441,25,10,1,0,0,0,7,2,61,4
raw,285,66,5,1,0,0,0,0,1,2,9,0
raw,206,42,5,0,1,0,0,0,0,0,10,1
raw,140,28,2,0,0,0,0,0,1,0,1,1
raw,256,59,4,0,0,0,0,0,0,0,10,3
raw,83,22,3,0,0,0,0,0,0,2,4,1
raw,419,90,13,0,0,0,0,0,0,1,13,1
raw,537,116,7,0,0,0,0,0,2,1,12,0
raw,142,32,3,1,0,0,0,0,0,0,0,1
raw,488,108,6,1,2,0,0,0,0,2,25,0
raw,599,142,15,0,0,0,0,0,0,1,13,1
raw,218,49,1,0,0,0,0,0,1,0,5,1
raw,204,43,2,0,0,0,0,0,0,1,7,1
raw,335,73,5,0,0,0,0,0,0,0,12,2
raw,341,76,5,0,0,0,0,0,0,0,8,1
raw,370,83,3,0,0,0,0,0,1,0,11,4
raw,11,4,1,0,0,0,0,0,0,0,0,0
raw,183,43,2,0,0,0,0,0,0,4,7,0
raw,466,112,6,0,0,0,0,0,1,0,12,1
raw,421,98,9,0,0,0,0,0,0,0,8,3
raw,238,53,2,0,0,0,0,0,0,0,4,0
raw,35,9,1,0,0,0,0,0,0,0,3,0
raw,309,64,4,0,0,0,0,0,0,0,12,2
raw,985,239,10,0,4,0,0,0,0,15,30,3
raw,510,120,5,4,0,0,0,0,0,0,10,3
raw,238,57,4,1,1,0,0,0,1,0,8,0
raw,37,10,1,0,0,0,0,0,0,0,1,0
raw,715,146,7,0,0,0,0,0,1,0,26,5
raw,211,47,5,0,0,0,0,0,0,0,11,1
raw,32,6,1,0,0,0,0,0,0,0,2,0
raw,735,153,8,0,2,0,0,0,2,1,21,4
raw,559,121,8,1,0,0,0,0,0,1,20,5
raw,496,110,5,0,0,0,0,0,1,0,6,3
raw,89,22,1,0,0,0,0,0,0,1,3,0
raw,311,72,1,0,1,0,0,0,0,1,18,0
raw,1975,431,19,0,0,0,0,0,2,1,66,8
raw,175,42,5,0,0,0,0,0,0,0,34,0
raw,131,33,1,0,0,0,0,0,1,0,4,5
raw,222,54,4,2,0,0,0,0,2,1,8,3
raw,88,21,2,1,0,0,0,0,0,0,4,2
raw,602,141,5,2,0,0,0,0,0,0,20,5
raw,431,106,6,0,1,0,0,0,0,2,18,0
raw,118,25,1,0,0,0,0,0,0,0,2,0
raw,906,226,18,4,0,0,0,0,4,3,24,4
raw,292,66,2,0,0,0,0,0,0,1,14,3
raw,117,25,2,0,0,0,0,0,0,1,7,1
raw,143,30,3,0,0,0,0,0,0,1,6,0
raw,433,105,7,0,0,0,0,0,0,1,12,3
raw,48,13,2,0,0,0,0,0,0,0,1,1
raw,14,5,1,1,0,0,0,0,1,0,0,0
raw,361,89,9,0,0,0,0,0,0,1,11,4
raw,73,17,2,0,0,0,0,0,0,0,3,0
raw,447,98,8,0,0,0,0,0,0,0,9,1
raw,188,46,1,0,0,0,0,0,3,1,4,0
raw,431,100,10,1,1,0,0,0,1,0,13,2
raw,93,19,2,0,0,0,0,0,0,0,3,1
raw,1266,289,3,4,3,0,0,0,4,3,23,3
raw,734,169,8,0,0,0,0,0,0,0,22,3
raw,176,33,2,0,0,0,0,0,0,0,5,0
raw,31,8,1,0,0,0,0,0,0,0,3,0
raw,535,110,7,0,0,0,0,0,0,1,12,0
raw,447,104,1,0,1,0,0,0,0,1,15,1
raw,186,41,3,0,0,0,0,0,0,0,4,1
raw,667,148,7,0,0,0,0,0,0,1,28,1
raw,129,34,3,0,0,0,0,0,0,3,8,0
raw,612,125,5,0,0,0,0,0,0,0,15,3
raw,231,50,3,0,0,0,0,0,0,0,12,1
raw,277,62,4,2,0,0,0,0,0,0,8,1
raw,47,12,1,0,0,0,0,0,0,0,6,0
raw,466,102,7,0,0,0,0,0,1,2,23,0
raw,747,181,13,0,0,0,0,0,1,3,26,2
raw,245,65,6,0,0,0,0,0,0,3,9,0
raw,188,46,2,3,0,0,0,0,1,0,5,0
raw,374,79,3,0,1,0,0,0,0,6,10,2
raw,209,41,2,1,0,0,0,0,0,2,3,1
raw,367,83,4,0,0,0,0,0,0,0,13,2
raw,1056,252,7,0,0,0,0,0,0,9,45,3
raw,58,9,1,1,0,0,0,0,0,0,2,1
raw,141,37,2,0,0,0,0,0,0,0,3,1
raw,1054,252,19,2,1,0,0,0,2,4,20,6
raw,666,147,6,0,3,0,0,0,1,1,20,4
raw,416,85,4,0,0,0,0,0,0,1,13,2
raw,159,34,3,0,0,0,0,0,0,1,6,0
raw,332,86,1,0,3,0,0,0,0,4,19,0
raw,50,11,1,0,1,0,0,0,0,1,1,0
raw,393,95,7,0,0,0,0,0,0,2,17,0
raw,806,168,14,0,1,0,0,0,1,2,20,2
raw,422,102,7,0,0,0,0,0,0,2,12,2
raw,128,32,3,0,0,0,0,0,0,3,7,0
raw,267,61,4,0,0,0,0,0,0,0,5,0
raw,48,10,3,0,0,0,0,0,0,0,3,2
raw,135,28,2,1,0,0,0,0,0,0,4,0
raw,315,62,4,0,1,0,0,0,0,0,3,4
raw,18,5,1,0,0,0,0,0,0,0,0,0
raw,281,68,1,0,2,0,0,0,1,2,9,0
raw,353,80,4,0,0,0,0,0,0,0,10,2
raw,74,18,2,0,0,0,0,0,0,1,3,1
raw,205,48,3,0,0,0,0,0,0,1,6,0
raw,12,4,1,0,0,0,0,0,0,0,0,0
raw,93,17,1,0,0,0,0,0,0,0,2,0
raw,112,25,2,0,0,0,0,0,0,0,2,1
raw,600,137,4,0,1,0,0,0,0,4,15,1
raw,312,75,5,1,0,0,0,0,1,2,16,0
raw,148,21,1,0,0,0,0,0,0,0,3,4
raw,361,80,5,0,0,0,0,0,1,0,18,4
raw,1104,235,12,1,0,0,0,0,2,1,35,2
raw,237,52,3,0,0,0,0,0,0,0,6,0
raw,1085,232,9,6,0,0,0,0,2,2,34,2
raw,76,18,3,0,0,0,0,0,0,3,1,0
raw,110,18,3,1,1,0,0,0,2,0,2,1
raw,555,131,7,2,0,0,0,0,0,1,17,1
raw,677,160,15,0,1,0,0,0,1,2,28,1
raw,1153,253,14,0,0,0,0,0,0,1,23,4
raw,189,37,6,0,0,0,0,0,0,0,7,0
raw,552,120,9,0,0,0,0,0,0,1,13,4
raw,51,11,2,0,0,0,0,0,0,1,3,0
raw,2800,623,21,11,0,0,0,0,0,14,121,4
raw,338,81,5,0,0,0,0,0,0,2,16,1
raw,26,5,1,0,0,0,0,0,0,0,0,0
raw,471,110,5,0,0,0,0,0,0,1,9,1
raw,187,41,3,0,0,0,0,0,0,0,0,1
raw,650,147,5,1,1,0,0,0,1,1,14,3
raw,508,104,7,0,0,0,0,0,2,0,11,8
raw,120,12,4,0,0,2,0,0,4,0,9,1
raw,135,31,2,0,0,0,0,0,0,0,4,1
raw,157,41,3,0,0,0,0,0,2,0,2,0
raw,283,58,1,0,0,0,0,0,0,7,11,2
raw,475,106,10,0,0,0,0,0,1,0,7,1
raw,104,22,1,0,1,0,0,0,1,0,2,1
raw,431,96,11,0,0,0,0,0,0,1,15,1
raw,130,29,5,0,0,0,0,0,0,0,2,3
raw,442,109,5,0,0,0,0,0,0,0,14,0
raw,441,98,7,0,2,0,0,0,3,1,9,3
raw,668,155,4,0,0,0,0,0,0,4,27,3
raw,1764,405,13,2,1,0,0,0,3,6,52,7
raw,161,36,1,2,0,0,0,0,0,0,3,3
raw,850,205,19,0,0,0,0,0,1,3,17,4
raw,388,97,5,0,0,0,0,0,0,0,18,1
raw,303,62,5,0,0,0,0,0,0,0,12,4
raw,235,55,3,0,0,0,0,0,0,3,5,1
raw,876,209,12,0,0,0,0,0,0,0,26,1
raw,381,87,7,0,0,0,0,0,0,2,9,4
raw,186,36,3,0,0,0,0,0,2,0,7,1
raw,612,142,6,0,0,0,0,0,0,1,11,5
raw,483,116,8,0,0,0,0,0,2,1,12,4
raw,74,16,1,1,0,0,0,0,0,0,3,2
raw,182,45,4,0,0,0,0,0,0,3,10,0
raw,653,135,8,0,0,0,0,0,0,0,20,1
raw,270,57,1,0,0,0,0,0,8,0,9,4
raw,98,25,1,0,0,0,0,0,0,3,7,1
raw,403,93,8,1,0,0,0,0,0,2,18,2
raw,121,32,2,1,0,0,0,0,0,2,3,0
raw,98,23,2,0,1,0,0,0,1,1,6,0
raw,60,11,1,1,0,0,0,0,0,0,3,1
raw,127,24,2,0,0,0,0,0,0,0,5,0
raw,106,18,1,0,0,0,0,0,0,1,4,1
raw,185,42,5,2,1,0,0,0,1,0,4,1
raw,801,183,8,0,0,0,0,0,0,0,24,0
raw,51,10,1,0,0,0,0,0,0,0,8,0
raw,569,124,11,0,0,0,0,0,0,0,19,1
raw,538,121,7,0,0,0,0,0,0,0,8,3
raw,126,36,3,0,0,0,0,0,0,0,1,2
raw,266,53,3,0,0,0,0,0,0,0,2,2
raw,228,62,3,0,0,0,0,0,0,1,8,0
raw,76,17,1,0,0,0,0,0,1,1,1,1
raw,774,194,6,0,2,0,0,0,6,4,23,3
raw,974,203,15,0,0,0,0,0,0,1,18,5
raw,531,125,3,0,0,0,0,0,0,1,11,3
raw,330,61,2,0,0,0,0,0,0,0,14,4
raw,711,145,6,2,0,0,0,0,3,1,37,1
raw,262,59,4,0,0,0,0,0,0,0,7,2
raw,601,133,12,0,0,0,0,0,0,1,19,6
raw,79,19,2,0,0,0,0,0,0,0,1,1
raw,1594,319,16,0,1,0,0,0,2,1,57,3
raw,148,36,1,0,1,0,0,0,1,2,7,0
raw,38,11,1,0,0,0,0,0,0,0,2,0
raw,192,37,4,0,0,0,0,0,1,0,4,1
raw,638,151,13,0,1,0,0,0,0,8,22,6
raw,731,178,2,0,0,0,0,0,0,2,20,3
raw,397,95,7,0,1,0,0,0,0,0,9,2
raw,905,209,6,2,0,0,0,0,4,1,30,2
raw,122,26,3,0,0,0,0,0,0,0,2,2
raw,79,18,2,0,0,0,0,0,0,0,2,0
raw,141,26,2,0,0,0,0,0,1,1,6,1
raw,120,26,1,0,0,0,0,0,1,2,2,0
raw,232,41,5,0,0,0,0,0,0,0,8,2
raw,106,24,3,0,0,0,0,0,1,0,2,0
raw,56,12,2,0,0,0,0,0,0,0,3,0
raw,138,29,2,0,0,0,0,0,0,0,5,1
raw,142,31,3,0,0,0,0,0,0,0,7,0
raw,166,44,5,0,0,0,0,0,0,1,11,2
raw,386,92,6,0,0,0,0,0,0,0,10,2
raw,1546,319,12,0,0,0,0,0,2,3,46,3
raw,444,102,8,0,3,0,0,0,1,5,25,0
raw,235,50,7,0,0,0,0,0,4,5,13,0
raw,93,21,1,3,0,0,0,0,1,0,7,1
raw,351,82,5,0,0,0,0,0,0,1,16,0
raw,488,115,1,2,0,0,0,0,0,0,17,3
raw,452,95,1,0,1,0,0,0,0,0,16,1
raw,172,41,6,0,0,0,0,0,0,3,4,1
raw,508,110,2,3,2,0,0,0,4,2,13,4
raw,221,50,3,0,0,0,0,0,0,1,10,2
raw,119,25,3,0,0,0,0,0,0,0,4,3
raw,518,118,7,0,0,0,0,0,1,0,19,1
raw,882,209,8,0,3,0,0,0,1,7,38,1
raw,38,10,1,0,0,0,0,0,0,0,3,0
raw,166,40,2,4,1,0,0,0,1,0,5,0
raw,332,72,4,0,0,0,0,0,0,1,9,3
raw,92,21,1,0,0,0,0,0,0,0,1,0
raw,445,107,7,0,0,0,0,0,0,4,13,1
raw,66,20,2,1,0,0,0,0,0,1,4,0
raw,457,101,5,0,1,0,0,0,1,4,16,3
raw,325,69,4,0,0,0,0,0,0,0,12,3
raw,184,45,1,0,1,0,0,0,1,1,4,1
raw,82,16,1,0,0,0,0,0,0,0,4,0
raw,521,103,7,0,0,0,0,0,0,0,22,3
raw,582,134,9,0,0,0,0,0,1,7,16,0
raw,86,20,3,0,0,0,0,0,0,0,5,0
raw,163,34,3,0,0,0,0,0,0,0,6,2
raw,1001,216,8,3,0,0,0,0,1,2,26,1
raw,178,33,5,0,1,0,0,0,0,0,6,2
raw,272,65,3,0,0,0,0,0,0,2,19,1
raw,114,27,4,0,0,0,0,0,0,0,2,1
raw,23,5,1,0,0,0,0,0,0,0,0,0
raw,582,136,8,1,0,0,0,0,2,0,18,1
raw,456,97,8,0,1,0,0,0,1,3,12,0
raw,207,40,4,0,0,0,0,0,0,0,1,0
raw,405,90,4,0,0,0,0,0,0,0,18,1
raw,388,97,1,0,1,0,0,0,0,3,15,1
raw,47,12,2,0,0,0,0,0,0,0,1,0
raw,43,11,3,0,0,0,0,0,0,0,1,1
raw,255,53,4,0,0,0,0,0,0,0,4,1
raw,950,203,11,0,0,0,0,0,0,0,18,6
raw,961,201,2,8,0,0,0,0,4,1,31,4
raw,147,30,2,0,0,0,0,0,0,0,5,2
raw,65,18,3,0,0,0,0,0,0,0,3,0
raw,173,34,2,1,0,0,0,0,0,1,7,0
raw,187,47,4,0,0,0,0,0,0,0,6,0
raw,163,40,2,0,0,0,0,0,0,0,5,1
raw,132,29,2,0,0,0,0,0,0,1,4,0
raw,115,25,3,0,0,0,0,0,0,0,4,0
raw,22,5,1,0,0,0,0,0,0,0,0,1
raw,124,27,1,0,0,0,0,0,0,0,1,0
raw,77,18,3,0,0,0,0,0,0,0,5,0
raw,525,121,15,0,0,0,0,0,0,1,17,3
raw,382,96,6,0,0,0,0,0,0,3,20,0
raw,251,63,4,1,0,0,0,0,1,4,10,0
raw,471,96,7,0,0,0,0,0,0,1,20,0
raw,87,16,1,0,0,0,0,0,0,0,5,0
raw,658,152,5,1,0,0,0,0,0,2,16,1
raw,615,144,10,0,2,0,0,0,0,4,21,2
raw,7,1,1,0,0,0,0,0,0,0,0,1
raw,579,117,5,0,1,0,0,0,1,0,15,4
raw,77,15,1,0,0,0,0,0,0,1,3,0
raw,458,111,3,1,0,0,0,0,3,1,12,1
raw,550,128,5,0,1,0,0,0,0,1,11,0
raw,499,112,7,0,1,0,0,0,1,4,21,5
raw,323,65,3,0,0,0,0,0,0,0,16,2
raw,36,9,1,0,0,0,0,0,0,0,2,1
raw,144,32,2,0,0,0,0,0,0,1,6,0
raw,81,23,1,0,0,0,0,0,0,0,3,0
raw,35,7,1,0,0,0,0,0,0,0,3,2
raw,438,91,8,0,0,0,0,0,1,1,14,5
raw,139,28,3,0,1,0,0,0,0,0,4,2
raw,495,114,7,0,0,0,0,0,0,4,15,2
raw,158,33,2,0,0,0,0,0,1,0,6,1
raw,892,193,14,7,0,0,0,0,0,2,11,4
raw,248,56,4,0,0,0,0,0,0,4,9,1
raw,146,32,4,0,0,0,0,0,0,0,7,0
raw,269,72,4,1,0,0,0,0,0,3,4,1
raw,176,45,3,1,0,0,0,0,0,3,8,3
raw,295,62,2,0,2,0,0,0,2,0,7,0
raw,250,54,2,0,0,0,0,0,1,2,11,1
raw,698,157,12,0,1,0,0,0,0,2,22,1
raw,246,54,8,0,0,0,0,0,0,0,5,0
raw,158,30,3,1,0,0,0,0,0,0,3,0
raw,780,160,1,6,1,0,0,0,0,0,18,4
raw,452,103,6,0,0,0,0,0,0,0,11,0
raw,514,113,13,3,0,0,0,0,0,4,11,0
raw,438,104,4,2,0,0,0,0,0,3,17,4
raw,1864,425,22,0,0,0,0,0,2,2,61,1
raw,530,128,4,1,0,0,0,0,0,2,11,3
raw,209,53,5,0,0,0,0,0,0,1,9,1
raw,763,168,8,0,0,0,0,0,0,6,26,3
raw,266,69,5,0,0,0,0,0,0,0,8,0
raw,135,27,4,1,0,0,0,0,0,0,3,1
raw,170,40,1,0,1,0,0,0,0,1,6,1
raw,87,19,2,0,0,0,0,0,0,0,4,1
raw,326,74,7,0,0,0,0,0,0,0,9,4
raw,694,157,10,0,0,0,0,0,0,2,35,3
raw,70,17,2,0,1,0,0,0,0,0,1,2
raw,556,143,6,0,1,0,0,0,1,3,14,2
raw,185,38,2,0,0,0,0,0,0,0,3,1
raw,941,203,9,1,1,0,0,0,1,0,17,5
raw,260,59,5,0,0,0,0,0,0,0,4,3
raw,265,64,3,0,0,0,0,0,1,3,10,2
raw,546,125,10,0,0,0,0,0,0,0,16,2
raw,248,47,1,0,0,0,0,0,0,0,7,3
raw,467,101,6,0,1,0,0,0,0,1,13,1
raw,989,222,10,6,0,0,0,0,1,3,29,1
raw,234,51,4,0,0,0,0,0,0,0,4,1
raw,140,26,1,0,0,0,0,0,0,0,24,0
raw,284,55,3,1,0,0,0,0,1,0,12,5
raw,155,34,4,0,0,0,0,0,0,0,3,0
raw,930,208,11,1,0,0,0,0,0,5,39,7
raw,157,45,2,0,0,0,0,0,2,2,7,0
raw,107,21,1,0,0,0,0,0,0,0,4,0
raw,59,13,1,0,0,0,0,0,0,0,2,0
raw,97,20,2,0,0,0,0,0,0,0,7,0
raw,122,23,2,0,0,0,0,0,0,0,2,0
raw,175,35,3,0,0,0,0,0,0,0,6,4
raw,192,47,5,0,0,0,0,0,0,0,4,0
raw,726,173,3,0,0,0,0,0,0,1,17,6
raw,90,19,3,0,0,0,0,0,0,1,3,0
raw,137,31,1,0,0,0,0,0,0,0,3,1
raw,713,153,5,0,0,0,0,0,0,1,20,2
raw,511,107,9,2,0,0,0,0,0,1,12,1
raw,209,48,3,0,0,0,0,0,0,0,8,3
raw,124,30,3,0,0,0,0,0,0,1,5,2
raw,112,30,2,0,0,0,0,0,0,1,8,0
raw,352,78,4,0,0,0,0,0,0,0,9,4
raw,607,144,9,0,0,0,0,0,0,6,11,1
raw,939,228,14,0,0,0,0,0,0,6,26,8
raw,211,46,4,0,0,0,0,0,0,0,2,2
raw,129,29,3,0,0,0,0,0,0,0,2,1
raw,241,53,1,7,0,0,0,0,0,2,6,3
raw,28,6,1,0,0,0,0,0,0,0,2,1
raw,68,18,1,0,0,0,0,0,0,1,5,0
raw,521,119,11,5,0,0,0,0,1,1,11,1
raw,640,141,9,0,0,0,0,0,0,7,26,6
raw,250,53,4,0,0,0,0,0,0,0,5,4
raw,425,103,7,0,0,0,0,0,0,1,11,1
raw,505,114,11,0,0,0,0,0,0,2,9,4
raw,630,155,13,1,0,0,0,0,0,2,23,6
raw,143,33,1,0,0,0,0,0,0,0,2,5
raw,654,137,8,0,0,0,0,0,0,0,19,2
raw,121,28,1,2,0,0,0,0,0,0,3,2
raw,124,30,1,0,1,0,0,0,1,0,6,0
raw,168,41,3,0,1,0,0,0,0,0,5,1
raw,306,77,5,0,0,0,0,0,0,1,7,3
raw,1125,267,16,0,5,0,0,0,3,5,36,4
raw,441,92,4,0,0,0,0,0,0,2,13,3
raw,103,22,2,1,0,0,0,0,0,0,2,0
raw,155,33,3,0,0,0,0,0,0,0,3,3
raw,208,46,6,0,0,0,0,0,0,2,5,1
raw,72,17,1,0,0,0,0,0,0,1,3,0
raw,54,12,2,0,0,0,0,0,0,0,0,1
raw,749,189,12,0,0,0,0,0,6,0,18,3
raw,66,11,1,0,0,0,0,0,2,0,3,2
raw,407,81,7,0,0,0,0,0,0,0,11,2
raw,1724,366,15,0,2,0,0,0,3,0,38,4
raw,173,40,4,0,0,0,0,0,0,0,8,0
raw,174,35,1,4,0,0,0,0,0,1,12,0
raw,792,193,10,0,0,0,0,0,0,1,20,1
raw,25,9,1,0,0,0,0,0,1,0,0,0
raw,117,31,2,0,0,0,0,0,0,1,5,0
raw,200,39,3,0,0,0,0,0,1,0,10,1
raw,163,35,3,0,0,0,0,0,0,0,7,0
raw,194,48,5,1,0,0,0,0,1,0,6,1
raw,1654,377,22,5,0,0,0,0,2,3,59,5
raw,32,5,1,0,0,0,0,0,0,0,1,3
raw,289,66,1,0,1,0,0,0,0,0,6,3
raw,442,98,10,0,0,0,0,0,0,2,17,8
raw,1109,262,12,0,0,0,0,0,0,4,33,2
raw,1551,348,11,1,0,0,0,0,1,7,60,5
raw,388,83,5,0,0,0,0,0,0,0,11,1
raw,594,136,6,0,1,0,0,0,0,1,14,1
raw,288,72,1,0,0,0,0,0,0,0,9,0
raw,319,61,2,0,0,0,0,0,0,0,17,2
raw,1239,270,11,0,0,0,0,0,2,1,31,4
raw,428,103,5,0,0,0,0,0,0,3,5,3
raw,103,21,4,0,0,0,0,0,0,0,2,1
raw,574,105,6,1,0,0,0,0,0,0,73,0
raw,452,92,6,0,0,0,0,0,0,0,17,2
raw,169,39,2,0,0,0,0,0,0,0,2,0
raw,542,125,14,0,0,0,0,0,0,0,18,4
raw,843,192,9,0,0,0,0,0,0,0,21,4
raw,344,58,2,0,0,0,0,0,0,0,9,5
raw,616,145,3,0,1,0,0,0,1,0,12,2
raw,428,86,5,0,0,0,0,0,0,2,12,3
raw,123,29,3,2,1,0,0,0,0,0,3,3
raw,37,9,2,1,0,0,0,0,0,0,1,1
raw,704,171,11,0,0,0,0,0,0,1,15,6
raw,247,57,5,0,0,0,0,0,0,1,11,0
raw,197,45,1,0,1,0,0,0,0,0,9,1
raw,493,107,5,0,0,0,0,0,0,1,11,1
raw,79,19,2,0,0,0,0,0,0,0,4,1
raw,238,50,2,0,0,0,0,0,0,1,15,1
raw,173,39,3,1,0,0,0,0,0,1,4,0
raw,268,59,4,0,0,0,0,0,1,0,7,1
raw,110,28,2,0,0,0,0,0,0,2,3,0
raw,85,15,1,1,0,0,0,0,0,0,5,1
raw,1217,291,18,4,0,0,0,0,0,3,42,3
raw,1294,265,13,0,0,0,0,0,0,0,58,5
raw,150,27,1,0,0,0,0,0,0,0,7,0
raw,1238,278,16,1,0,0,0,0,0,9,31,6
raw,644,156,7,1,0,0,0,0,1,1,13,1
raw,131,32,2,2,0,0,0,0,0,1,4,0
raw,88,20,1,0,0,0,0,0,0,1,6,0
raw,448,88,2,0,3,0,0,0,0,0,11,0
raw,118,30,1,0,0,0,0,0,0,0,4,1
raw,163,39,3,0,1,0,0,0,1,0,0,0
raw,522,123,8,0,1,0,0,0,0,1,9,4
raw,87,19,1,0,0,0,0,0,0,0,2,0
raw,253,52,3,0,0,0,0,0,0,0,11,0
raw,323,73,7,1,0,0,0,0,1,1,10,2
raw,529,108,8,0,3,0,0,0,4,3,20,2
raw,924,200,13,0,0,0,0,0,0,1,20,10
raw,490,102,6,1,0,0,0,0,0,1,19,2
raw,86,18,2,0,0,0,0,0,0,3,5,0
raw,269,62,2,2,0,0,0,0,0,0,5,1
raw,277,64,2,0,0,0,0,0,0,0,9,2
raw,291,65,5,0,0,0,0,0,0,1,7,5
raw,573,125,11,0,0,0,0,0,0,5,25,3
raw,891,192,7,0,3,0,0,0,1,1,22,7
raw,217,55,4,0,0,0,0,0,0,0,7,0
raw,98,19,3,0,0,0,0,0,0,0,4,0
raw,402,91,7,0,0,0,0,0,0,0,8,2
raw,145,34,4,0,0,0,0,0,1,0,4,0
raw,489,109,2,4,0,0,0,0,1,1,8,2
raw,698,168,2,2,0,0,0,0,3,5,35,0
raw,511,104,6,4,1,0,0,0,0,1,11,2
raw,1551,363,19,19,0,0,0,0,1,1,54,7
raw,132,30,1,2,0,0,0,0,0,0,8,4
raw,478,109,3,0,0,0,0,0,0,1,56,0
raw,710,165,6,0,0,0,0,0,0,6,27,6
raw,165,35,2,0,0,0,0,0,0,0,3,1
raw,312,61,3,0,0,0,0,0,3,0,22,0
raw,178,39,5,0,0,0,0,0,0,0,2,5
raw,33,10,2,0,0,0,0,0,0,0,1,1
raw,176,32,2,0,0,0,0,0,0,0,7,0
raw,63,18,2,0,0,0,0,0,0,0,4,0
raw,542,126,8,0,0,0,0,0,0,0,10,0
raw,500,108,5,0,0,0,0,0,1,0,14,1
raw,417,92,6,3,0,0,0,0,0,0,11,0
raw,317,73,3,0,0,0,0,0,0,0,5,1
raw,452,89,4,0,0,0,0,0,0,0,13,3
raw,287,71,6,0,0,0,0,0,0,0,7,2
raw,486,96,1,4,0,0,0,0,0,1,19,3
raw,177,43,2,1,0,0,0,0,2,0,2,1
raw,155,40,3,0,1,0,0,0,0,0,5,1
raw,204,51,4,0,0,0,0,0,0,2,6,0
raw,277,57,3,0,0,0,0,0,0,0,8,9
raw,766,160,13,3,0,0,0,0,0,2,20,4
raw,292,57,1,0,1,0,0,0,3,0,7,4
raw,124,30,4,0,0,0,0,0,0,0,4,1
raw,274,53,3,0,0,0,0,0,0,0,8,2
raw,307,65,2,0,4,0,0,0,0,0,12,3
raw,39,13,1,0,1,0,0,0,0,0,0,0
raw,237,55,1,1,1,0,0,0,0,0,11,3
raw,142,35,5,1,0,0,0,0,1,0,3,1
raw,141,38,3,0,0,0,0,0,0,0,4,1
raw,639,151,8,0,0,0,0,0,1,1,21,4
raw,699,155,9,0,0,0,0,0,0,0,12,4
raw,212,49,2,0,0,0,0,0,0,0,10,1
raw,218,49,3,0,0,0,0,0,0,6,14,0
raw,148,33,2,0,0,0,0,0,0,0,7,1
raw,286,64,5,0,0,0,0,0,0,0,9,3
raw,137,25,3,0,0,0,0,0,1,0,2,1
raw,322,68,5,0,0,0,0,0,0,1,8,3
raw,497,110,8,0,0,0,0,0,0,0,12,5
raw,709,163,12,0,0,0,0,0,0,5,30,5
raw,416,88,4,0,0,0,0,0,0,1,19,1
raw,274,63,4,0,1,0,0,0,0,0,6,0
raw,568,121,6,0,0,0,0,0,0,1,19,4
raw,322,76,3,0,0,0,0,0,0,1,9,0
raw,622,121,5,0,0,0,0,0,2,0,13,4
raw,71,18,2,0,0,0,0,0,0,0,4,1
raw,401,86,6,0,0,0,0,0,0,3,15,0
raw,541,120,3,0,4,0,0,0,0,0,18,2
raw,40,9,1,0,0,0,0,0,0,0,2,0
raw,445,111,5,0,0,0,0,0,0,0,14,0
raw,2372,487,26,0,0,0,0,0,0,1,61,13
raw,307,66,6,0,0,0,0,0,0,0,4,3
raw,221,49,2,0,1,0,0,0,0,0,4,0
raw,115,23,2,0,0,0,0,0,0,1,7,0
raw,152,35,2,0,0,0,0,0,1,0,7,0
raw,530,120,10,0,0,0,0,0,0,2,12,2
raw,125,27,2,0,0,0,0,0,0,0,1,1
raw,209,41,4,0,0,0,0,0,1,0,5,2
raw,451,104,5,1,0,0,0,0,1,4,17,3
raw,377,80,4,3,0,0,0,0,2,6,17,1
raw,1,1,1,1,0,0,0,0,0,0,0,0
raw,481,105,6,0,1,0,0,0,0,0,9,3
raw,435,103,4,0,0,0,0,0,0,1,14,6
raw,269,64,4,0,0,0,0,0,0,0,11,0
raw,255,62,4,0,0,0,0,0,0,1,15,0
raw,369,71,1,0,0,0,0,0,0,1,11,2
raw,88,19,2,0,0,0,0,0,0,0,5,0
raw,176,37,5,0,0,0,0,0,0,1,7,2
raw,56,8,2,0,0,0,0,0,0,0,8,0
raw,544,132,7,1,0,0,0,0,1,1,24,1
raw,11,4,1,1,0,0,0,0,0,1,1,0
raw,17,4,1,0,0,0,0,0,0,0,0,0
raw,121,27,2,0,0,0,0,0,0,0,3,0
raw,1607,371,24,0,4,0,0,0,4,18,68,2
raw,123,27,1,0,0,0,0,0,0,1,6,0
raw,53,12,2,0,0,0,0,0,0,0,2,0
raw,163,35,1,0,1,0,0,0,0,2,5,1
raw,475,103,5,0,0,0,0,0,0,1,14,5
raw,312,55,2,0,0,0,0,0,0,0,58,0
raw,203,45,2,0,1,0,0,0,1,5,10,3
raw,187,40,2,3,0,0,0,0,0,0,8,3
raw,1648,399,28,0,0,0,0,0,9,13,52,4
raw,125,25,4,0,0,0,0,0,0,0,3,2
raw,434,104,9,0,0,0,0,0,0,2,6,0
raw,269,59,2,0,0,0,0,0,0,2,7,1
raw,469,100,16,0,0,0,0,0,0,0,9,4
raw,226,48,7,0,0,0,0,0,0,3,3,2
raw,302,70,3,1,0,0,0,0,0,2,12,0
raw,574,132,9,0,0,0,0,0,0,0,17,2
raw,230,50,3,1,0,0,0,0,0,1,6,0
raw,971,214,13,0,1,0,0,0,1,1,28,1
raw,334,71,5,0,0,0,0,0,0,0,8,0
raw,111,27,3,0,0,0,0,0,0,1,6,0
raw,47,8,1,0,0,0,0,0,0,0,3,0
raw,772,182,12,0,0,0,0,0,0,9,24,1
raw,967,210,9,0,0,0,0,0,1,3,21,7
raw,552,126,8,0,3,0,0,0,0,3,22,2
raw,247,56,2,0,0,0,0,0,1,0,6,2
raw,1283,254,10,6,1,0,0,0,3,0,48,3
raw,111,25,1,0,1,0,0,0,0,0,4,1
raw,1250,270,14,1,0,0,0,0,0,1,33,11
raw,466,95,7,0,0,0,0,0,0,0,11,2
raw,777,169,7,0,0,0,0,0,0,0,26,4
raw,876,187,17,2,0,0,0,1,0,1,45,2
raw,176,42,1,0,0,0,0,0,0,2,7,1
raw,1359,312,12,1,0,0,0,0,0,2,27,6
raw,124,31,1,0,0,0,0,0,0,1,5,0
raw,96,19,2,0,0,0,0,0,0,1,3,0
raw,300,83,2,1,0,0,0,0,4,5,10,0
raw,344,81,2,0,1,0,0,0,2,2,12,1
raw,782,167,12,0,0,0,0,0,0,2,16,5
raw,279,69,10,0,0,0,0,0,1,3,7,0
raw,291,69,6,0,0,0,0,0,1,4,11,2
raw,235,51,1,0,0,0,0,0,1,0,11,0
raw,287,69,4,1,0,0,0,0,0,2,10,0
raw,287,66,3,0,0,0,0,0,0,0,11,1
raw,185,35,2,2,0,0,0,0,0,0,6,1
raw,454,105,4,0,1,0,0,0,1,1,10,4
raw,60,14,3,0,0,0,0,0,0,3,5,0
raw,896,213,8,3,2,0,0,0,3,5,17,3
raw,811,172,12,1,3,0,0,0,3,3,27,3
raw,339,82,4,0,2,0,0,0,0,0,11,0
raw,649,137,4,0,1,0,0,0,0,1,24,2
raw,279,63,4,0,0,0,0,0,0,0,9,0
raw,222,56,6,0,0,0,0,0,0,5,6,0
raw,408,106,6,0,0,0,0,0,0,6,12,4
raw,381,93,7,0,0,0,0,0,0,2,11,0
raw,95,24,3,1,0,0,0,0,0,0,5,1
raw,84,20,2,0,0,0,0,0,0,1,1,0
raw,124,24,1,0,0,0,0,0,0,0,1,0
raw,295,65,6,0,0,0,0,0,0,1,6,3
raw,453,105,7,0,0,0,0,0,0,0,16,1
raw,268,56,4,0,0,0,0,0,0,0,10,0
raw,92,18,2,0,0,0,0,0,0,0,2,0
raw,196,40,2,0,0,0,0,0,0,0,14,0
raw,49,14,3,0,0,0,0,0,0,0,4,0
raw,154,34,1,1,0,0,0,0,0,0,3,1
raw,107,24,1,0,0,0,0,0,0,0,3,2
raw,1828,408,13,9,3,0,0,0,0,10,44,5
raw,588,131,8,0,0,0,0,0,0,1,20,5
raw,606,134,5,0,0,0,0,0,1,5,22,1
raw,189,46,7,0,0,0,0,0,0,4,13,2
raw,594,134,11,0,0,0,0,0,0,1,20,1
raw,247,54,2,0,0,0,0,0,0,0,13,0
raw,688,147,6,1,0,0,0,0,0,0,25,0
raw,474,102,9,0,0,0,0,0,0,0,17,4
raw,304,64,5,0,0,0,0,0,0,0,5,1
raw,74,12,1,0,0,0,0,0,0,0,5,2
raw,59,18,1,0,0,0,0,0,1,0,2,0
raw,111,23,1,0,0,0,0,0,0,0,8,0
raw,390,90,6,0,0,0,0,0,0,0,13,0
raw,115,31,1,0,1,0,0,0,0,2,7,0
raw,584,125,7,0,0,0,0,0,0,0,19,1
raw,407,98,4,0,1,0,0,0,0,1,10,1
raw,151,35,1,2,0,0,0,0,1,0,6,1
raw,187,41,3,0,0,0,0,0,0,0,6,0
raw,155,36,3,0,0,0,0,0,0,0,9,0
raw,128,28,4,0,0,0,0,0,0,0,4,0
raw,540,123,8,0,0,0,0,0,0,3,11,2
raw,189,43,4,0,0,0,0,0,0,0,10,1
raw,306,70,4,0,0,0,0,0,0,2,12,0
raw,185,38,3,0,0,0,0,0,0,1,6,1
raw,1300,310,11,0,0,0,0,0,6,3,56,3
raw,268,57,6,0,1,0,0,0,0,3,9,0
raw,257,59,4,0,0,0,0,0,0,2,8,3
raw,384,87,7,0,0,0,0,0,0,2,19,5
raw,100,25,4,0,0,0,0,0,0,0,2,2
raw,468,98,6,0,0,0,0,0,0,1,11,5
raw,288,62,2,0,0,0,0,0,0,4,15,2
raw,668,151,14,0,0,0,0,0,0,3,16,2
raw,55,12,1,1,0,0,0,0,0,0,10,0
raw,377,85,5,0,0,0,0,0,0,0,13,1
raw,200,50,2,0,0,0,0,0,0,0,3,0
raw,68,14,1,1,0,0,0,0,2,0,3,0
raw,1816,400,13,7,6,0,0,0,0,0,55,9
raw,435,105,7,0,0,0,0,0,0,2,6,1
raw,310,73,4,1,0,0,0,0,1,1,10,3
raw,411,88,3,0,1,0,0,0,1,2,11,1
raw,1029,216,1,0,3,0,0,0,1,10,40,0
raw,133,31,1,0,1,0,0,0,0,1,2,0
raw,225,51,3,0,0,0,0,0,0,1,9,0
raw,425,95,10,0,0,0,0,0,0,3,18,2
raw,64,15,2,0,0,0,0,0,0,0,1,0
raw,212,50,6,0,0,0,0,0,3,1,5,0
raw,396,86,5,0,0,0,0,0,0,0,14,3
raw,59,11,1,0,0,0,0,0,0,0,1,1
raw,531,118,8,2,0,0,0,0,0,0,17,1
raw,141,36,2,0,0,0,0,0,0,1,3,0
raw,22,5,1,0,0,0,0,0,0,0,1,0
raw,192,39,6,0,0,0,0,0,0,1,5,4
raw,116,20,1,0,0,0,0,0,1,1,4,1
raw,98,21,2,0,0,0,0,0,0,0,2,2
raw,1740,389,18,0,0,0,0,0,0,13,64,3
raw,367,84,6,0,0,0,0,0,0,3,8,0
raw,164,42,2,0,0,0,0,0,0,1,5,0
raw,248,60,2,0,0,0,0,0,0,0,9,2
raw,596,139,7,0,1,0,0,0,0,1,12,0
raw,477,100,1,0,0,0,0,0,0,2,15,2
raw,293,67,5,0,0,0,0,0,0,2,5,4
raw,592,136,5,0,0,0,0,0,0,2,14,2
raw,322,68,5,0,1,0,0,0,0,1,11,2
raw,116,26,3,0,0,0,0,0,0,0,2,1
raw,125,26,1,0,0,0,0,0,0,0,5,0
raw,1806,325,12,0,0,0,0,0,1,0,31,7
raw,478,93,5,0,0,0,0,0,0,0,12,3
raw,672,156,6,0,0,0,0,0,1,2,13,1
raw,521,117,7,0,1,0,0,0,0,2,14,1
raw,102,21,1,0,0,0,0,0,0,1,3,1
raw,428,91,5,0,1,0,0,0,2,1,12,3
raw,507,109,1,0,0,0,0,0,0,0,16,2
raw,162,39,3,0,0,0,0,0,0,2,5,0
raw,96,22,3,1,0,0,0,0,0,0,3,0
raw,316,77,5,0,0,0,0,0,1,1,12,0
raw,513,115,10,3,0,0,0,0,1,0,18,7
raw,556,125,4,1,0,0,0,0,0,1,23,4
raw,54,13,1,0,0,0,0,0,0,0,3,1
raw,476,111,7,0,0,0,0,0,1,0,20,0
raw,725,154,15,0,0,0,0,0,0,1,34,4
raw,496,113,2,0,3,0,0,0,0,4,17,0
raw,466,108,6,0,0,0,0,0,0,2,16,0
raw,484,128,11,0,0,0,0,0,1,1,10,0
raw,267,53,3,0,0,0,0,0,0,0,22,0
raw,44,12,1,0,0,0,0,0,0,1,1,2
raw,238,41,1,0,1,0,0,0,0,0,10,0
raw,72,10,1,0,0,0,0,0,0,0,1,3
raw,282,57,4,0,0,0,0,0,0,0,6,2
raw,773,184,13,0,1,0,0,0,2,0,24,4
raw,512,121,8,0,0,0,0,0,0,1,12,4
raw,82,21,1,0,0,0,0,0,0,0,4,0
raw,703,159,10,0,0,0,0,0,0,1,29,4
raw,44,8,1,0,0,0,0,0,0,0,0,2
raw,824,173,15,0,2,0,0,0,0,5,35,3
raw,869,206,11,0,0,0,0,0,1,3,26,2
raw,436,90,6,0,0,0,0,0,0,0,12,3
raw,147,38,3,0,0,0,0,0,0,0,1,1
raw,147,32,1,1,0,0,0,0,0,1,6,0
raw,138,31,2,1,0,0,0,0,0,0,4,0
raw,97,23,4,0,0,0,0,0,0,0,2,1
raw,281,59,3,0,0,0,0,0,0,2,9,1
raw,230,53,3,0,0,0,0,0,1,2,6,1
raw,145,28,2,0,0,0,0,0,0,0,3,0
raw,165,30,2,0,0,0,0,0,1,0,4,1
raw,140,29,1,1,0,0,0,0,0,2,3,0
raw,27,7,1,1,0,0,0,0,0,0,0,0
raw,338,83,4,0,0,0,0,0,0,2,12,2
raw,243,53,4,0,0,0,0,0,0,0,7,3
raw,609,139,8,0,0,0,0,0,0,3,10,4
raw,259,62,1,0,0,0,0,0,0,0,5,1
raw,400,90,7,1,0,0,0,0,0,3,14,1
raw,234,56,4,1,1,0,0,0,2,0,8,0
raw,749,158,9,0,1,0,0,0,0,5,19,0
raw,577,129,4,1,1,0,0,0,1,0,15,2
raw,469,112,9,0,0,0,0,0,1,7,18,0
raw,121,30,3,0,0,0,0,0,0,1,7,0
raw,137,28,1,0,0,0,0,0,0,0,3,2
raw,193,43,3,0,0,0,0,0,0,0,4,2
raw,186,40,2,0,0,0,0,0,0,2,3,1
raw,484,110,8,1,0,0,0,0,0,3,10,2
raw,125,21,1,0,1,0,0,0,1,0,8,1
raw,284,67,4,0,0,0,0,0,0,0,6,3
raw,461,91,7,0,0,0,0,0,0,0,13,1
raw,169,40,1,0,0,0,0,0,0,0,2,2
raw,519,120,8,0,0,0,0,0,0,0,10,3
raw,180,34,5,0,0,0,0,0,0,0,4,3
raw,87,19,2,0,0,0,0,0,0,1,3,1
raw,36,6,1,0,0,0,0,0,0,0,1,0
raw,83,23,2,0,0,0,0,0,1,0,2,0
raw,205,37,3,2,0,0,0,0,0,0,2,5
raw,231,52,6,0,0,0,0,0,0,1,9,1
raw,690,148,3,1,2,0,0,0,5,0,15,2
raw,598,125,3,1,0,0,0,0,0,1,17,3
raw,1375,313,15,7,0,0,0,0,4,14,44,0
raw,451,81,3,0,0,0,0,0,0,0,48,0
raw,323,82,5,0,1,0,0,0,0,0,7,5
raw,349,75,6,0,0,0,0,0,0,0,6,3
raw,1023,214,11,3,0,0,0,0,0,0,28,3
raw,298,55,5,0,0,0,0,0,0,0,54,0
raw,146,40,2,0,0,0,0,0,2,0,8,3
raw,216,45,4,0,0,0,0,0,0,0,6,0
raw,363,87,9,1,0,0,0,0,0,0,8,0
raw,3,1,1,0,0,0,0,0,0,0,0,0
raw,268,69,7,0,0,0,0,0,0,3,9,1
raw,368,96,6,0,1,0,0,0,0,0,7,0
raw,168,41,2,0,0,0,0,0,0,0,5,0
raw,134,31,4,0,0,0,0,0,0,0,2,0
raw,36,9,1,0,0,0,0,0,0,0,1,2
raw,333,65,3,0,0,0,0,0,0,0,8,4
raw,433,104,2,0,2,0,0,0,1,2,12,1
raw,39,12,1,4,0,0,0,0,1,0,0,0
raw,689,168,9,1,0,0,0,0,4,1,30,1
raw,122,29,4,0,0,0,0,0,0,0,2,2
raw,55,15,1,1,1,0,0,0,0,0,3,1
raw,129,26,2,0,0,0,0,0,1,2,11,0
raw,124,31,2,1,0,0,0,0,0,0,4,2
raw,149,30,1,1,1,0,0,0,1,0,7,0
raw,265,61,4,1,1,0,0,0,0,0,9,3
raw,32,7,1,0,0,0,0,0,0,1,3,0
raw,494,105,7,0,0,0,0,0,1,2,13,3
raw,663,158,11,0,0,0,0,0,1,1,22,0
raw,472,110,10,0,0,0,0,0,0,2,22,0
raw,526,112,15,0,0,0,0,0,0,2,29,1
raw,551,132,3,2,0,0,0,0,2,10,23,1
raw,256,57,1,0,0,0,0,0,0,2,9,0
raw,57,16,1,0,0,0,0,0,1,0,3,0
raw,1033,225,15,0,1,0,0,0,0,1,12,5
raw,30,7,1,0,0,0,0,0,0,0,1,1
raw,186,39,1,0,0,0,0,0,0,0,3,0
raw,683,149,12,0,0,0,0,0,4,5,14,6
raw,553,125,11,0,2,0,0,0,1,0,27,1
raw,462,95,1,0,0,0,0,0,0,1,18,1
raw,519,109,9,0,1,0,0,0,0,2,15,0
raw,111,27,1,1,0,0,0,0,2,0,4,0
raw,119,25,1,1,0,0,0,0,0,0,2,0
raw,396,21,1,0,0,0,0,0,0,0,0,0
raw,134,32,1,0,0,0,0,0,0,0,5,1
raw,255,63,6,0,1,0,0,0,0,3,8,1
raw,233,51,2,3,0,0,0,0,1,1,8,4
raw,276,65,7,0,0,0,0,0,0,3,11,2
raw,101,29,3,0,0,0,0,0,0,0,2,1
raw,6,2,1,0,0,0,0,0,0,0,1,0
raw,447,109,4,0,0,0,0,0,0,2,13,4
raw,595,149,9,0,0,0,0,0,0,0,9,4
raw,79,17,2,0,0,0,0,0,0,0,7,1
raw,98,25,2,1,0,0,0,0,0,2,4,0
raw,470,96,1,0,0,0,0,0,0,0,12,3
raw,398,77,6,0,0,0,0,0,3,0,20,3
raw,101,21,2,0,0,0,0,0,0,2,6,0
raw,583,131,5,0,1,0,0,0,0,1,18,3
raw,204,50,4,0,1,0,0,0,0,0,4,1
raw,46,14,1,0,0,0,0,0,0,0,2,0
raw,1366,307,12,5,0,0,0,0,0,7,43,2
raw,853,208,8,4,0,0,0,0,0,5,21,0
raw,350,86,5,0,0,0,0,0,0,0,11,3
raw,981,219,12,0,1,0,0,0,0,2,15,1
raw,43,7,1,0,0,0,0,0,0,0,2,0
raw,179,39,1,0,0,0,0,0,0,1,4,0
raw,237,59,2,0,0,0,0,0,0,0,9,4
raw,189,47,3,0,0,0,0,0,1,3,3,0
raw,485,114,7,1,1,0,0,0,0,0,34,1
raw,567,132,5,1,0,0,0,0,0,0,25,0
raw,138,28,1,0,0,0,0,0,0,1,6,0
raw,303,70,4,1,0,0,0,0,0,3,7,0
raw,250,58,7,0,0,0,0,0,0,1,7,3
raw,706,158,8,1,0,0,0,0,2,2,19,3
raw,702,148,8,0,0,0,0,0,0,1,14,5
raw,149,32,4,0,0,0,0,0,0,0,2,0
raw,423,94,6,0,0,0,0,0,1,0,14,3
raw,964,216,13,6,0,0,0,0,0,0,20,0
raw,290,70,3,0,0,0,0,0,0,1,6,1
raw,230,48,2,0,0,0,0,0,0,2,6,1
raw,26,7,1,0,0,0,0,0,0,0,1,0
raw,4,1,1,0,0,0,0,0,0,0,1,0
raw,65,17,1,0,0,0,0,0,0,0,2,1
raw,660,136,8,0,0,0,0,0,0,2,16,1
raw,56,12,1,1,0,0,0,0,1,1,2,0
raw,732,170,7,2,2,0,0,0,2,3,15,4
raw,223,62,7,0,0,0,0,0,0,0,8,1
raw,266,63,5,0,0,0,0,0,0,0,9,2
raw,171,41,3,0,0,0,0,0,0,3,9,0
raw,49,7,1,0,0,0,0,0,0,0,2,0
raw,665,148,8,3,0,0,0,0,1,0,15,6
raw,284,60,1,2,0,0,0,0,0,0,7,3
raw,260,51,3,0,0,0,0,0,0,0,5,2
raw,467,102,6,1,1,0,0,0,0,0,13,4
raw,765,174,16,0,0,0,0,0,0,11,33,1
raw,338,98,5,0,0,0,0,0,2,2,8,0
raw,421,93,5,0,0,0,0,0,0,1,9,0
raw,136,31,3,0,0,0,0,0,0,0,3,1
raw,376,88,4,0,0,0,0,0,0,0,5,2
raw,256,57,3,0,0,0,0,0,0,0,4,1
raw,151,32,5,0,0,0,0,0,0,0,3,2
raw,219,52,4,4,0,0,0,0,0,0,9,1
raw,269,62,6,0,0,0,0,0,0,0,4,0
raw,1183,268,11,3,0,0,0,0,3,4,30,3
raw,56,10,1,0,0,0,0,0,0,0,6,0
raw,12,3,1,0,0,0,0,0,0,1,2,0
raw,589,137,9,1,0,0,0,0,0,1,24,4
raw,634,151,9,0,0,0,0,0,0,2,14,7
raw,175,38,1,0,0,0,0,0,0,0,3,1
raw,342,74,6,0,0,0,0,0,1,1,11,2
raw,111,28,2,0,0,0,0,0,0,0,5,0
raw,422,81,5,0,1,0,0,0,0,0,11,0
raw,120,28,1,0,1,0,0,0,0,2,6,0
raw,54,11,2,0,0,0,0,0,0,0,3,1
raw,189,40,2,0,1,0,0,0,1,0,7,3
raw,395,102,8,3,0,0,0,0,0,3,12,4
raw,175,40,2,0,1,0,0,0,0,3,4,1
raw,129,32,2,0,0,0,0,0,0,0,5,0
raw,415,103,6,0,0,0,0,0,0,7,16,0
raw,279,59,3,0,0,0,0,0,0,3,6,1
raw,90,21,1,0,0,0,0,0,0,1,0,0
raw,744,151,12,5,0,0,0,1,0,0,34,0
raw,580,126,5,1,0,0,0,0,0,7,14,0
raw,422,99,2,0,0,0,0,0,0,7,19,2
raw,63,15,1,0,0,0,0,0,0,0,3,0
raw,399,92,5,0,0,0,0,0,0,1,12,2
raw,32,8,1,0,0,0,0,0,0,0,1,0
raw,968,228,10,0,0,0,0,0,0,9,39,4
raw,472,100,3,1,0,0,0,0,2,1,13,1
raw,54,11,1,1,0,0,0,0,0,0,2,0
raw,243,55,2,2,0,0,0,0,0,1,3,1
raw,510,117,10,2,0,0,0,0,0,3,21,4
raw,272,51,5,0,0,0,0,0,0,0,10,3
raw,189,46,4,1,1,0,0,0,0,0,4,1
raw,206,43,1,0,0,0,0,0,0,0,7,3
raw,159,37,2,0,0,0,0,0,0,0,4,1
raw,165,41,1,0,0,0,0,0,0,0,8,1
raw,1563,346,14,11,5,0,0,0,0,2,58,6
raw,121,25,3,0,0,0,0,0,0,0,6,0
raw,815,184,6,0,0,0,0,0,0,7,24,4
raw,239,52,4,0,0,0,0,0,0,0,7,1
raw,424,86,6,0,1,0,0,0,1,0,17,1
raw,108,21,1,0,0,0,0,0,1,0,4,4
raw,139,29,2,0,0,0,0,0,2,0,4,1
raw,294,69,2,0,0,0,0,0,0,2,6,1
raw,225,49,3,0,0,0,0,0,0,3,4,1
raw,512,112,10,0,0,0,0,0,0,0,19,0
raw,442,94,4,0,0,0,0,0,0,2,15,2
raw,236,53,1,2,0,0,0,0,0,1,11,0
raw,667,141,2,6,0,0,0,0,0,0,19,3
raw,333,62,2,1,0,0,0,0,0,0,49,0
raw,180,28,1,0,2,0,0,0,1,0,2,1
raw,509,117,10,2,0,0,0,0,0,0,10,3
raw,615,133,5,0,4,0,0,0,0,2,17,1
raw,712,166,9,2,0,0,0,0,0,0,21,0
raw,1023,228,6,0,0,0,0,0,0,1,36,1
raw,463,103,9,0,0,0,0,0,0,0,16,3
raw,255,56,3,1,1,0,0,0,1,0,6,0
raw,595,132,3,2,0,0,0,0,0,3,11,1
raw,896,199,5,0,1,0,0,0,1,2,28,2
raw,629,146,10,6,0,0,0,0,1,6,27,0
raw,229,58,3,0,0,0,0,0,0,4,3,2
raw,966,209,15,1,0,0,0,0,1,5,38,7
raw,1030,220,16,0,0,0,0,0,0,2,24,2
raw,534,116,9,1,0,0,0,0,0,0,24,1
raw,415,90,5,0,0,0,0,0,0,1,16,0
raw,184,41,3,0,0,0,0,0,1,0,8,3
raw,479,122,13,0,0,0,0,0,0,2,11,6
raw,646,132,12,0,0,0,0,0,2,0,14,6
raw,79,21,2,0,0,0,0,0,0,1,4,0
raw,90,23,1,0,0,0,0,0,0,0,1,0
raw,34,8,1,0,0,0,0,0,0,1,1,0
raw,203,41,1,1,0,0,0,0,1,0,7,0
raw,564,120,7,0,0,0,0,0,0,0,13,2
raw,329,72,3,2,0,0,0,0,0,3,14,1
raw,582,129,8,0,0,0,0,0,0,2,14,1
raw,117,27,1,0,0,0,0,0,0,0,4,0
raw,61,12,1,0,0,0,0,0,0,0,3,0
raw,147,34,1,0,0,0,0,0,0,0,7,0
raw,426,102,7,0,0,0,0,0,0,3,14,3
raw,712,137,4,0,0,0,0,0,0,3,102,0
raw,45,12,1,0,0,0,0,0,1,0,2,0
raw,908,206,9,3,0,0,0,0,0,2,32,2
raw,718,154,5,0,2,0,0,0,3,0,31,0
raw,62,13,1,0,0,0,0,0,0,0,3,0
raw,115,20,1,0,0,0,0,0,0,0,5,3
raw,427,103,3,0,1,0,0,0,1,1,13,3
raw,305,71,5,0,0,0,0,0,0,1,9,0
raw,215,40,4,4,0,0,0,0,4,1,9,3
raw,455,102,4,0,0,0,0,0,0,2,15,2
raw,307,69,7,0,1,0,0,0,0,0,7,0
raw,1058,183,9,5,0,0,0,0,0,0,108,1
raw,403,68,6,0,0,0,0,0,0,0,66,0
raw,858,183,8,4,0,0,0,0,1,0,17,6
raw,141,29,3,0,0,0,0,0,2,0,4,1
raw,499,122,5,0,1,0,0,0,3,2,14,2
raw,163,35,1,0,0,0,0,0,0,0,4,0
raw,234,53,6,0,0,0,0,0,0,0,6,2
raw,49,12,1,0,0,0,0,0,0,0,2,2
raw,1093,250,13,3,0,0,0,0,3,2,35,0
raw,121,25,4,0,0,0,0,0,0,0,4,0
raw,406,87,7,0,0,0,0,0,0,1,12,4
raw,421,101,7,0,0,0,0,0,0,1,5,4
raw,290,67,1,0,0,0,0,0,0,0,5,1
raw,113,33,2,0,0,0,0,0,1,1,2,1
raw,491,111,6,0,0,0,0,0,0,0,13,3
raw,194,40,3,0,2,0,0,0,2,1,13,0
raw,218,42,2,1,0,0,0,0,0,0,5,5
raw,307,71,7,4,0,0,0,0,0,1,13,0
raw,324,70,5,0,0,0,0,0,0,1,7,4
raw,361,80,7,0,0,0,0,0,0,1,8,3
raw,480,121,7,0,0,0,0,0,0,3,18,1
raw,311,60,5,0,0,0,0,0,0,0,8,7
raw,235,60,6,3,0,0,0,0,2,1,4,0
raw,542,118,5,1,0,0,0,0,1,0,26,2
raw,106,27,2,2,0,0,0,0,0,0,2,0
raw,112,25,2,0,1,0,0,0,0,1,5,0
raw,2190,492,25,6,2,0,0,0,0,16,79,10
raw,48,8,1,0,0,0,0,0,0,1,2,0
raw,610,145,3,2,0,0,0,0,0,5,14,2
raw,495,106,7,1,0,0,0,0,0,2,15,6
raw,377,87,3,0,0,0,0,0,0,1,6,2
raw,63,10,1,0,0,0,0,0,0,0,2,1
raw,84,19,3,0,0,0,0,0,0,0,5,3
raw,193,47,1,0,0,0,0,0,0,0,7,0
raw,212,47,1,0,0,0,0,0,1,0,7,0
raw,514,118,1,1,0,0,0,0,2,1,20,3
raw,453,91,8,0,0,0,0,0,2,1,19,3
raw,271,55,5,0,0,0,0,0,0,0,8,3
raw,463,107,7,2,0,0,0,0,0,0,8,6
raw,114,29,2,0,0,0,0,0,0,0,6,1
raw,158,39,5,0,0,0,0,0,1,1,6,0
raw,473,122,11,0,0,0,0,0,3,1,9,1
raw,525,121,4,0,0,0,0,0,0,2,18,6
raw,101,23,1,0,0,0,0,0,1,0,5,1
raw,312,64,2,0,0,0,0,0,0,1,11,2
raw,814,195,6,1,0,0,0,0,0,0,23,1
raw,63,15,1,0,0,0,0,0,0,1,7,0
raw,249,50,2,0,0,0,0,0,1,0,12,1
raw,274,63,6,0,0,0,0,0,0,1,9,0
raw,230,55,4,0,0,0,0,0,1,2,14,0
raw,323,77,5,0,0,0,0,0,0,4,14,1
raw,35,8,1,0,0,0,0,0,1,0,3,1
raw,85,19,1,0,0,0,0,0,0,0,5,1
raw,256,58,3,0,0,0,0,0,0,1,6,4
raw,129,28,1,0,0,0,0,0,0,0,3,2
raw,201,48,2,0,0,0,0,0,0,0,3,0
raw,497,117,6,1,0,0,0,0,0,0,22,3
raw,180,43,1,0,0,0,0,0,0,0,3,0
raw,88,16,1,0,0,0,0,0,0,0,3,2
raw,784,172,5,3,0,0,0,0,15,0,18,2
raw,466,108,8,0,0,0,0,0,0,1,11,0
raw,183,39,4,0,0,0,0,0,0,2,6,2
raw,138,29,2,0,0,0,0,0,1,0,2,0
raw,70,16,2,0,0,0,0,0,0,0,3,1
raw,850,178,6,0,1,0,0,0,1,2,30,3
raw,270,54,4,0,2,0,0,0,2,1,7,1
raw,167,31,1,0,0,0,0,0,0,1,7,4
raw,494,98,5,0,0,0,0,0,0,1,61,0
raw,352,86,6,0,0,0,0,0,0,1,11,0
raw,208,41,4,0,0,0,0,0,0,0,10,4
raw,514,109,6,0,0,0,0,0,0,0,21,0
raw,62,13,2,0,0,0,0,0,0,0,1,2
raw,266,58,4,0,0,0,0,0,0,0,6,3
raw,448,113,6,0,0,0,0,0,0,2,27,3
raw,132,28,1,0,1,0,0,0,0,0,2,1
raw,302,69,7,0,0,0,0,0,0,0,14,3
raw,1198,273,9,3,0,0,0,0,0,0,28,8
raw,224,50,2,2,0,0,0,0,2,0,8,1
raw,114,26,2,0,0,0,0,0,0,0,5,0
raw,430,86,6,0,0,0,0,0,0,1,8,3
raw,383,87,1,1,1,0,0,0,1,0,13,2
raw,762,167,2,0,0,0,0,0,0,0,18,6
raw,556,119,12,0,0,0,0,0,0,2,11,1
raw,209,47,3,2,0,0,0,0,0,0,7,1
raw,158,29,2,0,0,0,0,0,0,0,5,0
raw,512,124,5,2,0,0,0,0,2,0,19,0
raw,471,101,5,0,0,0,0,0,0,0,9,2
raw,951,217,12,1,1,0,0,0,0,4,36,4
raw,246,47,2,0,0,0,0,0,0,1,9,0
raw,75,12,1,0,0,0,0,0,0,0,2,1
raw,598,123,6,0,0,0,0,0,0,1,17,6
raw,288,62,3,0,0,0,0,0,0,0,10,2
raw,445,97,3,2,0,0,0,0,0,2,17,1
raw,544,113,5,1,1,0,0,0,0,3,19,1
raw,173,40,4,0,0,0,0,0,2,1,6,0
raw,1013,256,16,25,0,0,0,0,6,5,27,4
raw,184,42,4,0,0,0,0,0,0,0,3,1
raw,200,48,3,0,0,0,0,0,0,1,6,1
raw,18,6,2,0,0,0,0,0,0,0,2,0
raw,203,44,3,0,0,0,0,0,0,0,12,1
raw,247,58,5,0,0,0,0,0,0,1,13,2
raw,381,80,6,0,0,0,0,0,1,0,8,2
raw,183,44,4,0,0,0,0,0,0,0,5,2
raw,322,67,1,0,0,0,0,0,0,0,6,3
raw,397,81,12,0,0,0,0,0,0,1,9,1
raw,48,11,1,0,0,0,0,0,0,2,4,0
raw,917,202,10,0,1,0,0,0,0,1,13,3
raw,304,76,5,0,0,0,0,0,0,3,8,0
raw,160,41,2,0,0,0,0,0,0,0,6,0
raw,235,44,5,0,0,0,0,0,0,0,6,6
raw,489,105,4,0,3,0,0,0,0,0,11,1
raw,210,47,5,0,0,0,0,0,0,2,6,0
raw,181,39,3,0,1,0,0,0,1,1,5,1
raw,926,218,12,5,3,0,0,0,0,2,22,2
raw,70,13,2,0,0,0,0,0,0,0,2,1
raw,730,154,5,0,1,0,0,0,0,0,21,3
raw,1731,390,18,2,9,0,0,0,8,9,73,3
raw,94,25,2,0,0,0,0,0,0,2,3,0
raw,164,39,3,0,0,0,0,0,0,0,4,3
raw,46,12,2,0,0,0,0,0,0,0,0,0
raw,405,91,8,0,0,0,0,0,1,1,18,2
raw,203,44,4,0,0,0,0,0,0,0,10,2
raw,67,14,3,0,0,0,0,0,0,0,2,1
raw,240,50,4,0,0,0,0,0,0,0,5,0
raw,63,14,4,0,0,0,0,0,1,0,2,0
raw,958,200,12,0,0,0,0,0,1,0,18,6
raw,588,139,4,0,1,0,0,0,0,5,20,0
raw,817,186,10,3,0,0,0,0,1,2,10,4
raw,493,90,2,0,0,0,0,0,0,0,8,0
raw,177,47,2,0,0,0,0,0,0,0,8,0
raw,338,79,1,3,0,0,0,0,0,0,7,0
raw,510,109,6,0,0,0,0,0,0,2,11,4
raw,61,13,1,1,0,0,0,0,0,0,0,1
raw,378,78,2,1,0,0,0,0,0,5,11,0
raw,264,58,6,0,0,0,0,0,0,1,2,1
raw,159,32,4,0,0,0,0,0,0,0,3,1
raw,869,186,5,5,3,0,0,0,0,1,20,2
raw,135,31,3,0,0,0,0,0,0,0,3,3
raw,104,23,1,0,0,0,0,0,0,1,3,1
raw,762,181,7,3,2,0,0,0,3,3,23,2
raw,278,62,6,0,0,0,0,0,1,1,11,1
raw,448,105,4,2,0,0,0,0,0,5,22,0
raw,587,131,5,5,0,0,0,0,0,5,11,6
raw,34,10,1,0,0,0,0,0,0,0,2,0
raw,154,22,1,0,0,0,0,0,0,0,8,0
raw,129,26,3,0,0,0,0,0,0,1,6,2
raw,665,157,4,3,3,0,0,0,2,2,18,6
raw,309,68,7,0,0,0,0,0,0,0,9,1
raw,503,118,7,0,0,0,0,0,0,6,14,0
raw,96,23,3,0,0,0,0,0,0,0,4,2
raw,142,26,2,0,0,0,0,0,0,0,3,1
raw,1169,280,12,0,0,0,0,0,0,5,18,1
raw,443,95,5,0,1,0,0,0,1,3,8,2
raw,479,108,6,0,1,0,0,0,0,1,20,1
raw,467,104,6,1,0,0,0,0,0,1,7,5
raw,1082,266,3,0,2,0,0,0,0,1,32,1
raw,428,96,3,0,0,0,0,0,0,1,10,8
raw,1054,192,7,0,0,0,0,0,1,0,198,0
raw,570,128,8,0,1,0,0,0,0,0,20,1
raw,349,68,2,0,0,0,0,0,0,1,12,0
raw,139,34,1,0,0,0,0,0,1,0,3,1
raw,500,119,8,0,0,0,0,0,3,1,14,1
raw,307,74,2,6,0,0,0,0,1,0,9,1
raw,778,173,7,1,0,0,0,0,5,2,39,3
raw,178,41,2,0,0,0,0,0,0,2,7,2
raw,512,111,5,0,0,0,0,0,0,0,12,5
raw,206,49,2,0,0,0,0,0,0,3,4,0
raw,437,104,6,1,0,0,0,0,1,1,10,5
raw,111,23,2,0,0,0,0,0,0,0,2,2
raw,5,1,1,0,0,0,0,0,0,0,0,0
raw,806,163,11,1,0,0,0,0,3,0,38,3
raw,157,34,3,0,0,0,0,0,0,0,1,0
raw,1035,249,17,0,0,0,0,0,0,6,24,13
raw,50,13,1,0,0,0,0,0,0,0,1,0
raw,229,51,3,1,0,0,0,0,1,0,10,2
raw,305,56,5,5,0,0,0,0,0,0,10,4
raw,156,37,5,0,0,0,0,0,0,0,6,4
raw,643,152,1,2,2,0,0,0,1,3,29,2
raw,46,11,1,1,0,0,0,0,1,0,1,0
raw,891,220,5,5,0,0,0,0,2,2,41,0
raw,735,151,9,0,1,0,0,0,1,0,23,2
raw,1040,251,8,0,1,0,0,0,1,6,36,2
raw,290,65,5,0,0,0,0,0,0,0,5,1
raw,762,180,8,3,1,0,0,0,2,1,32,0
raw,107,28,3,0,1,0,0,0,0,0,6,0
raw,538,130,9,0,1,0,0,0,1,2,10,5
raw,101,22,3,1,0,0,0,0,0,0,2,3
raw,2722,517,5,9,1,0,0,0,1,4,478,0
raw,512,112,5,0,0,0,0,0,0,1,9,1
raw,586,127,5,3,0,0,0,0,1,4,16,3
raw,279,59,3,0,1,0,0,0,1,1,12,2
raw,398,84,9,0,1,0,0,0,1,1,15,0
raw,265,61,5,0,0,0,0,0,3,0,6,1
raw,335,85,5,0,1,0,0,0,0,3,17,0
raw,912,201,16,0,0,0,0,0,0,1,24,3
raw,575,134,9,0,1,0,0,0,0,1,10,1
raw,12,2,1,0,0,0,0,0,0,0,0,0
raw,476,105,8,0,0,0,0,0,0,0,9,1
raw,457,97,6,0,0,0,0,0,0,1,17,2
raw,383,85,3,0,0,0,0,0,0,0,10,2
raw,147,36,2,0,0,0,0,0,0,0,8,0
raw,225,48,3,0,0,0,0,0,0,0,6,1
raw,47,11,1,0,0,0,0,0,0,0,2,0
raw,149,37,3,0,0,0,0,0,0,0,6,3
raw,319,73,8,0,0,0,0,0,2,0,8,2
raw,216,51,2,0,0,0,0,0,0,4,5,0
raw,127,23,2,0,0,0,0,0,0,0,2,0
raw,72,19,1,0,1,0,0,0,0,0,3,1
raw,113,28,2,0,0,0,0,0,0,0,9,2
raw,305,73,4,0,1,0,0,0,2,1,9,0
raw,1115,242,13,3,0,0,0,0,1,1,35,2
raw,736,155,11,0,0,0,0,0,0,1,18,3
raw,395,81,4,0,0,0,0,0,0,1,14,1
raw,225,48,2,0,0,0,0,0,0,0,5,0
raw,1213,285,6,9,0,0,0,0,6,0,24,9
raw,672,155,10,1,0,0,0,0,5,4,21,3
raw,481,100,6,0,0,0,0,0,0,0,15,1
raw,409,95,1,2,1,0,0,0,1,2,8,2
raw,154,28,2,1,0,0,0,0,0,0,2,2
raw,97,18,1,0,0,0,0,0,0,2,3,0
raw,332,82,4,0,0,0,0,0,0,0,13,0
raw,35,1,1,0,0,0,0,0,4,0,1,0
raw,651,136,7,0,1,0,0,0,1,0,26,4
raw,172,36,2,0,0,0,0,0,0,1,14,0
raw,120,25,1,0,0,0,0,0,0,0,4,1
raw,631,130,9,1,0,0,0,0,0,2,23,5
raw,164,34,3,0,0,0,0,0,0,0,3,0
raw,307,74,5,0,0,0,0,0,1,0,9,1
raw,154,33,4,1,0,0,0,0,0,0,7,2
raw,100,22,1,1,0,0,0,0,0,0,3,1
raw,106,24,2,1,0,0,0,0,1,0,2,0
raw,564,131,1,0,0,0,0,0,0,0,10,4
raw,58,12,1,0,0,0,0,0,1,0,4,0
raw,93,23,3,0,0,0,0,0,0,0,1,2
raw,561,129,3,0,1,0,0,0,3,7,19,4
raw,405,76,3,0,0,0,0,0,0,1,12,3
raw,6,2,1,0,0,0,0,0,0,0,1,0
raw,414,71,6,0,0,0,0,0,0,0,69,0
raw,831,198,5,4,1,0,0,0,0,3,26,5
raw,540,124,12,0,0,0,0,0,0,0,17,4
raw,804,201,15,2,0,0,0,0,0,5,30,1
raw,364,86,1,0,3,0,0,0,1,4,11,2
raw,211,49,5,0,0,0,0,0,0,0,3,1
raw,519,123,2,0,4,0,0,0,2,0,16,0
raw,165,36,3,2,0,0,0,0,2,0,5,1
raw,572,127,7,0,0,0,0,0,1,3,24,4
raw,479,100,6,0,0,0,0,0,1,4,26,1
raw,464,114,6,0,0,0,0,0,0,12,18,0
raw,408,92,7,0,0,0,0,0,1,0,11,2
raw,229,50,2,1,0,0,0,0,0,1,9,1
raw,780,173,7,0,0,0,0,0,0,1,23,1
raw,106,27,3,0,0,0,0,0,0,0,3,0
raw,423,99,1,2,0,0,0,0,0,1,10,1
raw,296,68,2,2,0,0,0,0,0,0,7,2
raw,428,94,2,1,0,0,0,0,0,0,10,3
raw,205,44,3,0,2,0,0,0,0,2,7,0
raw,169,42,6,0,0,0,0,0,0,1,1,0
raw,690,150,12,0,1,0,0,0,1,0,22,3
raw,319,62,6,0,0,0,0,0,0,0,12,1
raw,290,70,4,1,1,0,0,0,0,0,10,1
raw,415,94,5,0,0,0,0,0,0,1,10,2
raw,185,43,2,0,0,0,0,0,0,3,4,0
raw,281,67,5,0,0,0,0,0,0,1,8,1
raw,1196,285,4,3,7,0,0,0,1,7,32,9
raw,203,50,2,0,0,0,0,0,0,0,5,0
raw,82,21,3,0,0,0,0,0,0,0,2,0
raw,390,87,2,1,0,0,0,0,3,3,13,5
raw,149,39,1,3,0,0,0,0,2,0,6,2
raw,490,115,7,5,0,0,0,0,1,2,13,5
raw,579,98,7,0,0,0,0,0,0,0,100,0
raw,446,109,7,0,0,0,0,0,0,0,3,4
raw,107,24,2,0,0,0,0,0,0,1,7,0
raw,168,39,4,0,0,0,0,0,0,0,11,3
raw,51,12,1,0,0,0,0,0,0,0,0,0
raw,41,11,1,1,0,0,0,0,0,1,3,0
raw,441,98,5,1,2,0,0,0,1,0,11,1
raw,520,137,7,0,3,0,0,0,1,4,27,0
raw,128,27,1,0,0,0,0,0,0,0,2,0
raw,21,6,1,0,0,0,0,0,0,0,1,0
raw,151,37,3,0,1,0,0,0,0,0,3,1
raw,457,91,5,0,0,0,0,0,0,0,75,0
raw,116,28,3,0,0,0,0,0,0,0,3,1
raw,136,29,1,0,0,0,0,0,0,1,6,0
raw,423,91,5,0,0,0,0,0,0,1,11,6
raw,578,136,3,0,1,0,0,0,2,3,30,2
raw,510,117,6,0,0,0,0,0,0,4,17,1
raw,64,19,3,0,0,0,0,0,1,0,1,0
raw,830,194,9,0,0,0,0,0,1,1,22,4
raw,124,27,2,0,0,0,0,0,0,1,3,1
raw,110,23,3,0,0,0,0,0,0,0,4,2
raw,151,25,5,0,0,0,0,0,0,0,4,0
raw,253,56,3,0,0,0,0,0,0,0,6,0
raw,112,26,1,0,0,0,0,0,0,1,6,0
raw,14,4,1,0,0,0,0,0,0,0,1,0
raw,84,22,3,0,0,0,0,0,0,0,4,0
raw,108,26,2,0,0,0,0,0,0,2,8,0
raw,406,82,7,0,0,0,0,0,1,0,14,0
raw,581,139,7,1,0,0,0,0,1,5,20,2
raw,1366,322,15,0,0,0,0,0,1,6,65,2
raw,155,30,4,0,0,0,0,0,0,0,4,0
raw,446,98,2,0,0,0,0,0,0,1,17,1
raw,465,86,1,0,0,0,0,0,0,1,9,1
raw,70,14,1,0,0,0,0,0,0,0,3,0
raw,382,92,5,0,1,0,0,0,1,1,11,2
raw,177,34,1,0,0,0,0,0,0,0,6,4
raw,42,12,1,1,0,0,0,0,0,1,2,1
raw,684,155,5,2,0,0,0,0,2,0,23,0
raw,983,223,7,3,0,0,0,0,1,16,12,1
raw,121,26,3,1,0,0,0,0,0,0,2,0
raw,97,26,3,0,0,0,0,0,0,0,3,0
raw,171,42,5,0,1,0,0,0,0,0,5,0
raw,123,27,2,3,0,0,0,0,0,0,3,1
raw,407,92,8,0,0,0,0,0,0,0,19,0
raw,522,134,9,0,0,0,0,0,0,1,11,3
raw,384,90,4,0,0,0,0,0,0,1,8,3
raw,369,81,6,0,0,0,0,0,0,0,16,0
raw,389,94,6,1,0,0,0,0,1,1,8,0
raw,72,11,1,0,0,0,0,0,0,0,4,0
raw,63,13,1,0,0,0,0,0,0,0,3,0
raw,209,50,5,0,1,0,0,0,0,1,6,0
raw,328,73,3,1,1,0,0,0,0,1,10,3
raw,364,87,7,0,0,0,0,0,0,5,21,0
raw,458,101,3,0,1,0,0,0,0,0,10,0
raw,829,201,9,2,3,0,0,0,3,1,28,3
raw,55,13,1,0,0,0,0,0,1,1,2,1
raw,205,49,4,0,0,0,0,0,0,2,7,0
raw,126,35,2,0,0,0,0,0,1,0,5,0
raw,111,24,1,0,0,0,0,0,0,1,5,0
raw,300,69,5,0,0,0,0,0,0,0,11,1
raw,269,63,3,0,0,0,0,0,0,0,26,0
raw,439,99,4,0,0,0,0,0,0,0,16,0
raw,880,198,12,0,0,0,0,0,2,0,16,3
raw,512,122,3,0,3,0,0,0,0,4,15,0
raw,183,44,2,0,0,0,0,0,0,0,9,0
raw,559,131,3,0,0,0,0,0,0,6,31,3
raw,412,82,6,0,0,0,0,0,0,0,14,5
raw,473,103,4,2,0,0,0,0,1,1,6,6
raw,90,24,1,0,0,0,0,0,0,0,1,0
raw,213,53,1,1,0,0,0,0,0,2,11,1
raw,468,115,6,0,1,0,0,0,1,2,16,1
raw,312,78,5,0,0,0,0,0,1,0,3,0
raw,347,69,4,0,2,0,0,0,1,0,5,3
raw,1540,360,17,11,0,0,0,0,3,4,46,3
raw,108,27,2,0,0,0,0,0,0,0,8,0
raw,405,97,5,0,0,0,0,0,0,3,10,3
raw,103,23,2,1,0,0,0,0,2,1,0,2
raw,460,97,9,0,0,0,0,0,1,0,8,6
raw,457,108,9,0,0,0,0,0,0,2,24,2
raw,469,107,7,0,0,0,0,0,0,4,12,2
raw,1556,331,8,7,0,0,0,0,0,3,47,7
raw,291,55,4,0,0,0,0,0,0,0,49,0
raw,333,73,5,1,1,0,0,0,0,0,10,1
raw,87,23,5,0,0,0,0,0,0,1,4,0
raw,253,57,4,4,0,0,0,0,1,1,12,0
raw,2732,617,21,0,2,0,0,0,0,3,69,5
raw,341,76,6,2,0,0,0,0,0,0,11,0
raw,545,132,10,5,0,0,0,0,0,3,12,3
raw,234,54,4,0,0,0,0,0,0,0,8,0
raw,65,12,1,0,0,0,0,0,0,0,3,0
raw,194,43,1,1,0,0,0,0,1,5,7,0
raw,1423,323,17,0,0,0,0,0,1,1,31,3
raw,128,32,1,4,0,0,0,0,2,0,1,2
raw,182,39,3,0,0,0,0,0,0,1,6,1
raw,346,86,10,0,0,0,0,0,3,1,12,2
raw,822,181,9,1,2,0,0,0,1,3,27,0
raw,282,61,4,0,0,0,0,0,0,0,7,1
raw,327,78,7,0,0,0,0,0,0,1,4,1
raw,512,111,5,0,1,0,0,0,1,1,18,0
raw,148,31,3,0,0,0,0,0,0,0,8,1
raw,1205,258,12,4,0,0,0,0,0,1,32,5
raw,220,43,3,2,0,0,0,0,0,0,10,0
raw,107,20,1,0,0,0,0,0,0,0,2,0
raw,143,37,4,0,0,0,0,0,0,0,1,2
raw,57,15,1,0,0,0,0,0,0,0,2,0
raw,582,133,9,1,0,0,0,0,0,1,18,0
raw,435,90,5,0,0,0,0,0,0,3,24,2
raw,262,69,9,1,0,0,0,0,0,3,11,4
raw,346,77,10,0,0,0,0,0,0,5,10,1
raw,579,113,4,0,5,0,0,0,3,0,22,1
raw,510,112,5,0,2,0,0,0,0,1,11,3
raw,0,0,0,0,0,0,0,0,0,0,0,0
raw,524,113,10,0,0,0,0,0,0,0,12,6
raw,458,110,5,2,0,0,0,0,0,0,15,1
raw,700,155,2,3,0,0,0,0,0,1,24,1
raw,343,68,2,2,0,0,0,0,1,1,15,3
raw,313,67,1,1,0,0,0,0,1,2,11,2
raw,345,73,2,2,0,0,0,0,0,0,9,2
raw,1051,218,12,0,0,0,0,0,1,0,33,3
raw,123,30,1,0,1,0,0,0,0,0,5,1
raw,166,33,4,1,0,0,0,0,1,1,6,3
raw,297,76,1,0,0,0,0,0,1,1,9,0
raw,319,78,7,0,0,0,0,0,0,1,19,2
raw,887,194,11,0,0,0,0,0,0,9,24,4
raw,2448,529,28,14,0,0,0,0,2,4,59,9
raw,1165,267,13,0,0,0,0,0,2,3,36,2
raw,553,136,5,0,2,0,0,0,1,4,13,3
raw,423,97,6,0,0,0,0,0,0,0,8,0
raw,1579,351,15,6,0,0,0,0,2,1,43,5
raw,310,57,4,0,0,0,0,0,0,0,8,3
raw,208,45,3,2,0,0,0,0,2,0,3,1
raw,585,131,10,0,1,0,0,0,0,0,22,1
raw,167,34,1,0,1,0,0,0,0,2,6,0
raw,145,32,2,0,0,0,0,0,0,0,3,2
raw,790,184,10,0,1,0,0,0,0,2,37,3
raw,68,13,1,0,0,0,0,0,0,0,5,0
raw,1010,240,11,0,0,0,0,0,1,1,47,0
raw,203,48,3,0,0,0,0,0,0,1,9,0
raw,114,30,4,0,1,0,0,0,0,0,5,1
raw,202,46,3,0,0,0,0,0,0,0,5,2
raw,106,22,2,2,0,0,0,0,0,0,3,1
raw,521,113,7,0,0,0,0,0,2,2,16,6
raw,241,50,1,0,1,0,0,0,1,1,8,3
raw,258,64,6,2,0,0,0,0,1,2,7,0
raw,113,26,3,0,0,0,0,0,0,0,2,1
raw,279,63,6,0,0,0,0,0,0,0,9,0
raw,116,34,3,0,0,0,0,0,0,0,3,1
raw,562,125,9,0,0,0,0,0,0,0,24,0
raw,316,72,3,2,0,0,0,0,0,2,11,0
raw,666,148,5,1,0,0,0,0,0,3,24,1
raw,185,39,1,0,1,0,0,0,1,1,7,0
raw,954,224,14,1,0,0,0,0,0,10,49,3
raw,194,38,2,0,0,0,0,0,0,0,5,3
raw,497,107,11,0,0,0,0,0,0,0,4,2
raw,288,66,5,0,0,0,0,0,0,1,9,2
raw,1455,367,11,1,3,0,0,0,4,3,34,4
raw,536,118,6,0,1,0,0,0,0,0,17,5
raw,885,194,6,7,0,0,0,0,2,0,26,2
raw,1701,331,3,3,0,0,0,0,0,0,224,0
raw,123,28,3,0,0,0,0,0,1,0,5,1
raw,215,49,4,0,0,0,0,0,0,0,3,1
raw,351,74,1,0,0,0,0,0,0,0,12,2
raw,112,25,1,0,0,0,0,0,2,0,4,0
raw,475,108,6,0,0,0,0,0,1,0,16,0
raw,803,189,6,2,0,0,0,0,0,0,24,1
raw,111,23,1,0,0,0,0,0,0,0,3,2
raw,196,47,3,0,0,0,0,0,1,2,11,1
raw,350,66,4,0,0,0,0,0,0,1,7,2
raw,421,89,6,0,0,0,0,0,1,0,12,7
raw,101,16,2,0,0,0,0,0,0,0,4,1
raw,91,19,2,0,1,0,0,0,0,0,3,1
raw,243,54,3,0,1,0,0,0,1,1,4,1
raw,725,169,8,0,0,0,0,0,1,8,24,1
raw,39,9,1,0,0,0,0,0,0,1,3,0
raw,114,26,2,1,0,0,0,0,0,0,5,1
raw,295,69,2,0,1,0,0,0,2,0,7,2
raw,581,131,6,0,0,0,0,0,1,0,15,1
raw,474,107,7,0,1,0,0,0,1,1,10,1
raw,133,32,3,0,0,0,0,0,0,0,6,2
raw,963,219,21,6,0,0,0,0,0,2,20,4
raw,873,212,17,0,1,0,0,0,1,5,24,5
raw,375,94,4,0,0,0,0,0,0,3,10,0
raw,203,39,2,0,0,0,0,0,0,2,6,0
raw,461,110,7,2,1,0,0,0,1,2,6,1
raw,260,72,5,1,1,0,0,0,0,3,8,0
raw,269,60,7,1,0,0,0,0,0,1,7,3
raw,35,11,2,1,0,0,0,0,1,1,1,0
raw,90,27,1,0,0,0,0,0,1,3,5,0
raw,325,75,4,0,0,0,0,0,0,2,7,2
raw,28,3,1,0,0,0,0,0,0,0,0,2
raw,538,129,6,2,1,0,0,0,4,2,16,12
raw,187,45,1,0,0,0,0,0,0,0,10,0
raw,172,40,2,0,0,0,0,0,0,1,4,0
raw,461,108,8,0,0,0,0,0,0,0,14,1
raw,237,53,6,0,0,0,0,0,0,0,9,0
raw,249,55,3,0,1,0,0,0,0,0,23,0
raw,139,28,1,0,2,0,0,0,2,0,4,0
raw,453,84,3,0,1,0,0,0,0,1,16,3
raw,98,24,1,0,0,0,0,0,1,1,3,0
raw,655,160,3,0,1,0,0,0,0,1,17,2
raw,116,29,3,0,0,0,0,0,0,1,4,0
raw,447,109,8,1,0,0,0,0,1,0,8,0
raw,32,6,1,1,0,0,0,0,1,0,3,0
raw,21,6,1,0,0,0,0,0,1,0,4,0
raw,59,14,1,0,0,0,0,0,0,0,4,0
raw,85,19,2,0,0,0,0,0,0,1,5,0
raw,455,88,6,0,0,0,0,0,0,0,13,5
raw,151,36,4,0,0,0,0,0,0,0,2,2
raw,155,37,3,0,0,0,0,0,0,0,6,1
raw,258,59,1,0,0,0,0,0,0,0,9,0
raw,132,28,3,0,0,0,0,0,0,0,4,1
raw,546,135,5,0,4,0,0,0,0,8,31,0
raw,613,115,4,0,0,0,0,0,0,0,18,6
raw,742,163,14,0,1,0,0,0,0,1,16,4
raw,210,49,1,0,1,0,0,0,0,0,4,3
raw,679,152,9,0,0,0,0,0,3,1,25,1
raw,709,156,9,0,1,0,0,0,0,1,16,1
raw,407,89,2,0,0,0,0,0,0,2,17,0
raw,231,49,4,0,0,0,0,0,0,0,4,1
raw,83,19,2,0,0,0,0,0,0,0,2,0
raw,905,205,6,0,1,0,0,0,1,7,28,6
raw,360,85,1,0,2,0,0,0,2,0,10,0
raw,149,31,1,0,0,0,0,0,0,0,6,1
raw,312,74,2,0,0,0,0,0,0,1,6,0
raw,211,54,3,1,0,0,0,0,0,0,2,0
raw,183,39,4,0,0,0,0,0,0,0,7,0
raw,81,20,3,0,0,0,0,0,0,0,5,0
raw,640,122,7,0,0,0,0,0,0,2,12,4
raw,193,38,1,0,0,0,0,0,0,0,4,1
raw,362,78,3,0,0,0,0,0,0,4,9,2
raw,171,41,2,1,0,0,0,0,0,0,6,0
raw,572,139,3,4,0,0,0,0,2,3,19,0
raw,1003,230,8,4,0,0,0,0,0,2,40,7
raw,68,13,2,0,0,0,0,0,0,0,1,0
raw,716,165,10,0,0,0,0,0,0,5,34,0
raw,50,12,1,1,0,0,0,0,0,1,4,0
raw,69,14,1,0,1,0,0,0,0,0,2,0
raw,291,70,8,0,0,0,0,0,0,2,7,3
raw,193,45,4,0,0,0,0,0,0,0,5,0
raw,355,92,6,2,0,0,0,0,0,1,14,0
raw,217,51,2,0,0,0,0,0,0,2,9,1
raw,588,120,5,0,1,0,0,0,0,5,22,1
raw,508,118,10,0,0,0,0,0,0,1,12,2
raw,574,129,7,0,0,0,0,0,2,4,18,4
raw,69,14,1,0,0,0,0,0,0,0,7,0
raw,160,31,1,0,3,0,0,0,0,0,1,0
raw,184,38,5,0,0,0,0,0,0,3,4,2
raw,157,31,2,0,1,0,0,0,1,1,4,1
raw,194,43,2,0,0,0,0,0,1,0,6,1
raw,118,28,4,0,0,0,0,0,0,0,3,1
raw,71,16,2,1,0,0,0,0,1,0,2,0
raw,63,15,1,1,0,0,0,0,0,0,4,0
raw,640,152,8,2,0,0,0,0,0,0,20,4
raw,956,211,9,2,0,0,0,0,0,1,17,11
raw,122,27,3,0,0,0,0,0,0,0,2,3
raw,171,40,4,0,0,0,0,0,1,1,4,0
raw,142,36,3,0,0,0,0,0,0,1,5,0
raw,795,172,7,0,0,0,0,0,0,2,11,2
raw,611,149,7,0,2,0,0,0,1,3,15,4
raw,632,141,5,0,2,0,0,0,2,2,22,1
raw,414,85,4,0,2,0,0,0,0,2,24,2
raw,108,24,1,0,0,0,0,0,0,2,3,1
raw,366,81,5,0,0,0,0,0,0,1,16,2
raw,160,27,1,0,0,0,0,0,0,0,6,3
raw,691,169,10,0,2,0,0,0,1,4,25,0
raw,55,13,3,0,0,0,0,0,0,0,1,1
raw,319,78,2,0,1,0,0,0,0,0,13,2
raw,177,44,2,1,0,0,0,0,1,1,7,0
raw,106,24,1,0,1,0,0,0,0,1,4,1
raw,308,68,6,0,0,0,0,0,1,1,9,0
raw,251,66,5,0,0,0,0,0,0,3,8,0
raw,2097,476,18,0,9,0,0,0,7,7,62,9
raw,368,88,4,5,1,0,0,0,1,1,20,1
raw,308,73,3,0,1,0,0,0,2,1,8,1
raw,613,130,12,0,0,0,0,0,0,1,20,6
raw,330,76,5,0,1,0,0,0,1,0,12,0
raw,73,17,1,0,0,0,0,0,0,0,3,1
raw,390,83,4,0,1,0,0,0,0,1,15,4
raw,293,75,3,1,0,0,0,0,0,0,7,1
raw,40,7,1,0,0,0,0,0,0,0,1,1
raw,687,157,11,0,2,0,0,0,0,1,15,7
raw,464,118,7,1,0,0,0,0,4,1,21,2
raw,439,84,5,0,0,0,0,0,1,1,10,2
raw,112,25,4,0,0,0,0,0,0,0,1,0
raw,244,52,3,1,0,0,0,0,1,0,7,0
raw,9,2,1,0,0,0,0,0,0,0,0,0
raw,1152,257,9,3,0,0,0,0,2,3,22,2
raw,635,132,4,0,0,0,0,0,0,0,26,5
raw,588,146,13,0,0,0,0,0,0,0,17,3
raw,55,15,3,0,0,0,0,0,0,0,3,0
raw,1520,321,12,0,0,0,0,0,0,3,39,7
raw,227,50,7,1,0,0,0,0,1,0,8,2
raw,870,195,6,3,0,0,0,0,0,2,13,4
raw,325,73,4,0,0,0,0,0,2,0,15,4
raw,442,105,6,0,0,0,0,0,0,0,14,4
raw,452,102,6,0,0,0,0,0,0,0,17,4
raw,552,139,3,2,1,0,0,0,0,2,13,1
raw,82,17,2,0,0,0,0,0,0,0,1,2
raw,993,228,15,0,1,0,0,0,1,1,31,0
raw,561,102,5,6,0,0,0,0,4,0,22,0
raw,443,100,4,0,0,0,0,0,0,0,11,2
raw,338,75,7,0,0,0,0,0,0,0,9,0
raw,401,95,6,0,0,0,0,0,0,3,19,0
raw,445,95,4,0,0,0,0,0,0,0,15,1
raw,178,45,5,0,0,0,0,0,2,0,4,1
raw,273,65,6,0,0,0,0,0,0,1,7,0
raw,208,50,2,0,0,0,0,0,1,2,4,0
raw,156,35,1,1,0,0,0,0,0,0,3,0
raw,415,87,1,0,2,0,0,0,1,4,17,0
raw,4,1,1,0,0,0,0,0,0,0,1,0
raw,317,75,5,0,0,0,0,0,1,1,7,3
raw,59,17,2,0,0,0,0,0,0,0,2,0
raw,177,31,3,0,0,0,0,0,0,0,31,0
raw,348,71,5,1,0,0,0,0,0,1,9,2
raw,202,38,3,0,0,0,0,0,0,0,6,2
raw,360,87,6,0,0,0,0,0,0,1,17,1
raw,205,41,4,0,1,0,0,0,0,0,5,4
raw,144,36,1,1,0,0,0,0,0,2,8,0
raw,176,44,1,0,0,0,0,0,0,0,9,0
raw,392,93,1,1,0,0,0,0,0,0,9,0
raw,76,14,1,0,0,0,0,0,1,0,3,0
raw,714,168,14,0,0,0,0,0,0,0,24,3
raw,177,33,4,0,0,0,0,0,0,0,5,2
raw,113,26,1,0,0,0,0,0,0,0,4,1
raw,82,18,2,0,2,0,0,0,0,0,5,0
raw,710,156,11,0,0,0,0,0,0,0,16,2
raw,191,45,2,0,1,0,0,0,0,1,3,0
raw,93,19,1,0,0,0,0,0,0,0,3,2
raw,71,19,1,0,0,0,0,0,0,0,5,1
raw,61,12,1,0,0,0,0,0,0,0,2,2
raw,217,50,6,0,0,0,0,0,0,0,5,1
raw,271,63,2,0,1,0,0,0,0,1,11,0
raw,77,17,2,0,0,0,0,0,0,0,1,0
raw,457,102,5,0,0,0,0,0,0,0,15,2
raw,403,90,8,1,0,0,0,0,0,4,12,0
raw,372,90,7,0,0,0,0,0,0,3,15,1
raw,409,92,5,2,0,0,0,0,0,1,11,1
raw,370,83,8,0,0,0,0,0,0,0,12,5
raw,500,112,5,5,0,0,0,0,0,6,13,1
raw,81,19,2,0,0,0,0,0,0,0,2,1
raw,193,50,3,0,0,0,0,0,1,5,9,1
raw,137,31,4,0,0,0,0,0,0,0,1,0
raw,71,16,1,0,0,0,0,0,0,0,3,2
raw,335,67,5,0,0,0,0,0,0,1,12,0
raw,69,16,3,1,0,0,0,0,1,0,2,0
raw,499,110,8,1,0,0,0,0,0,2,13,3
raw,665,145,7,0,0,0,0,0,0,0,17,3
raw,193,47,2,0,0,0,0,0,0,0,10,0
raw,335,77,6,0,0,0,0,0,0,0,9,2
raw,51,9,1,0,0,0,0,0,0,0,1,2
raw,63,14,1,0,0,0,0,0,0,0,0,0
raw,310,75,4,0,0,0,0,0,0,1,6,3
raw,1121,218,6,2,0,0,0,0,0,0,164,0
raw,127,29,2,0,0,0,0,0,0,0,4,0
raw,104,19,1,1,0,0,0,0,2,1,9,1
raw,465,106,4,1,0,0,0,0,0,2,19,2
raw,516,115,10,0,1,0,0,0,2,0,13,4
raw,749,179,3,0,2,0,0,0,0,3,21,3
raw,547,120,3,0,2,0,0,0,1,4,18,5
raw,365,86,3,0,2,0,0,0,1,3,5,2
raw,351,82,6,2,0,0,0,0,1,2,9,0
raw,943,201,11,0,0,0,0,0,1,2,32,1
raw,160,36,4,2,0,0,0,0,0,1,8,0
raw,1079,246,16,0,1,0,0,0,2,0,31,3
raw,180,39,3,1,0,0,0,0,0,2,8,1
raw,816,178,6,3,0,0,0,0,1,0,24,3
raw,139,29,2,0,0,0,0,0,1,0,6,0
raw,983,231,17,0,0,0,0,0,2,1,29,1
raw,215,51,5,0,0,0,0,0,2,2,7,2
raw,137,30,3,0,0,0,0,0,0,0,6,1
raw,502,110,6,0,0,0,0,0,0,0,18,3
raw,102,22,1,0,0,0,0,0,0,0,3,1
raw,386,91,7,0,0,0,0,0,0,0,14,4
raw,1559,348,16,2,0,0,0,0,8,12,58,1
raw,403,73,2,1,0,0,0,0,2,1,12,0
raw,165,32,6,0,0,0,0,0,0,0,4,3
raw,615,118,7,1,0,0,0,0,1,1,21,1
raw,522,130,3,0,4,0,0,0,0,0,15,1
raw,602,136,3,0,0,0,0,0,0,2,35,1
raw,627,132,5,0,0,0,0,0,0,1,13,5
raw,382,88,6,0,1,0,0,0,0,5,11,0
raw,208,50,4,1,0,0,0,0,0,0,9,2
raw,623,143,7,1,0,0,0,0,1,0,14,5
raw,653,143,9,0,0,0,0,0,0,0,17,2
raw,693,168,9,0,0,0,0,0,0,1,22,0
raw,751,185,7,0,1,0,0,0,1,2,21,3
raw,55,13,2,0,0,0,0,0,0,0,3,1
raw,453,111,6,0,0,0,0,0,0,3,17,0
raw,209,53,5,0,0,0,0,0,1,0,4,2
raw,307,71,6,0,1,0,0,0,0,0,8,0
raw,12,2,1,0,0,0,0,0,0,0,1,0
raw,681,165,9,1,0,0,0,0,0,1,15,6
raw,450,103,4,6,0,0,0,0,1,1,13,4
raw,14,2,1,0,0,0,0,0,0,0,1,0
raw,541,139,11,1,0,0,0,0,2,0,11,0
raw,363,80,8,0,0,0,0,0,0,0,14,3
raw,1019,245,14,0,2,0,0,0,3,1,29,0
raw,317,70,5,0,1,0,0,0,0,1,10,2
raw,112,24,1,0,1,0,0,0,0,1,3,0
raw,219,44,1,0,0,0,0,0,1,0,7,2
raw,156,36,3,0,0,0,0,0,0,0,6,0
raw,161,37,1,0,0,0,0,0,0,0,6,1
raw,100,23,1,0,0,0,0,0,0,0,4,0
raw,465,99,5,0,1,0,0,0,2,0,12,0
raw,175,44,1,0,0,0,0,0,0,1,4,2
raw,171,39,2,0,1,0,0,0,2,0,5,0
raw,154,27,2,0,0,0,0,0,0,0,5,0
raw,141,38,5,0,0,0,0,0,0,1,6,0
raw,398,79,4,0,0,0,0,0,1,1,30,3
raw,169,34,3,0,0,0,0,0,0,0,2,3
raw,602,137,5,0,3,0,0,0,2,1,17,1
raw,203,52,1,0,1,0,0,0,0,0,7,0
raw,146,30,1,0,0,0,0,0,0,1,4,3
raw,102,23,2,0,1,0,0,0,0,0,4,0
raw,304,71,4,0,0,0,0,0,0,1,5,1
raw,148,37,1,0,0,0,0,0,0,1,4,0
raw,547,116,6,0,0,0,0,0,0,2,12,8
raw,954,199,4,0,1,0,0,0,0,2,103,0
raw,506,126,8,0,0,0,0,0,0,5,14,4
raw,263,63,3,0,0,0,0,0,0,0,10,0
raw,122,25,1,0,1,0,0,0,0,0,2,0
raw,338,71,4,0,0,0,0,0,0,0,14,1
raw,1056,219,11,0,0,0,0,0,0,1,19,5
raw,214,44,6,0,0,0,0,0,0,0,7,3
raw,118,26,1,0,0,0,0,0,0,0,4,0
raw,72,20,2,1,0,0,0,0,0,0,3,2
raw,26,6,1,0,0,0,0,0,0,0,1,0
raw,213,47,4,0,0,0,0,0,1,0,4,1
raw,842,184,11,4,0,0,0,0,1,4,34,3
raw,173,39,3,0,0,0,0,0,1,2,7,0
raw,989,223,10,0,0,0,0,0,1,1,29,9
raw,500,122,15,1,0,0,0,0,0,0,19,3
raw,144,29,2,0,0,0,0,0,0,0,4,0
raw,767,186,8,2,0,0,0,0,0,1,15,1
raw,241,55,1,0,1,0,0,0,0,1,8,1
raw,56,16,2,0,0,0,0,0,0,0,3,0
raw,247,61,2,0,0,0,0,0,1,0,9,1
raw,366,90,7,0,0,0,0,0,0,3,13,5
raw,131,27,3,0,0,0,0,0,0,0,3,3
raw,67,13,1,0,0,0,0,0,0,0,1,1
raw,68,15,1,0,0,0,0,0,0,0,2,0
raw,340,76,4,1,0,0,0,0,0,5,14,1
raw,476,101,4,0,2,0,0,0,2,0,66,0
raw,470,115,6,0,0,0,0,0,0,0,6,1
raw,670,154,4,0,4,0,0,0,0,0,22,3
raw,416,84,1,0,0,0,0,0,2,1,9,2
raw,511,120,7,2,0,0,0,0,0,2,16,2
raw,119,29,3,0,1,0,0,0,0,0,3,1
raw,38,9,1,0,0,0,0,0,0,0,1,0
raw,62,14,2,0,0,0,0,0,0,0,3,0
raw,398,97,1,0,0,0,0,0,2,4,14,0
raw,892,228,9,10,0,0,0,0,3,11,30,2
raw,60,18,2,3,0,0,0,0,0,0,2,0
raw,524,118,6,0,0,0,0,0,1,1,8,2
raw,454,97,5,2,1,0,0,0,1,0,13,1
raw,331,76,4,0,1,0,0,0,0,0,16,2
raw,102,25,2,0,0,0,0,0,0,0,3,1
raw,457,99,8,0,0,0,0,0,0,4,13,1
raw,135,30,2,1,0,0,0,0,2,1,5,0
raw,440,101,4,0,0,0,0,0,1,0,15,3
raw,4,1,1,0,0,0,0,0,0,0,1,0
raw,11,3,1,0,0,0,0,0,0,1,1,0
raw,1513,373,26,8,0,0,0,0,1,10,50,3
raw,2284,484,18,10,0,0,0,0,0,0,74,6
raw,337,76,5,0,2,0,0,0,1,0,9,1
raw,233,51,4,1,0,0,0,0,0,1,9,0
raw,1115,255,13,15,0,0,0,0,0,11,28,6
raw,299,66,2,0,0,0,0,0,3,1,6,0
raw,385,77,7,0,0,0,0,0,0,0,74,0
raw,350,85,8,1,0,0,0,0,2,2,6,1
raw,170,35,3,0,0,0,0,0,0,0,7,3
raw,393,92,8,0,0,0,0,0,1,0,10,2
raw,382,78,6,0,0,0,0,0,0,0,13,6
raw,1216,261,11,0,0,0,0,0,1,3,25,0
raw,503,102,8,0,2,0,0,0,0,0,16,1
raw,221,54,3,0,0,0,0,0,0,3,7,0
raw,167,39,3,0,0,0,0,0,0,0,5,0
raw,540,109,2,0,0,0,0,0,0,0,67,0
raw,143,31,4,0,0,0,0,0,0,1,3,1
raw,908,180,3,0,4,0,0,0,1,0,25,2
raw,43,9,2,0,0,0,0,0,0,0,1,2
raw,234,55,5,0,0,0,0,0,0,2,7,0
raw,493,102,10,0,1,0,0,0,1,1,22,2
raw,269,60,6,0,1,0,0,0,0,6,12,5
raw,593,135,8,0,0,0,0,0,0,1,22,6
raw,132,29,2,0,0,0,0,0,0,0,5,3
raw,29,7,1,1,0,0,0,0,0,0,0,0
raw,152,34,3,0,1,0,0,0,3,1,4,0
raw,1828,417,30,0,0,0,0,0,2,5,55,4
raw,615,143,7,1,0,0,0,0,1,0,14,0
raw,47,11,1,0,0,0,0,0,0,0,1,0
raw,89,22,1,1,0,0,0,0,0,0,2,0
raw,336,43,7,0,0,1,0,0,1,1,15,0
raw,392,85,10,0,0,0,0,0,0,2,20,3
raw,50,10,1,0,0,0,0,0,0,1,2,0
raw,539,123,4,0,0,0,0,0,0,3,17,2
raw,49,8,1,0,0,0,0,0,0,0,2,2
raw,198,40,5,0,0,0,0,0,0,1,4,1
raw,201,47,5,0,0,0,0,0,0,1,4,0
raw,1304,321,13,4,2,0,0,0,1,1,35,4
raw,691,163,6,0,0,0,0,0,0,0,22,0
raw,282,59,5,0,0,0,0,0,0,1,14,0
raw,876,210,10,0,1,0,0,0,0,5,30,0
raw,497,104,7,0,0,0,0,0,0,1,16,2
raw,345,78,5,1,1,0,0,0,2,0,5,2
raw,680,161,8,0,2,0,0,0,1,1,25,0
raw,169,37,3,2,0,0,0,0,0,0,9,0
raw,184,42,2,0,0,0,0,0,0,0,3,1
raw,709,173,3,5,0,0,0,0,0,6,17,7
raw,685,161,4,1,1,0,0,0,2,1,14,3
raw,60,14,1,1,0,0,0,0,1,0,5,0
raw,34,6,1,0,0,0,0,0,0,0,1,1
raw,552,115,7,0,0,0,0,0,0,0,16,0
raw,129,31,1,0,0,0,0,0,1,0,4,0
raw,99,24,2,0,0,0,0,0,0,0,3,0
raw,273,53,5,1,0,0,0,0,0,2,4,0
raw,589,131,10,4,0,0,0,0,1,1,16,4
raw,35,5,1,0,0,0,0,0,1,0,2,0
raw,298,73,6,0,0,0,0,0,0,2,6,3
raw,514,103,7,0,0,0,0,0,0,0,13,1
raw,40,10,1,0,0,0,0,0,0,0,1,0
raw,133,29,1,0,0,0,0,0,0,1,2,1
raw,270,58,5,0,0,0,0,0,0,1,10,0
raw,187,45,1,0,0,0,0,0,0,2,6,1
raw,302,75,6,1,0,0,0,0,0,0,9,2
raw,1686,366,22,0,0,0,0,0,1,1,53,15
raw,903,227,13,1,0,0,0,0,1,0,23,4
raw,110,23,2,0,0,0,0,0,0,1,2,2
raw,1049,242,16,1,0,0,0,0,1,11,36,3
raw,834,181,10,0,0,0,0,0,0,1,19,6
raw,114,24,2,0,0,0,0,0,0,0,3,0
raw,227,52,4,0,0,0,0,0,0,1,6,1
raw,137,36,3,0,0,0,0,0,0,0,7,1
raw,423,109,2,0,0,0,0,0,0,0,5,0
raw,143,35,2,0,0,0,0,0,0,0,3,1
raw,325,66,3,0,0,0,0,0,0,1,19,4
raw,678,143,4,2,2,0,0,0,0,4,27,5
raw,59,18,3,0,0,0,0,0,0,1,1,0
raw,135,34,3,0,0,0,0,0,0,1,4,1
raw,395,96,4,5,0,0,0,0,0,1,8,3
raw,1190,259,6,0,0,0,0,0,1,1,31,2
raw,1088,256,17,1,0,0,0,0,2,4,17,4
raw,302,68,3,0,1,0,0,0,0,1,11,0
raw,586,127,4,0,0,0,0,0,1,0,19,4
raw,495,104,7,0,1,0,0,0,0,0,14,1
raw,93,23,1,0,0,0,0,0,0,1,3,0
raw,665,166,12,1,0,0,0,0,1,4,20,8
raw,88,17,1,0,0,0,0,0,0,0,3,0
raw,247,66,3,2,0,0,0,0,2,1,9,3
raw,422,101,3,0,2,0,0,0,0,0,11,1
raw,582,130,3,0,1,0,0,0,0,3,29,1
raw,563,111,9,0,0,0,0,0,0,0,11,2
raw,418,97,7,0,0,0,0,0,1,0,9,2
raw,98,24,2,0,0,0,0,0,0,1,6,0
raw,437,94,7,0,0,0,0,0,0,0,11,7
raw,478,102,5,0,0,0,0,0,0,2,15,2
raw,772,165,3,0,0,0,0,0,0,1,22,6
raw,175,37,2,3,1,0,0,0,0,1,8,2
raw,259,55,4,0,0,0,0,0,2,2,6,2
raw,287,62,3,0,1,0,0,0,0,0,8,1
raw,597,127,5,0,1,0,0,0,1,0,17,5
raw,1098,254,11,3,0,0,0,0,2,7,33,6
raw,492,111,4,0,0,0,0,0,0,2,5,1
raw,145,34,3,0,0,0,0,0,0,2,4,2
raw,688,155,7,0,0,0,0,0,2,1,21,1
raw,659,144,9,0,0,0,0,0,0,1,15,1
raw,423,109,5,0,0,0,0,0,0,2,18,1
raw,88,21,1,0,0,0,0,0,1,0,2,0
raw,198,45,3,0,0,0,0,0,0,2,6,2
raw,429,107,6,0,1,0,0,0,1,1,15,0
raw,72,14,2,0,0,0,0,0,0,0,3,0
raw,910,189,6,1,0,0,0,0,0,7,34,10
raw,426,104,6,0,2,0,0,0,2,1,16,3
raw,77,19,3,0,0,0,0,0,0,1,4,1
raw,300,70,1,0,0,0,0,0,0,2,12,1
raw,143,31,2,2,0,0,0,0,0,0,5,1
raw,214,48,6,0,0,0,0,0,0,0,5,2
raw,30,6,1,0,0,0,0,0,0,0,1,1
raw,705,152,5,0,0,0,0,0,1,4,27,1
raw,855,178,8,0,2,0,0,0,4,0,115,0
raw,276,59,4,0,0,0,0,0,0,0,3,0
raw,89,23,2,0,0,0,0,0,0,0,2,1
raw,87,19,3,0,0,0,0,0,1,1,6,0
raw,207,49,6,0,0,0,0,0,0,0,5,1
raw,389,90,5,0,0,0,0,0,0,1,21,1
raw,354,75,3,0,0,0,0,0,1,0,6,1
raw,304,72,2,0,2,0,0,0,0,1,10,0
raw,249,59,7,0,0,0,0,0,0,0,9,1
raw,143,34,4,1,0,0,0,0,0,2,5,0
raw,114,25,3,0,0,0,0,0,0,0,3,2
raw,497,113,3,0,0,0,0,0,2,1,17,0
raw,692,148,10,0,0,0,0,0,0,0,22,1
raw,327,68,5,2,1,0,0,0,0,0,13,0
raw,269,61,3,0,1,0,0,0,0,1,5,1
raw,199,44,2,0,0,0,0,0,0,0,6,0
raw,792,156,7,0,0,0,0,0,2,1,13,2
raw,320,69,6,0,0,0,0,0,0,5,16,4
raw,784,155,5,0,0,0,0,0,0,4,22,1
raw,570,134,8,0,1,0,0,0,0,0,18,1
raw,704,157,9,0,3,0,0,0,1,2,22,3
raw,622,135,5,0,0,0,0,0,0,3,21,7
raw,610,144,11,0,0,0,0,0,0,0,15,2
raw,35,9,1,0,0,0,0,0,0,1,1,0
raw,455,96,5,0,0,0,0,0,0,0,13,4
raw,300,63,5,0,0,0,0,0,0,0,7,3
raw,52,12,1,0,0,0,0,0,0,0,0,0
raw,136,31,2,0,0,0,0,0,0,0,4,0
raw,187,40,3,0,2,0,0,0,0,1,9,0
raw,378,81,6,0,0,0,0,0,0,0,13,1
raw,445,113,6,1,0,0,0,0,0,0,12,1
raw,907,224,13,0,0,0,0,0,2,7,18,2
raw,281,71,6,0,0,0,0,0,3,7,14,0
raw,542,127,8,2,1,0,0,0,0,2,20,2
raw,598,131,8,2,0,0,0,0,0,2,15,11
raw,47,12,2,0,0,0,0,0,0,0,1,1
raw,160,37,4,0,0,0,0,0,1,0,10,1
raw,86,20,2,0,0,0,0,0,0,0,3,0
raw,187,45,2,0,1,0,0,0,1,0,7,1
raw,337,84,5,0,1,0,0,0,0,2,14,7
raw,543,113,5,0,0,0,0,0,0,0,19,2
raw,246,55,4,0,0,0,0,0,0,2,5,1
raw,654,141,6,0,0,0,0,0,0,0,21,3
raw,110,22,1,0,0,0,0,0,0,0,2,1
raw,239,52,4,0,0,0,0,0,0,0,7,1
raw,638,144,8,0,1,0,0,0,0,2,18,3
raw,1594,369,18,0,0,0,0,0,3,3,48,7
raw,263,47,2,0,0,0,0,0,0,0,10,2
raw,279,64,3,0,0,0,0,0,0,1,14,0
raw,373,71,4,1,0,0,0,0,0,0,8,2
raw,104,16,3,0,0,0,0,0,0,0,5,0
raw,427,96,4,0,0,0,0,0,0,1,11,1
raw,117,23,3,0,0,0,0,0,0,0,1,1
raw,271,59,3,0,1,0,0,0,0,2,14,0
raw,204,49,1,9,0,0,0,0,1,1,4,2
raw,594,125,1,4,0,0,0,0,0,0,17,1
raw,120,28,1,0,0,0,0,0,1,0,3,1
raw,616,144,8,0,0,0,0,0,0,2,17,1
raw,141,35,5,0,0,0,0,0,0,2,8,1
raw,70,17,1,1,0,0,0,0,0,0,2,1
raw,38,6,1,0,0,0,0,0,0,0,2,0
raw,457,99,4,0,0,0,0,0,0,1,13,2
raw,103,18,2,3,0,0,0,0,0,0,3,4
raw,197,48,4,0,0,0,0,0,0,0,4,2
raw,613,142,8,0,0,0,0,0,0,3,29,2
raw,617,132,7,0,1,0,0,0,2,1,17,2
raw,269,59,4,1,0,0,0,0,0,0,10,2
raw,453,105,5,2,0,0,0,0,1,3,19,3
raw,1223,280,14,0,2,0,0,0,1,6,28,5
raw,717,172,12,0,1,0,0,0,0,0,22,6
raw,341,79,5,0,0,0,0,0,0,1,9,1
raw,138,35,1,0,0,0,0,0,0,0,4,0
raw,339,91,7,2,0,0,0,0,0,0,12,3
raw,679,161,7,0,3,0,0,0,0,1,12,4
raw,258,59,4,2,0,0,0,0,0,1,11,0
raw,235,50,2,0,0,0,0,0,0,0,6,0
raw,480,116,2,0,1,0,0,0,1,4,17,4
raw,73,17,2,0,0,0,0,0,0,1,4,0
raw,56,15,1,0,0,0,0,0,0,0,3,0
raw,1291,295,3,5,0,0,0,0,6,4,57,9
raw,573,123,7,1,0,0,0,0,0,0,15,5
raw,330,77,4,0,0,0,0,0,0,0,13,1
raw,224,48,1,5,0,0,0,0,0,0,12,1
raw,142,27,1,0,0,0,0,0,0,0,4,2
raw,220,49,4,0,0,0,0,0,1,6,8,0
raw,339,75,6,0,0,0,0,0,0,1,11,4
raw,37,12,1,1,0,0,0,0,1,0,0,0
raw,378,87,3,4,0,0,0,0,0,2,10,1
raw,477,119,9,5,0,0,0,0,0,0,15,2
raw,1421,314,5,13,4,0,0,0,3,7,65,4
raw,507,134,15,1,0,0,0,0,1,2,20,0
raw,123,29,3,0,0,0,0,0,0,0,1,1
raw,714,143,9,4,0,0,0,0,1,0,25,3
raw,694,157,10,0,0,0,0,0,0,2,23,7
raw,188,52,5,1,0,0,0,0,0,2,5,0
raw,170,36,3,0,0,0,0,0,0,1,5,2
raw,308,71,2,0,0,0,0,0,0,0,6,0
raw,383,95,8,0,0,0,0,0,0,1,11,2
raw,246,57,3,0,1,0,0,0,0,1,11,0
raw,354,82,4,0,0,0,0,0,0,1,10,5
raw,171,40,3,2,0,0,0,0,2,2,9,0
raw,532,129,8,0,0,0,0,0,0,0,18,1
raw,37,11,1,0,0,0,0,0,0,0,2,0
raw,447,107,8,1,0,0,0,0,0,3,9,2
raw,227,55,5,1,0,0,0,0,1,0,5,0
raw,132,31,1,0,0,0,0,0,0,1,1,0
raw,117,28,3,0,0,0,0,0,0,1,5,1
raw,148,30,4,0,0,0,0,0,0,1,9,2
raw,371,81,4,1,1,0,0,0,0,1,15,1
raw,260,54,2,0,0,0,0,0,0,1,12,0
raw,190,48,2,3,0,0,0,0,0,0,7,0
raw,107,25,1,0,0,0,0,0,0,1,6,0
raw,125,27,2,0,0,0,0,0,0,0,5,0
raw,439,97,8,0,0,0,0,0,0,4,16,5
raw,252,45,1,0,0,0,0,0,4,0,9,1
raw,1128,261,22,0,0,0,0,0,0,2,26,4
raw,97,22,1,0,0,0,0,0,0,0,6,0
raw,218,54,1,4,0,0,0,0,1,2,8,1
raw,158,35,3,0,0,0,0,0,0,0,2,0
raw,1322,293,8,0,1,0,0,0,1,7,39,2
raw,326,79,2,0,0,0,0,0,0,3,11,0
raw,11,4,1,0,0,0,0,0,0,0,1,0
raw,130,27,3,0,0,0,0,0,0,0,2,0
raw,402,86,5,0,0,0,0,0,1,0,11,1
raw,263,65,2,0,0,0,0,0,0,0,6,3
raw,460,106,9,0,0,0,0,0,0,0,11,1
raw,698,160,8,0,0,0,0,0,1,0,14,3
raw,74,21,1,0,1,0,0,0,0,0,2,0
raw,465,102,11,0,1,0,0,0,1,4,11,7
raw,252,52,6,0,0,0,0,0,0,0,23,0
raw,542,124,4,0,0,0,0,0,0,1,16,2
raw,396,78,4,0,0,0,0,0,0,0,14,3
raw,9,1,1,0,0,0,0,0,0,0,1,0
raw,452,105,4,0,0,0,0,0,3,2,17,6
raw,116,23,3,0,0,0,0,0,0,0,1,4
raw,568,119,7,0,0,0,0,0,1,0,9,1
raw,51,14,1,1,0,0,0,0,0,0,2,0
raw,78,17,1,0,0,0,0,0,0,0,4,0
raw,1076,231,15,0,1,0,0,0,4,0,27,3
raw,109,26,1,1,0,0,0,0,0,0,6,1
raw,133,29,1,0,0,0,0,0,0,0,4,0
raw,500,124,10,3,0,0,0,0,3,6,26,1
raw,1114,261,17,5,0,0,0,0,0,10,20,9
raw,132,22,1,0,0,0,0,0,0,1,5,1
raw,738,165,3,1,0,0,0,0,2,4,27,6
raw,148,33,4,0,0,0,0,0,0,0,6,1
raw,290,58,5,1,0,0,0,0,0,2,8,3
raw,235,50,6,0,0,0,0,0,0,0,8,0
raw,132,33,3,1,0,0,0,0,0,0,4,1
raw,37,10,1,1,0,0,0,0,0,0,0,1
raw,73,19,2,1,0,0,0,0,0,1,1,1
raw,31,10,1,0,0,0,0,0,0,0,0,0
raw,274,61,4,0,0,0,0,0,0,0,7,2
raw,155,28,3,0,0,0,0,0,0,2,8,3
raw,510,116,2,0,1,0,0,0,0,4,13,3
raw,447,110,5,0,0,0,0,0,0,13,24,1
raw,725,163,2,5,0,0,0,0,1,6,26,3
raw,508,127,4,0,0,0,0,0,0,0,7,3
raw,409,83,6,0,0,0,0,0,0,0,10,1
raw,218,45,2,0,0,0,0,0,0,0,4,0
raw,584,138,5,0,0,0,0,0,1,2,14,1
raw,264,61,5,1,0,0,0,0,1,0,6,3
raw,944,217,20,1,0,0,0,0,3,0,34,6
raw,189,46,2,0,0,0,0,0,0,0,6,0
raw,279,60,2,0,0,0,0,0,0,1,7,0
raw,597,118,3,0,0,0,0,0,0,1,84,0
raw,327,76,3,0,0,0,0,0,0,3,8,1
raw,110,22,1,0,0,0,0,0,0,0,2,0
raw,584,138,9,0,0,0,0,0,0,1,20,5
raw,218,49,5,0,1,0,0,0,2,0,9,2
raw,144,33,2,0,0,0,0,0,0,2,4,0
raw,701,165,6,2,0,0,0,0,2,1,16,1
raw,711,146,11,0,1,0,0,0,0,1,20,5
raw,375,99,5,2,0,0,0,0,2,1,15,0
raw,844,192,7,1,1,0,0,0,1,0,16,1
raw,528,102,5,0,0,0,0,0,0,0,21,2
raw,310,64,4,0,0,0,0,0,0,1,18,2
raw,466,102,3,3,0,0,0,0,3,4,15,4
raw,222,49,6,0,0,0,0,0,0,0,6,0
raw,681,162,7,0,1,0,0,0,0,4,14,2
raw,55,12,1,1,0,0,0,0,0,0,1,0
raw,234,44,7,1,0,0,0,0,0,0,7,4
raw,235,52,4,0,0,0,0,0,0,1,7,2
raw,225,56,5,0,0,0,0,0,0,1,3,0
raw,949,210,6,0,3,0,0,0,2,1,27,1
raw,59,16,1,1,0,0,0,0,0,0,2,1
raw,114,22,1,0,0,0,0,0,0,0,2,2
raw,299,74,6,0,0,0,0,0,0,1,5,0
raw,209,45,3,2,0,0,0,0,0,0,8,1
raw,429,111,2,0,1,0,0,0,0,10,16,1
raw,460,111,5,0,1,0,0,0,0,1,11,1
raw,585,120,12,5,0,0,0,0,0,1,22,3
raw,89,21,1,1,0,0,0,0,0,1,4,1
raw,426,106,4,0,0,0,0,0,0,4,9,1
raw,54,13,1,0,0,0,0,0,0,0,5,0
raw,263,59,6,0,0,0,0,0,1,1,12,0
raw,99,18,1,1,0,0,0,0,0,0,3,2
raw,70,15,1,0,0,0,0,0,1,1,0,0
raw,225,43,5,0,0,0,0,0,0,0,10,1
raw,514,111,4,0,0,0,0,0,1,0,13,7
raw,755,173,16,0,0,0,0,0,1,2,21,4
raw,798,176,9,2,2,0,0,0,0,12,33,0
raw,675,157,8,0,0,0,0,0,2,1,25,3
raw,193,44,1,1,0,0,0,0,0,2,8,0
raw,370,78,4,0,0,0,0,0,1,0,12,1
raw,1137,269,8,3,2,0,0,0,1,3,36,2
raw,117,23,3,0,0,0,0,0,0,0,2,0
raw,160,40,4,0,0,0,0,0,0,5,9,0
raw,659,167,6,0,0,0,0,0,0,5,32,1
raw,9,3,1,0,0,0,0,0,0,0,1,0
raw,106,20,2,0,0,0,0,0,1,0,2,0
raw,473,95,5,0,0,0,0,0,0,1,11,3
raw,170,46,5,0,0,0,0,0,0,0,2,1
raw,131,21,2,0,1,0,0,0,0,0,4,0
raw,50,11,1,0,0,0,0,0,1,1,5,0
raw,733,175,11,2,0,0,0,0,2,7,22,3
raw,766,182,10,0,0,0,0,0,4,5,21,3
raw,113,30,1,2,0,0,0,0,1,0,4,0
raw,322,75,8,0,0,0,0,0,0,0,9,1
raw,52,12,2,0,0,0,0,0,0,0,0,1
raw,186,47,3,0,0,0,0,0,0,1,11,0
raw,189,48,4,0,0,0,0,0,0,0,4,1
raw,334,77,4,0,0,0,0,0,0,0,12,4
raw,40,10,1,0,0,0,0,0,0,0,0,0
raw,57,11,1,0,0,0,0,0,1,0,0,0
raw,24,4,1,0,0,0,0,0,0,0,2,0
raw,494,99,6,1,0,0,0,0,0,0,24,1
raw,369,80,7,1,0,0,0,0,0,0,10,1
raw,511,112,7,0,0,0,0,0,0,0,13,3
raw,167,38,4,0,0,0,0,0,0,0,7,1
raw,1341,301,12,9,2,0,0,0,0,4,29,4
raw,151,37,1,4,0,0,0,0,0,0,0,0
raw,120,27,1,0,0,0,0,0,0,1,4,1
raw,374,83,4,0,0,0,0,0,0,1,11,0
raw,47,11,1,0,0,0,0,0,0,0,2,1
raw,783,183,16,0,1,0,0,0,0,3,18,4
raw,16,4,1,1,0,0,0,0,0,1,2,0
raw,559,118,1,1,0,0,0,0,0,0,14,1
raw,548,129,5,0,0,0,0,0,0,10,29,1
raw,194,40,1,2,0,0,0,0,0,2,4,1
raw,468,99,7,0,0,0,0,0,0,3,11,3
raw,452,104,5,0,0,0,0,0,0,1,11,3
raw,115,27,3,0,0,0,0,0,0,0,5,1
raw,16,2,1,0,0,0,0,0,0,0,0,0
raw,79,22,2,0,0,0,0,0,0,1,1,0
raw,627,132,7,0,0,0,0,0,0,0,16,0
raw,556,125,4,0,0,0,0,0,0,1,17,1
raw,12,7,1,3,0,0,0,0,0,0,0,0
raw,79,19,1,0,0,0,0,0,0,0,4,1
raw,411,87,6,0,1,0,0,0,0,0,10,3
raw,187,40,2,0,0,0,0,0,0,0,5,2
raw,387,83,4,0,0,0,0,0,0,0,10,1
raw,678,150,11,1,0,0,0,0,0,1,20,1
raw,25,6,1,0,0,0,0,0,0,0,1,0
raw,255,48,2,0,0,0,0,0,0,0,8,1
raw,1239,290,14,0,1,0,0,0,1,6,41,3
raw,181,45,3,1,0,0,0,0,0,1,5,3
raw,599,121,5,1,0,0,0,0,1,1,20,4
raw,175,46,5,0,0,0,0,0,0,0,4,3
raw,493,101,9,0,0,0,0,0,0,0,19,3
raw,164,37,1,0,1,0,0,0,0,0,7,0
raw,66,17,4,0,0,0,0,0,0,0,3,0
raw,154,38,3,1,0,0,0,0,0,0,8,3
raw,273,62,3,0,0,0,0,0,0,0,9,0
raw,250,55,3,0,0,0,0,0,0,1,7,2
raw,476,97,8,0,1,0,0,0,0,2,12,3
raw,579,136,9,0,0,0,0,0,1,2,21,4
raw,456,105,5,0,0,0,0,0,0,0,11,4
raw,421,90,5,0,0,0,0,0,0,0,10,4
raw,617,133,8,0,1,0,0,0,1,8,15,3
raw,83,26,3,0,0,0,0,0,1,0,1,0
raw,199,45,2,0,1,0,0,0,0,1,7,1
raw,70,18,1,0,0,0,0,0,1,1,4,1
raw,188,40,1,0,0,0,0,0,0,1,4,1
raw,254,55,1,0,1,0,0,0,0,4,5,0
raw,345,81,3,1,0,0,0,0,1,0,6,4
raw,786,186,6,4,0,0,0,0,2,0,28,1
raw,107,23,1,0,0,0,0,0,0,0,3,0
raw,530,131,1,1,0,0,0,0,0,1,10,3
raw,121,30,1,0,0,0,0,0,0,0,4,0
raw,267,58,7,0,1,0,0,0,0,1,13,3
raw,276,61,5,0,2,0,0,0,0,3,6,2
raw,713,162,10,2,0,0,0,0,0,2,20,4
raw,460,100,1,0,0,0,0,0,1,3,17,2
raw,459,103,5,0,0,0,0,0,1,0,11,0
raw,282,58,5,0,0,0,0,0,0,0,8,4
raw,20,4,1,0,0,0,0,0,0,0,2,0
raw,261,59,3,0,1,0,0,0,0,1,7,2
raw,90,19,1,0,0,0,0,0,0,0,3,0
raw,265,65,6,0,0,0,0,0,1,1,6,1
raw,289,61,4,0,1,0,0,0,0,4,14,1
raw,441,97,10,0,0,0,0,0,0,0,10,5
raw,230,44,3,0,0,0,0,0,0,0,2,1
raw,82,20,2,0,0,0,0,0,0,1,3,0
raw,190,45,6,0,0,0,0,0,1,2,7,3
raw,155,30,3,0,0,0,0,0,0,0,2,3
raw,45,10,1,0,0,0,0,0,0,0,1,2
raw,28,5,1,0,0,0,0,0,0,0,0,0
raw,650,137,10,5,0,0,0,0,1,4,16,3
raw,200,45,1,0,0,0,0,0,0,0,23,0
raw,331,72,5,0,0,0,0,0,0,0,6,0
raw,474,108,11,0,0,0,0,0,3,0,11,3
raw,122,20,3,0,0,0,0,0,0,0,4,4
raw,304,67,6,0,0,0,0,0,0,0,5,2
raw,703,161,8,0,0,0,0,0,0,3,25,3
raw,38,6,1,0,0,0,0,0,0,0,2,0
raw,44,11,1,1,0,0,0,0,0,0,5,0
raw,980,197,11,1,0,0,0,0,1,3,42,7
raw,666,150,9,0,0,0,0,0,0,0,23,5
raw,453,105,2,0,0,0,0,0,1,3,12,4
raw,356,80,1,0,0,0,0,0,0,1,9,6
raw,300,61,4,1,0,0,0,0,0,0,6,1
raw,260,50,5,0,0,0,0,0,0,0,46,0
raw,163,35,4,4,0,0,0,0,0,0,3,1
raw,179,37,1,3,0,0,0,0,2,0,6,1
raw,240,59,4,0,0,0,0,0,0,0,5,0
raw,101,21,2,0,0,0,0,0,0,0,1,1
raw,156,45,2,0,0,0,0,0,1,0,3,0
raw,179,36,3,0,0,0,0,0,0,0,4,2
raw,198,41,2,0,0,0,0,0,1,1,10,2
raw,1010,217,13,0,0,0,0,0,0,1,23,6
raw,394,106,4,3,0,0,0,0,7,7,17,4
raw,532,116,10,0,0,0,0,0,0,3,20,0
raw,438,97,7,0,1,0,0,0,0,1,12,1
raw,240,52,3,0,0,0,0,0,0,1,7,4
raw,63,2,1,0,0,0,0,0,1,0,1,0
raw,340,66,6,1,0,0,0,0,1,0,12,2
raw,393,80,6,0,0,0,0,0,0,1,9,3
raw,436,86,8,0,0,0,0,0,0,0,16,0
raw,746,138,7,0,0,0,0,0,1,0,103,0
raw,584,132,7,0,0,0,0,0,0,3,21,2
raw,562,137,7,2,0,0,0,0,1,6,13,5
raw,258,63,5,0,0,0,0,0,0,1,14,1
raw,541,115,2,0,0,0,0,0,0,0,20,2
raw,847,185,6,3,4,0,0,0,3,0,34,0
raw,1163,255,5,1,0,0,0,0,0,1,38,7
raw,110,19,1,0,0,0,0,0,0,0,2,2
raw,150,37,2,0,0,0,0,0,0,0,3,1
raw,223,51,1,1,0,0,0,0,0,2,14,0
raw,432,87,2,0,0,0,0,0,0,2,23,6
raw,458,105,1,0,1,0,0,0,0,0,18,4
raw,411,92,7,0,0,0,0,0,0,0,9,4
raw,375,82,5,0,0,0,0,0,0,1,9,5
raw,27,6,1,1,0,0,0,0,0,0,1,0
raw,95,25,4,0,0,0,0,0,0,0,9,0
raw,61,9,1,0,0,0,0,0,0,0,4,2
raw,439,108,6,0,0,0,0,0,0,0,20,0
raw,381,81,4,1,0,0,0,0,0,2,7,6
raw,101,26,2,1,0,0,0,0,3,0,5,0
raw,266,59,4,0,0,0,0,0,0,0,10,3
raw,391,86,3,0,0,0,0,0,0,2,15,7
raw,126,31,3,0,0,0,0,0,0,0,5,0
raw,34,6,1,0,0,0,0,0,0,0,1,0
raw,785,176,6,2,0,0,0,0,1,5,27,0
raw,279,66,6,0,0,0,0,0,0,1,7,0
raw,273,62,5,0,0,0,0,0,1,0,15,4
raw,47,12,1,0,0,0,0,0,0,0,6,0
raw,27,5,2,0,0,0,0,0,0,0,1,0
raw,971,227,15,3,0,0,0,0,1,0,31,3
raw,143,31,1,0,0,0,0,0,0,3,5,0
raw,412,98,6,0,0,0,0,0,0,0,8,1
raw,373,87,5,6,0,0,0,0,0,2,9,7
raw,771,175,10,0,0,0,0,0,0,1,21,8
raw,230,62,8,0,0,0,0,0,0,0,12,1
raw,654,142,13,0,0,0,0,0,1,0,13,0
raw,152,31,2,1,0,0,0,0,0,0,3,0
raw,145,26,2,0,0,0,0,0,0,0,6,4
raw,1317,281,17,0,2,0,0,0,0,1,36,5
raw,136,31,2,0,0,0,0,0,2,2,4,0
raw,380,85,6,0,0,0,0,0,0,4,15,2
raw,12,3,1,0,0,0,0,0,0,0,1,0
raw,807,182,7,6,2,0,0,0,1,3,15,2
raw,528,117,4,5,1,0,0,0,2,1,8,3
raw,431,107,3,0,0,0,0,0,0,1,20,2
raw,796,178,14,0,0,0,0,0,0,2,13,5
raw,762,173,3,0,5,0,0,0,0,3,22,2
raw,146,37,3,0,0,0,0,0,0,0,7,0
raw,281,61,3,0,0,0,0,0,3,0,11,1
raw,270,58,4,0,0,0,0,0,0,1,5,1
raw,242,53,3,0,0,0,0,0,0,0,7,0
raw,317,72,8,0,0,0,0,0,0,2,14,0
raw,683,156,5,0,0,0,0,0,0,1,24,7
raw,837,190,10,0,0,0,0,0,0,1,21,4
raw,266,52,2,0,0,0,0,0,1,0,15,0
raw,251,55,4,0,0,0,0,0,0,0,4,4
raw,1262,279,11,0,0,0,0,0,0,2,28,6
raw,461,99,6,0,0,0,0,0,0,3,12,1
raw,461,106,3,4,2,0,0,0,0,3,13,1
raw,102,22,1,0,0,0,0,0,2,0,2,2
raw,167,34,1,1,1,0,0,0,1,0,2,2
raw,554,120,9,0,2,0,0,0,1,2,11,3
raw,1172,285,13,0,0,0,0,0,0,4,26,5
raw,407,97,8,0,0,0,0,0,0,1,18,4
raw,52,10,2,0,0,0,0,0,0,0,2,1
raw,481,103,5,1,0,0,0,0,0,3,15,0
raw,359,87,2,0,4,0,0,0,4,1,16,2
raw,510,122,7,3,0,0,0,0,0,1,8,2
raw,142,30,1,0,0,0,0,0,0,1,2,0
raw,209,46,5,0,0,0,0,0,0,0,4,2
raw,635,140,8,0,0,0,0,0,0,7,18,1
raw,72,14,1,0,1,0,0,0,0,0,2,1
raw,55,16,1,1,0,0,0,0,0,1,5,0
raw,723,167,7,0,2,0,0,0,0,1,12,5
raw,1347,299,14,1,2,0,0,0,2,2,44,4
raw,197,49,3,1,1,0,0,0,0,0,7,0
raw,47,10,2,0,0,0,0,0,0,0,1,2
raw,306,71,3,0,0,0,0,0,0,2,6,0
raw,227,47,2,2,0,0,0,0,1,0,7,1
raw,78,18,3,1,0,0,0,0,0,0,6,0
raw,38,8,1,0,0,0,0,0,0,0,2,1
raw,235,48,1,1,0,0,0,0,0,4,9,3
raw,286,54,2,1,0,0,0,0,0,1,12,2
raw,136,30,2,1,0,0,0,0,0,0,7,1
raw,149,30,3,0,0,0,0,0,0,1,6,0
raw,295,60,5,0,0,0,0,0,0,2,8,2
raw,113,22,2,0,0,0,0,0,0,0,3,0
raw,545,141,12,0,2,0,0,0,0,6,18,0
raw,204,50,5,0,0,0,0,0,0,3,10,2
raw,103,19,1,0,1,0,0,0,0,0,4,0
raw,358,82,7,0,0,0,0,0,1,2,16,0
raw,230,46,1,0,0,0,0,0,1,0,11,1
raw,530,114,7,0,1,0,0,0,1,0,14,3
raw,105,25,3,0,0,0,0,0,0,0,4,3
raw,341,85,10,0,0,0,0,0,1,0,18,11
raw,323,69,4,0,0,0,0,0,0,3,22,2
raw,487,108,4,0,0,0,0,0,0,0,12,2
raw,314,72,3,0,0,0,0,0,0,1,13,2
raw,431,110,4,0,1,0,0,0,1,1,15,1
raw,69,17,3,0,0,0,0,0,0,0,4,0
raw,563,126,7,0,1,0,0,0,0,2,22,1
raw,201,36,4,0,0,0,0,0,0,0,6,2
raw,109,26,2,1,0,0,0,0,0,0,3,0
raw,119,22,1,2,0,0,0,0,2,0,17,1
raw,618,139,5,4,0,0,0,0,0,0,27,3
raw,1244,272,14,0,1,0,0,0,0,0,28,1
raw,139,34,4,0,0,0,0,0,0,1,5,0
raw,64,12,1,0,0,0,0,0,0,1,5,0
raw,159,40,4,0,0,0,0,0,0,4,7,1
raw,607,145,2,5,0,0,0,0,3,1,18,3
raw,175,37,4,0,0,0,0,0,0,1,4,2
raw,172,38,3,0,0,0,0,0,0,0,6,3
raw,232,55,3,0,0,0,0,0,0,0,9,2
raw,483,108,9,0,0,0,0,0,1,2,14,7
raw,341,73,2,0,0,0,0,0,1,0,11,0
raw,439,107,5,0,0,0,0,0,0,0,12,4
raw,163,39,3,1,1,0,0,0,0,0,6,1
raw,1129,271,9,0,3,0,0,0,1,2,24,2
raw,917,202,5,12,1,0,0,0,0,0,27,2
raw,288,56,1,0,0,0,0,0,0,0,12,3
raw,104,21,1,0,0,0,0,0,2,1,3,0
raw,237,49,2,0,0,0,0,0,0,0,2,0
raw,378,95,5,0,0,0,0,0,0,3,22,0
raw,463,104,4,0,0,0,0,0,0,1,14,0
raw,940,205,4,2,1,0,0,0,1,1,34,1
raw,181,39,5,0,1,0,0,0,0,0,8,4
raw,268,58,4,0,1,0,0,0,0,3,12,2
raw,690,157,6,0,1,0,0,0,0,1,8,2
raw,705,161,9,0,0,0,0,0,0,1,21,4
raw,83,19,2,0,0,0,0,0,0,2,3,0
raw,78,20,1,0,2,0,0,0,0,0,4,0
raw,377,83,5,0,0,0,0,0,0,2,7,1
raw,376,87,3,0,0,0,0,0,0,0,13,3
raw,128,28,1,0,0,0,0,0,0,0,4,0
raw,50,13,1,0,0,0,0,0,0,0,2,0
raw,470,107,5,0,1,0,0,0,0,2,8,1
raw,123,27,4,0,0,0,0,0,0,0,8,4
raw,171,37,2,1,1,0,0,0,0,1,3,2
raw,1656,366,15,7,0,0,0,0,3,2,38,12
raw,660,145,8,0,2,0,0,0,3,1,23,2
raw,648,152,1,9,0,0,0,0,3,0,17,3
raw,57,13,2,0,0,0,0,0,0,1,1,0
raw,534,117,2,8,0,0,0,0,1,0,11,2
raw,506,117,4,0,1,0,0,0,0,2,12,5
raw,83,23,3,1,0,0,0,0,0,1,5,1
raw,186,44,7,0,0,0,0,0,0,2,7,1
raw,558,128,13,0,0,0,0,0,0,1,20,5
raw,363,76,3,0,1,0,0,0,0,5,16,1
raw,668,163,12,0,0,0,0,0,1,5,26,5
raw,621,122,6,0,0,0,0,0,0,0,19,6
raw,96,23,4,0,0,0,0,0,0,0,2,1
raw,661,151,10,0,0,0,0,0,0,3,19,3
raw,137,34,3,0,0,0,0,0,0,1,4,0
raw,752,165,10,0,3,0,0,0,0,1,18,5
raw,422,104,6,0,0,0,0,0,0,0,13,0
raw,102,22,3,0,0,0,0,0,0,0,5,1
raw,403,91,5,0,2,0,0,0,0,0,13,2
raw,123,25,3,1,0,0,0,0,0,0,6,1
raw,568,137,5,0,0,0,0,0,0,8,19,1
raw,463,98,1,0,1,0,0,0,0,0,7,3
raw,242,54,3,0,0,0,0,0,0,4,11,0
raw,1712,437,11,0,0,0,0,0,4,6,62,2
raw,565,134,14,0,0,0,0,0,0,2,21,1
raw,132,23,3,0,0,0,0,0,0,0,8,2
raw,182,44,4,0,0,0,0,0,1,0,6,3
raw,536,121,3,0,2,0,0,0,1,1,19,3
raw,362,77,7,1,0,0,0,0,2,0,8,1
raw,359,80,2,0,0,0,0,0,1,2,10,3
raw,115,27,2,0,0,0,0,1,1,0,2,0
raw,505,97,2,0,0,0,0,0,0,0,11,8
raw,665,148,6,0,1,0,0,0,1,0,19,5
raw,194,44,3,0,0,0,0,0,0,0,7,1
raw,76,12,2,0,0,0,0,0,0,0,1,0
raw,122,26,2,0,0,0,0,0,0,0,1,2
raw,117,26,4,0,0,0,0,0,0,0,6,0
raw,103,25,2,0,0,0,0,0,0,2,3,0
raw,567,128,9,1,0,0,0,0,1,0,17,5
raw,1153,267,25,0,3,0,0,0,1,8,36,3
raw,939,208,1,9,0,0,0,0,0,2,28,9
raw,307,73,3,0,2,0,0,0,0,0,8,0
raw,614,141,3,0,2,0,0,0,1,1,23,4
raw,1080,229,8,0,6,0,0,0,5,1,38,3
raw,144,34,1,0,0,0,0,0,0,4,6,0
raw,406,84,3,0,0,0,0,0,1,1,21,0
raw,243,48,4,0,0,0,0,0,0,0,2,0
raw,138,30,2,0,0,0,0,0,0,0,7,0
raw,617,135,6,0,0,0,0,0,0,0,12,7
raw,44,11,1,0,0,0,0,0,0,0,2,0
raw,209,46,2,0,0,0,0,0,0,0,6,1
raw,68,13,2,0,0,0,0,0,1,0,3,0
raw,327,81,2,0,1,0,0,0,0,1,11,4
raw,481,113,7,0,2,0,0,0,0,3,17,3
raw,37,8,2,0,0,0,0,0,0,0,1,1
raw,552,115,5,0,0,0,0,0,0,0,8,2
raw,191,40,3,0,0,0,0,0,0,0,6,0
raw,482,112,6,0,0,0,0,0,0,0,9,3
raw,128,25,1,1,0,0,0,0,0,0,11,1
raw,185,43,4,0,0,0,0,0,0,1,4,1
raw,192,45,3,0,0,0,0,0,0,0,8,1
raw,392,85,2,2,0,0,0,0,1,7,10,1
raw,282,57,1,2,0,0,0,0,0,0,6,3
raw,98,20,2,0,1,0,0,0,1,0,7,0
raw,154,32,2,0,2,0,0,0,0,0,6,2
raw,507,118,5,0,2,0,0,0,1,0,12,2
raw,321,72,6,0,0,0,0,0,0,6,11,4
raw,347,80,3,3,0,0,0,0,2,1,12,4
raw,436,86,1,4,0,0,0,0,1,1,12,1
raw,892,209,4,8,0,0,0,0,10,9,31,0
raw,202,47,5,0,0,0,0,0,1,2,6,1
raw,369,88,2,3,0,0,0,0,1,6,16,0
raw,197,46,2,2,1,0,0,0,0,2,4,1
raw,235,57,2,1,1,0,0,0,1,1,7,1
raw,192,39,1,0,0,0,0,0,0,1,8,1
raw,507,108,1,2,1,0,0,0,0,4,11,5
raw,201,42,1,0,0,0,0,0,0,0,8,0
raw,490,105,5,1,0,0,0,0,0,0,13,1
raw,583,132,7,3,0,0,0,0,1,2,22,0
raw,539,114,4,0,0,0,0,0,0,1,19,0
raw,258,61,5,0,0,0,0,0,0,1,6,2
raw,585,130,8,3,0,0,0,0,0,1,12,2
raw,292,61,2,0,0,0,0,0,0,1,10,0
raw,293,64,6,1,0,0,0,0,0,0,8,4
raw,549,122,5,0,0,0,0,0,0,0,19,1
raw,327,86,3,0,6,0,0,0,0,1,12,1
raw,290,68,6,0,0,0,0,0,0,3,11,1
raw,480,116,5,0,0,0,0,0,0,0,18,0
raw,251,53,4,0,0,0,0,0,0,0,3,2
raw,118,26,3,0,0,0,0,0,0,0,2,0
raw,19,4,1,0,0,0,0,0,0,0,1,0
raw,1043,228,9,0,0,0,0,0,0,1,45,1
raw,241,50,4,1,1,0,0,0,1,0,7,2
raw,820,164,7,0,0,0,0,0,0,5,43,5
raw,462,109,5,0,0,0,0,0,0,0,17,4
raw,484,102,2,0,0,0,0,0,0,5,15,2
raw,562,137,1,0,0,0,0,0,0,0,13,0
raw,909,213,10,10,0,0,0,0,0,5,19,5
raw,299,72,1,0,1,0,0,0,0,3,13,3
raw,312,66,3,0,1,0,0,0,0,1,12,1
raw,121,22,3,0,0,0,0,0,0,0,2,1
raw,766,173,15,0,0,0,0,0,0,1,21,2
raw,512,112,8,0,1,0,0,0,0,3,15,2
raw,55,11,2,0,0,0,0,0,0,0,1,4
raw,545,108,6,0,0,0,0,0,0,1,17,5
raw,519,115,9,0,1,0,0,0,0,0,56,0
raw,307,72,4,0,0,0,0,0,2,0,11,7
raw,77,17,1,0,1,0,0,0,1,0,4,0
raw,314,76,6,0,0,0,0,0,0,0,8,1
raw,1737,403,15,0,0,0,0,0,0,0,34,1
raw,597,135,7,2,1,0,0,0,2,2,26,2
raw,128,31,3,0,0,0,0,0,0,0,2,1
raw,237,54,4,1,0,0,0,0,1,1,13,0
raw,1206,256,8,1,1,0,0,0,2,1,28,4
raw,512,106,1,0,0,0,0,0,0,3,13,6
raw,307,70,4,0,0,0,0,0,0,0,3,3
raw,600,139,6,0,0,0,0,0,0,0,18,5
raw,219,55,4,0,0,0,0,0,0,3,10,0
raw,354,69,5,0,0,0,0,0,1,0,11,1
raw,708,146,9,0,1,0,0,0,0,5,21,7
raw,378,83,6,0,1,0,0,0,1,0,9,0
raw,198,45,1,5,0,0,0,0,1,0,0,2
raw,333,77,5,0,0,0,0,0,0,1,6,4
raw,130,26,1,0,0,0,0,0,0,0,1,0
raw,104,23,1,0,2,0,0,0,0,0,4,1
raw,148,34,2,0,0,0,0,0,2,3,7,0
raw,561,144,6,1,0,0,0,0,0,3,21,1
raw,359,78,1,0,0,0,0,0,0,1,10,2
raw,563,128,7,7,0,0,0,0,0,0,17,2
raw,10,2,1,0,0,0,0,0,0,0,1,0
raw,486,109,7,0,0,0,0,0,1,0,11,2
raw,1571,331,11,0,0,0,0,0,1,0,34,5
raw,151,35,1,2,1,0,0,0,0,0,5,2
raw,251,53,3,0,0,0,0,0,0,1,6,3
raw,464,115,7,1,0,0,0,0,0,2,15,3
raw,551,125,7,3,0,0,0,0,2,1,14,3
raw,616,134,7,0,0,0,0,0,0,0,17,3
raw,566,128,5,2,0,0,0,0,2,0,10,6
raw,381,71,7,0,0,0,0,0,0,0,19,1
raw,631,137,5,0,0,0,0,0,0,1,15,4
raw,581,133,8,0,0,0,0,0,0,1,31,1
raw,173,39,4,0,0,0,0,0,0,0,12,1
raw,476,111,5,0,1,0,0,0,0,0,18,1
raw,913,207,4,4,0,0,0,0,5,5,23,2
raw,111,27,2,0,0,0,0,0,0,0,3,0
raw,247,56,4,0,0,0,0,0,1,2,12,0
raw,497,121,6,1,0,0,0,0,3,0,13,0
raw,509,131,10,0,1,0,0,0,2,3,15,3
raw,20,4,1,0,0,0,0,0,0,0,2,0
raw,38,9,1,0,0,0,0,0,0,1,2,0
raw,138,33,4,0,0,0,0,0,1,0,3,1
raw,456,102,7,0,0,0,0,0,1,0,10,7
raw,134,31,1,0,0,0,0,0,0,0,6,1
raw,609,150,5,1,0,0,0,0,0,2,23,3
raw,784,185,11,0,0,0,0,0,0,5,23,4
raw,39,10,1,0,0,0,0,0,0,0,1,0
raw,453,94,2,0,3,0,0,0,4,1,10,5
raw,498,113,8,0,0,0,0,0,0,1,23,2
raw,558,138,7,0,0,0,0,0,0,0,19,3
raw,361,88,3,3,0,0,0,0,0,2,10,0
raw,27,6,1,0,0,0,0,0,0,0,1,0
raw,127,30,2,0,0,0,0,0,0,1,4,2
raw,150,39,3,0,1,0,0,0,3,3,3,2
raw,186,44,5,0,0,0,0,0,0,2,7,1
raw,534,119,5,0,0,0,0,0,0,5,16,0
raw,168,40,7,0,0,0,0,0,0,2,3,1
raw,299,63,2,0,3,0,0,0,1,0,6,3
raw,206,39,1,0,1,0,0,0,0,0,4,3
raw,116,25,2,0,0,0,0,0,0,0,2,0
raw,27,5,1,0,0,0,0,0,0,0,1,0
raw,112,23,1,0,0,0,0,0,0,0,3,2
raw,168,40,1,0,1,0,0,0,0,2,6,0
raw,225,53,1,0,0,0,0,0,7,4,9,1
raw,509,123,6,0,1,0,0,0,1,6,12,2
raw,485,102,6,0,0,0,0,0,0,0,9,2
raw,1837,410,14,1,5,0,0,0,0,1,48,8
raw,1060,249,20,5,1,0,0,0,0,1,19,0
raw,461,99,9,0,0,0,0,0,0,3,14,2
raw,472,105,2,0,0,0,0,0,0,1,14,2
raw,323,73,6,0,0,0,0,0,0,0,11,3
raw,120,28,2,0,0,0,0,0,0,0,1,2
raw,645,155,7,2,0,0,0,0,0,4,23,1
raw,161,32,2,2,0,0,0,0,1,0,6,3
raw,520,112,8,0,0,0,0,0,0,2,20,5
raw,566,129,7,2,0,0,0,0,0,3,15,4
raw,514,107,6,0,1,0,0,0,0,3,13,3
raw,253,56,3,1,0,0,0,0,0,0,7,0
raw,457,108,11,0,0,0,0,0,0,0,16,0
raw,290,75,5,0,0,0,0,0,0,0,2,1
raw,63,16,1,0,0,0,0,0,0,2,4,0
raw,62,13,1,0,0,0,0,0,0,0,1,1
raw,352,84,4,0,0,0,0,0,0,1,6,4
raw,134,30,3,1,0,0,0,0,1,0,2,1
raw,37,10,3,0,0,0,0,0,0,1,1,1
raw,75,15,2,0,0,0,0,0,0,0,1,1
raw,119,23,2,1,0,0,0,0,1,1,2,2
raw,431,93,4,0,2,0,0,0,1,1,18,0
raw,188,44,1,0,0,0,0,0,0,1,7,0
raw,99,18,4,0,0,0,0,0,0,0,2,3
raw,1400,338,24,8,0,0,0,0,4,2,32,8
raw,261,48,1,0,3,0,0,0,0,2,6,3
raw,47,9,1,0,0,0,0,0,0,0,1,2
raw,425,97,10,0,0,0,0,0,0,3,15,5
raw,261,60,6,0,0,0,0,0,0,1,11,3
raw,1029,260,19,0,0,0,0,0,2,7,42,4
raw,230,50,4,0,0,0,0,0,0,0,8,1
raw,159,29,2,0,0,0,0,0,0,0,6,5
raw,1081,242,8,0,5,0,0,0,0,7,49,1
raw,461,122,7,1,0,0,0,0,2,0,13,1
raw,11,3,1,0,0,0,0,0,0,0,1,0
raw,725,145,1,0,1,0,0,0,0,0,16,0
raw,374,83,5,0,0,0,0,0,0,0,16,3
raw,140,36,3,0,0,0,0,0,0,1,9,0
raw,86,18,1,0,0,0,0,0,0,0,3,0
raw,595,124,3,1,0,0,0,0,0,3,18,1
raw,196,35,4,0,1,0,0,0,1,0,3,3
raw,562,127,5,0,0,0,0,0,0,3,11,2
raw,1315,296,12,9,2,0,0,0,4,4,34,4
raw,1880,433,33,3,0,0,0,0,0,14,74,2
raw,64,15,1,0,0,0,0,0,0,0,3,0
raw,119,22,2,0,0,0,0,0,0,0,0,0
raw,210,46,4,0,0,0,0,0,0,0,4,0
raw,455,110,9,1,0,0,0,0,0,9,15,2
raw,352,70,3,0,0,0,0,0,0,0,6,1
raw,153,37,2,0,0,0,0,0,0,1,5,2
raw,503,121,6,1,2,0,0,0,2,4,8,5
raw,823,188,6,0,0,0,0,0,0,1,13,2
raw,247,56,2,0,0,0,0,0,0,1,2,0
raw,672,148,8,0,0,0,0,0,0,2,19,1
raw,292,61,5,0,1,0,0,0,0,0,7,2
raw,254,57,3,3,0,0,0,0,2,0,14,2
raw,304,70,5,0,0,0,0,0,0,1,13,2
raw,547,132,5,0,2,0,0,0,3,1,13,1
raw,669,145,8,0,1,0,0,0,1,2,18,6
raw,341,70,3,2,0,0,0,0,0,4,6,1
raw,804,198,5,1,1,0,0,0,0,7,25,0
raw,502,113,7,0,1,0,0,0,0,0,10,4
raw,115,21,1,0,0,0,0,0,0,0,3,0
raw,167,35,2,1,0,0,0,0,0,0,4,4
raw,560,113,2,3,0,0,0,0,1,1,23,1
raw,179,38,2,0,0,0,0,0,0,0,2,1
raw,213,47,4,0,0,0,0,0,0,2,8,0
raw,131,30,4,0,0,0,0,0,0,0,4,1
raw,292,71,2,3,1,0,0,0,0,1,5,2
raw,77,18,2,0,0,0,0,0,0,0,0,1
raw,708,157,8,0,0,0,0,0,0,0,19,3
raw,1347,292,12,1,0,0,0,0,0,1,27,8
raw,860,197,10,6,0,0,0,0,1,3,24,0
raw,78,14,2,0,2,0,0,0,0,0,1,1
raw,175,38,3,0,1,0,0,0,1,1,3,1
raw,96,19,1,0,0,0,0,0,0,0,4,0
raw,616,115,6,0,0,0,0,0,1,0,17,0
raw,158,38,2,0,2,0,0,0,0,0,4,1
raw,482,121,9,6,0,0,0,0,1,0,16,3
raw,25,6,2,0,0,0,0,0,0,0,0,0
raw,279,67,5,0,0,0,0,0,0,0,6,1
raw,491,107,1,0,0,0,0,0,0,2,15,0
raw,409,103,5,0,0,0,0,0,0,0,7,3
raw,409,95,7,0,0,0,0,0,1,2,10,1
raw,287,56,6,0,0,0,0,0,0,0,8,0
raw,230,51,2,0,0,0,0,0,0,0,7,0
raw,186,40,2,2,0,0,0,0,0,0,11,1
raw,1005,230,16,0,1,0,0,0,0,6,41,2
raw,224,49,1,2,1,0,0,0,1,0,6,5
raw,1181,248,3,6,0,0,0,0,1,2,34,7
raw,273,62,3,0,0,0,0,0,0,3,8,6
raw,487,111,8,0,2,0,0,0,0,0,14,3
raw,181,42,1,0,0,0,0,0,0,0,8,0
raw,60,12,1,1,0,0,0,0,0,0,0,0
raw,444,104,6,0,0,0,0,0,0,0,15,4
raw,363,77,7,0,0,0,0,0,0,0,8,1
raw,65,18,2,1,0,0,0,0,1,0,3,0
raw,305,71,1,2,0,0,0,0,0,0,11,3
raw,235,55,1,0,0,0,0,0,0,0,4,0
raw,383,90,5,1,2,0,0,0,0,3,5,2
raw,777,168,10,0,0,0,0,0,0,2,22,4
raw,1312,298,11,9,0,0,0,0,2,0,40,4
raw,172,39,4,0,0,0,0,0,0,1,4,2
raw,219,55,5,0,0,0,0,0,0,0,5,2
raw,35,8,2,0,1,0,0,0,0,0,0,0
raw,560,122,2,0,0,0,0,0,0,0,23,2
raw,857,190,7,1,1,0,0,0,0,4,28,0
raw,391,85,3,0,0,0,0,0,0,1,16,1
raw,178,41,3,0,0,0,0,0,0,0,9,2
raw,617,138,6,1,0,0,0,0,4,2,18,4
raw,1489,341,11,0,0,0,0,0,1,0,38,2
raw,1281,282,17,0,10,0,0,0,8,5,44,1
raw,224,51,2,0,0,0,0,0,0,2,11,1
raw,425,102,4,6,0,0,0,0,2,2,9,2
raw,1479,347,3,9,0,0,0,0,6,3,36,8
raw,1235,276,21,0,0,0,0,0,0,2,29,5
raw,573,124,4,1,0,0,0,0,0,0,21,2
raw,32,7,1,0,0,0,0,0,0,0,0,0
raw,110,21,2,0,0,0,0,0,0,3,3,1
raw,560,133,4,0,0,0,0,0,0,2,15,3
raw,1927,446,34,14,0,0,0,0,1,5,80,8
raw,178,42,3,0,1,0,0,0,0,0,4,0
raw,141,33,4,0,0,0,0,0,0,1,6,1
raw,309,73,3,0,0,0,0,0,1,0,36,0
raw,305,68,4,0,0,0,0,0,0,3,7,0
raw,40,11,1,0,0,0,0,0,0,0,1,0
raw,228,58,6,3,0,0,0,0,0,0,5,2
raw,490,106,1,0,0,0,0,0,0,1,7,3
raw,149,37,3,0,0,0,0,0,0,0,2,0
raw,104,26,4,0,0,0,0,0,0,0,5,0
raw,277,60,2,0,0,0,0,0,0,1,9,3
raw,143,29,4,0,0,0,0,0,0,0,4,4
raw,293,70,4,1,0,0,0,0,0,1,8,1
raw,1446,330,19,2,0,0,0,0,0,1,41,4
raw,849,178,9,0,0,0,0,0,0,0,34,2
raw,286,57,6,0,0,0,0,0,0,0,8,1
raw,141,36,3,0,0,0,0,0,1,0,3,1
raw,301,75,5,2,1,0,0,0,0,0,10,3
raw,431,98,7,1,0,0,0,0,0,0,5,4
raw,112,27,1,0,0,0,0,0,0,0,2,0
raw,394,90,6,0,0,0,0,0,0,1,12,5
raw,261,61,1,0,0,0,0,0,0,0,9,0
raw,18,5,1,0,0,0,0,0,0,0,1,1
raw,482,103,7,0,0,0,0,0,1,4,19,2
raw,162,42,3,0,0,0,0,0,2,0,6,1
raw,414,87,4,0,0,0,0,0,0,2,12,3
raw,3,1,1,0,0,0,0,0,0,0,1,0
raw,552,112,6,0,0,0,0,0,0,0,6,1
raw,126,27,3,0,1,0,0,0,0,0,2,4
raw,363,79,5,0,0,0,0,0,0,0,10,5
raw,331,72,1,1,3,0,0,0,1,2,8,3
raw,418,107,1,0,0,0,0,0,0,3,18,1
raw,40,8,2,0,0,0,0,0,0,0,2,0
raw,850,220,8,0,2,0,0,0,1,7,22,2
raw,315,73,4,0,1,0,0,0,0,0,7,0
raw,906,153,9,1,0,0,0,0,6,4,41,2
raw,55,13,3,0,0,0,0,0,0,0,2,0
raw,300,76,9,0,0,0,0,0,0,1,9,1
raw,83,20,1,1,0,0,0,0,0,2,6,0
raw,177,37,4,0,0,0,0,0,0,0,6,1
raw,198,46,2,0,0,0,0,0,0,0,7,3
raw,894,197,9,0,0,0,0,0,2,0,16,7
raw,82,18,2,0,0,0,0,0,0,0,2,0
raw,394,92,4,0,0,0,0,0,1,2,16,1
raw,2161,494,25,7,0,0,0,0,7,0,54,7
raw,149,34,1,0,0,0,0,0,0,0,2,3
raw,225,52,2,0,0,0,0,0,0,2,9,1
raw,180,38,2,1,0,0,0,0,1,0,7,1
raw,571,115,7,0,0,0,0,0,1,2,13,8
raw,91,18,1,0,1,0,0,0,0,0,5,2
raw,51,15,2,0,1,0,0,0,0,0,1,2
raw,173,41,3,0,0,0,0,0,0,2,8,1
raw,156,36,2,0,0,0,0,0,0,1,5,0
raw,173,36,2,1,0,0,0,0,1,0,9,1
raw,380,95,4,0,0,0,0,0,0,0,11,1
raw,308,79,4,1,0,0,0,0,1,4,10,1
raw,489,111,8,0,0,0,0,0,0,5,11,2
raw,104,23,2,0,0,0,0,0,0,0,3,1
raw,850,196,22,0,0,0,0,0,0,1,47,4
raw,280,66,7,0,0,0,0,0,0,1,5,4
raw,722,168,6,0,0,0,0,0,0,1,16,1
raw,506,110,5,0,6,0,0,0,0,0,25,3
raw,88,16,1,0,0,0,0,0,0,0,2,2
raw,317,70,4,0,0,0,0,0,0,0,14,2
raw,382,73,1,1,0,0,0,0,0,1,9,1
raw,200,46,2,0,0,0,0,0,0,4,4,1
raw,115,26,1,0,0,0,0,0,0,0,3,1
raw,450,94,5,4,0,0,0,0,0,0,11,3
raw,409,99,6,0,0,0,0,0,0,1,13,4
raw,309,66,3,1,0,0,0,0,2,0,6,1
raw,362,78,2,0,1,0,0,0,2,0,10,1
raw,170,34,4,1,0,0,0,0,0,0,3,0
raw,249,58,4,0,0,0,0,0,1,0,7,0
raw,191,33,1,0,0,0,0,0,0,0,11,0
raw,500,110,7,0,0,0,0,0,0,1,9,4
raw,508,124,14,0,0,0,0,0,0,0,14,2
raw,1062,241,13,12,0,0,0,0,0,12,22,7
raw,197,45,2,0,0,0,0,0,0,2,9,3
raw,903,208,14,0,0,0,0,0,0,1,15,2
raw,1346,301,15,2,2,0,0,0,0,3,36,7
raw,188,37,3,0,0,0,0,0,0,0,10,0
raw,475,92,5,0,0,0,0,0,0,2,12,6
raw,451,99,6,0,0,0,0,0,0,0,11,5
raw,354,81,6,1,0,0,0,0,1,6,17,4
raw,542,121,3,0,0,0,0,0,0,2,20,0
raw,97,21,1,0,0,0,0,0,0,0,3,2
raw,995,233,11,1,0,0,0,0,0,2,25,3
raw,189,43,1,0,0,0,0,0,0,0,9,1
raw,53,10,1,1,0,0,0,0,0,0,2,3
raw,162,38,1,1,0,0,0,0,1,0,3,2
raw,99,24,1,1,0,0,0,0,0,0,7,0
raw,455,99,1,0,0,0,0,0,1,3,12,3
raw,564,130,10,1,0,0,0,0,2,0,20,3
raw,471,106,6,0,0,0,0,0,1,1,11,6
raw,39,9,1,0,0,0,0,0,0,0,0,0
raw,218,48,1,0,0,0,0,0,1,1,8,0
raw,98,18,1,0,0,0,0,0,1,0,2,3
raw,69,15,1,0,0,0,0,0,0,0,3,2
raw,441,95,4,0,0,0,0,0,0,0,11,4
raw,36,7,1,0,0,0,0,0,0,0,2,2
raw,1485,339,13,7,0,0,0,0,5,1,52,5
raw,92,21,3,0,0,0,0,0,0,0,3,0
raw,69,15,1,0,0,0,0,0,0,1,5,0
raw,601,134,8,0,0,0,0,0,0,0,14,7
raw,500,119,7,2,0,0,0,0,1,1,9,6
raw,718,165,4,1,0,0,0,0,0,2,25,4
raw,527,129,8,0,0,0,0,0,0,3,21,2
raw,110,23,3,0,0,0,0,0,0,0,1,2
raw,637,152,9,1,1,0,0,0,0,3,13,3
raw,721,158,11,0,0,0,0,0,0,0,16,6
raw,49,9,1,0,0,0,0,0,0,0,1,0
raw,36,8,1,1,0,0,0,0,0,0,1,0
raw,53,11,1,0,0,0,0,0,0,0,3,1
raw,108,25,2,0,0,0,0,0,2,0,4,0
raw,404,94,6,0,0,0,0,0,0,3,12,2
raw,373,79,2,0,0,0,0,0,0,3,13,2
raw,485,88,3,0,0,0,0,0,0,0,47,0
raw,154,33,1,0,0,0,0,0,0,0,3,3
raw,232,57,3,1,0,0,0,0,0,2,7,5
raw,470,100,6,0,0,0,0,0,0,0,23,0
raw,156,38,4,0,0,0,0,0,0,5,7,0
raw,15,3,1,0,0,0,0,0,0,0,1,1
raw,241,53,5,0,1,0,0,0,0,0,5,2
raw,809,175,14,0,0,0,0,0,0,3,27,1
raw,109,24,3,1,0,0,0,0,0,0,2,1
raw,40,7,2,0,0,0,0,0,0,0,1,3
raw,138,29,4,0,1,0,0,0,0,1,5,0
raw,204,45,5,0,0,0,0,0,0,3,7,1
raw,613,127,10,0,1,0,0,0,0,0,13,5
raw,179,43,1,0,0,0,0,0,0,2,4,0
raw,538,100,7,0,0,0,0,0,0,0,62,0
raw,245,55,2,0,0,0,0,0,0,0,9,0
raw,235,61,5,0,0,0,0,0,1,0,6,2
raw,456,106,7,0,0,0,0,0,0,0,10,2
raw,24,5,1,0,0,0,0,0,0,0,1,0
raw,62,13,2,0,0,0,0,0,0,0,1,0
raw,180,40,2,0,0,0,0,0,0,0,2,1
raw,190,39,2,1,0,0,0,0,0,0,11,0
raw,915,212,10,5,1,0,0,0,0,0,25,4
raw,211,37,4,1,0,0,0,0,1,1,4,3
raw,433,108,11,0,0,0,0,0,1,3,12,4
raw,150,33,3,0,0,0,0,0,0,0,3,1
raw,773,196,11,9,0,0,0,0,2,2,14,1
raw,159,33,1,0,0,0,0,0,0,0,3,2
raw,77,12,1,0,1,0,0,0,1,0,2,0
raw,253,59,6,0,0,0,0,0,0,0,8,2
raw,651,143,14,0,0,0,0,0,0,1,25,3
raw,344,74,8,0,0,0,0,0,0,0,4,1
raw,452,108,8,0,0,0,0,0,0,1,10,2
raw,191,42,3,1,0,0,0,0,0,0,5,1
raw,233,52,4,0,0,0,0,0,0,0,7,1
raw,432,92,3,5,0,0,0,0,2,2,17,2
raw,620,140,3,6,0,0,0,0,1,0,27,2
raw,58,12,1,0,0,0,0,0,0,0,1,0
raw,336,74,6,0,0,0,0,0,1,0,14,2
raw,82,12,1,0,0,0,0,0,0,1,2,1
raw,172,38,2,0,0,0,0,0,0,1,4,1
raw,447,100,1,1,1,0,0,0,4,0,19,0
raw,186,37,2,1,0,0,0,0,0,0,7,0
raw,148,30,1,0,0,0,0,0,0,0,6,3
raw,258,55,3,0,0,0,0,0,0,2,11,2
raw,443,106,5,0,1,0,0,0,0,5,15,2
raw,378,87,5,0,0,0,0,0,0,0,9,2
raw,86,16,2,0,0,0,0,0,0,0,3,1
raw,246,55,4,0,0,0,0,0,0,0,10,1
raw,430,98,7,0,0,0,0,0,0,1,12,1
raw,65,13,1,1,0,0,0,0,0,0,1,0
raw,3992,910,16,0,4,0,0,0,4,3,124,10
raw,250,52,1,0,0,0,0,0,0,0,3,0
raw,209,51,3,0,0,0,0,0,0,1,8,0
raw,574,131,1,0,2,0,0,0,1,2,17,3
raw,42,9,1,0,0,0,0,0,0,0,2,2
raw,107,22,1,1,0,0,0,0,1,0,2,3
raw,939,217,10,0,0,0,0,0,3,1,16,6
raw,210,48,2,0,0,0,0,0,0,1,4,1
raw,1213,299,5,0,2,0,0,0,1,4,55,1
raw,121,26,3,3,0,0,0,0,0,0,3,0
raw,629,149,8,0,0,0,0,0,2,3,15,5
raw,219,51,1,0,1,0,0,0,0,1,4,0
raw,531,112,8,2,0,0,0,0,1,1,11,3
raw,135,30,4,0,0,0,0,0,0,3,2,1
raw,1613,404,26,1,1,0,0,0,1,12,54,1
raw,197,45,5,0,0,0,0,0,0,0,5,2
raw,281,65,6,0,0,0,0,0,0,1,10,0
raw,155,24,3,0,0,0,0,0,0,0,4,1
raw,180,38,2,0,0,0,0,0,0,0,10,1
raw,217,46,2,0,0,0,0,0,1,0,6,3
raw,424,94,1,0,1,0,0,0,0,1,12,2
raw,483,109,5,1,0,0,0,0,0,3,21,1
raw,98,19,1,3,0,0,0,0,0,0,6,0
raw,234,50,1,0,0,0,0,0,0,0,3,1
raw,111,26,2,0,0,0,0,0,0,3,4,0
raw,313,80,9,3,0,0,0,0,0,0,3,0
raw,302,73,4,0,2,0,0,0,0,1,2,2
raw,374,85,10,0,0,0,0,0,0,5,12,0
raw,462,107,11,0,0,0,0,0,1,3,11,4
raw,1009,227,9,0,0,0,0,0,0,0,21,3
raw,699,168,5,0,0,0,0,0,0,0,13,1
raw,139,33,1,0,0,0,0,0,0,0,7,0
raw,530,113,4,0,2,0,0,0,1,0,22,2
raw,434,86,6,1,0,0,0,0,1,3,7,4
raw,51,13,3,0,0,0,0,0,0,0,3,0
raw,102,21,2,1,0,0,0,0,0,0,1,0
raw,351,65,2,0,0,0,0,0,0,0,7,2
raw,562,133,3,0,0,0,0,0,2,4,26,5
raw,142,29,2,1,0,0,0,0,0,0,7,2
raw,113,22,3,1,0,0,0,0,0,0,6,0
raw,416,93,12,0,0,0,0,0,0,4,21,0
raw,343,76,5,1,0,0,0,0,0,1,10,1
raw,802,188,2,0,0,0,0,0,1,0,24,5
raw,327,65,1,0,1,0,0,0,0,0,9,4
raw,257,62,2,0,0,0,0,0,0,1,2,3
raw,242,62,1,1,0,0,0,0,1,0,6,1
raw,445,103,10,0,0,0,0,0,1,3,14,6
raw,460,103,8,0,0,0,0,0,0,0,10,3
raw,87,18,3,0,0,0,0,0,0,0,3,1
raw,112,26,2,0,0,0,0,0,0,1,2,0
raw,236,53,4,0,0,0,0,0,0,0,4,0
raw,944,225,9,1,0,0,0,0,2,0,26,0
raw,632,132,7,0,0,0,0,0,1,0,24,3
raw,24,7,1,0,0,0,0,0,0,0,1,0
raw,14,3,1,0,0,0,0,0,0,0,0,0
raw,77,16,1,0,0,0,0,0,0,2,5,0
raw,117,29,3,0,0,0,0,0,0,0,3,0
raw,251,59,1,0,0,0,0,0,0,3,8,0
raw,434,100,7,1,0,0,0,0,0,1,8,2
raw,49,8,1,0,0,0,0,0,0,0,2,2
raw,312,74,5,0,0,0,0,0,0,1,6,4
raw,777,168,9,0,1,0,0,0,0,0,24,2
raw,51,11,1,0,0,0,0,0,0,0,2,0
raw,307,67,5,0,0,0,0,0,0,0,11,0
raw,445,96,6,0,0,0,0,0,0,0,9,1
raw,930,215,5,0,0,0,0,0,0,1,26,0
raw,7,3,1,1,0,0,0,0,0,0,1,0
raw,215,46,2,1,0,0,0,0,2,1,10,1
raw,106,25,2,1,0,0,0,0,1,1,5,1
raw,606,143,6,0,1,0,0,0,0,9,17,2
raw,348,78,6,0,0,0,0,0,0,1,8,2
raw,632,145,7,0,0,0,0,0,1,0,14,18
raw,202,46,2,0,1,0,0,0,0,0,5,2
raw,713,149,9,0,0,0,0,0,0,1,14,8
raw,234,52,3,0,0,0,0,0,0,0,9,3
raw,691,165,7,0,0,0,0,0,1,3,28,0
raw,83,11,1,0,0,0,0,0,0,0,1,2
raw,66,14,1,0,0,0,0,0,0,1,5,0
raw,240,53,6,0,0,0,0,0,0,0,7,0
raw,630,150,10,0,1,0,0,0,0,5,34,1
raw,623,141,5,4,1,0,0,0,1,6,10,2
raw,91,24,3,0,0,0,0,0,0,4,1,0
raw,44,8,1,0,1,0,0,0,0,0,1,0
raw,332,74,6,0,2,0,0,0,0,1,12,1
raw,621,143,3,10,0,0,0,0,4,2,10,6
raw,601,132,6,0,0,0,0,0,0,0,23,2
raw,886,196,14,5,0,0,0,0,0,0,14,7
raw,179,39,4,0,1,0,0,0,0,0,10,0
raw,45,8,1,0,0,0,0,0,0,0,0,0
raw,44,11,1,0,1,0,0,0,1,0,3,0
raw,40,8,1,0,0,0,0,0,0,0,2,0
raw,905,184,10,0,0,0,0,0,0,0,26,3
raw,39,9,2,0,0,0,0,0,0,0,1,0
raw,355,78,5,1,0,0,0,0,0,0,15,2
raw,74,16,2,0,0,0,0,0,0,0,3,0
raw,205,38,1,1,0,0,0,0,1,0,7,3
raw,56,10,2,0,0,0,0,0,0,0,0,0
raw,603,148,7,1,0,0,0,0,1,2,25,4
raw,149,33,1,5,0,0,0,0,2,0,7,1
raw,375,82,5,1,1,0,0,0,0,2,13,8
raw,450,97,9,0,0,0,0,0,0,4,13,2
raw,1149,319,22,1,3,0,0,0,1,7,25,1
raw,472,99,10,0,0,0,0,0,0,2,11,4
raw,654,115,7,0,0,0,0,0,0,0,19,7
raw,83,16,1,0,0,0,0,0,0,0,1,2
raw,111,22,1,1,0,0,0,0,0,0,3,1
raw,203,46,1,2,0,0,0,0,0,0,8,0
raw,540,131,3,0,1,0,0,0,0,2,14,2
raw,148,30,4,0,0,0,0,0,0,0,5,3
raw,276,69,6,0,0,0,0,0,0,0,5,2
raw,495,105,5,3,1,0,0,0,3,1,15,1
raw,28,7,1,0,0,0,0,0,0,0,1,0
raw,453,103,9,0,0,0,0,0,0,1,11,5
raw,344,79,2,0,0,0,0,0,0,3,11,0
raw,118,25,1,0,0,0,0,0,0,1,4,1
raw,847,188,9,0,0,0,0,0,0,0,22,4
raw,47,9,1,0,0,0,0,0,0,0,7,0
raw,67,16,1,0,0,0,0,0,0,2,6,0
raw,1100,240,8,0,1,0,0,0,1,3,31,4
raw,181,36,2,1,0,0,0,0,0,0,4,1
raw,324,73,3,1,0,0,0,0,0,3,11,0
raw,522,114,11,0,0,0,0,0,0,1,14,0
raw,472,83,3,0,0,0,0,0,0,0,19,5
raw,791,184,12,0,0,0,0,0,1,12,43,2
raw,273,68,5,1,0,0,0,0,0,1,13,1
raw,437,97,4,4,0,0,0,0,0,2,8,2
raw,109,22,2,0,0,0,0,0,0,1,7,0
raw,289,85,2,1,0,0,0,0,3,2,14,1
raw,179,39,1,0,0,0,0,0,0,0,8,1
raw,868,193,9,0,0,0,0,0,0,0,19,8
raw,193,43,4,0,0,0,0,0,1,0,4,1
raw,233,50,4,0,0,0,0,0,0,0,6,0
raw,296,63,3,1,0,0,0,0,0,1,14,0
raw,208,46,5,0,0,0,0,0,0,1,6,2
raw,234,52,4,1,1,0,0,0,1,0,10,0
raw,118,27,3,0,0,0,0,0,0,0,9,1
raw,132,26,4,0,0,0,0,0,0,0,6,2
raw,448,101,7,0,1,0,0,0,0,0,17,1
raw,794,187,14,2,0,0,0,0,0,0,15,4
raw,52,14,3,0,0,0,0,0,0,0,2,1
raw,689,161,7,3,1,0,0,0,0,1,25,2
raw,197,39,4,0,0,0,0,0,0,0,8,2
raw,122,25,4,0,0,0,0,0,0,0,2,2
raw,143,36,3,0,0,0,0,0,0,0,4,1
raw,370,76,6,0,0,0,0,0,0,0,14,0
raw,350,74,10,0,0,0,0,0,0,2,12,2
raw,454,101,9,0,0,0,0,0,0,1,8,6
raw,151,34,2,0,0,0,0,0,0,1,1,2
raw,556,133,5,4,0,0,0,0,0,1,7,5
raw,463,95,2,1,0,0,0,0,0,3,13,3
raw,459,103,7,0,0,0,0,0,0,1,9,3
raw,185,47,5,0,0,0,0,0,0,1,6,1
raw,301,64,7,0,0,0,0,0,0,0,6,0
raw,43,10,2,0,0,0,0,0,0,0,1,0
raw,530,119,8,1,0,0,0,0,0,0,11,1
raw,213,43,1,0,0,0,0,0,0,1,3,1
raw,521,112,3,0,0,0,0,0,0,1,18,1
raw,128,27,1,0,0,0,0,0,0,0,0,1
raw,701,156,6,2,2,0,0,0,3,2,22,2
raw,522,112,10,0,0,0,0,0,0,1,18,1
raw,305,67,5,0,0,0,0,0,0,0,10,1
raw,145,28,1,0,0,0,0,0,0,2,5,1
raw,806,187,4,0,3,0,0,0,4,1,34,1
raw,1202,255,19,0,0,0,0,0,0,1,28,4
raw,703,152,7,2,0,0,0,0,0,1,25,3
raw,575,135,9,0,0,0,0,0,0,1,13,2
raw,587,133,8,0,1,0,0,0,0,0,17,2
raw,832,192,10,2,2,0,0,0,1,1,19,7
raw,106,21,2,0,0,0,0,0,0,0,3,1
raw,552,126,6,1,0,0,0,0,0,0,12,0
raw,158,32,1,0,0,0,0,0,0,1,6,0
raw,449,100,2,1,0,0,0,0,1,1,20,4
raw,265,66,6,0,0,0,0,0,0,1,9,2
raw,121,27,1,0,0,0,0,0,0,0,2,0
raw,126,34,3,0,0,0,0,0,0,0,1,0
raw,450,101,8,0,0,0,0,0,0,1,15,5
raw,183,42,4,0,0,0,0,0,0,0,3,3
raw,83,17,1,0,0,0,0,0,0,0,1,1
raw,236,56,4,0,0,0,0,0,0,0,1,0
raw,158,34,2,0,0,0,0,0,0,0,8,0
raw,64,14,2,0,0,0,0,0,0,0,2,0
raw,345,84,6,2,0,0,0,0,0,1,10,3
raw,143,31,2,1,0,0,0,0,0,0,3,0
raw,679,152,7,0,3,0,0,0,0,2,16,5
raw,60,8,1,0,0,0,0,0,0,0,1,2
raw,86,20,2,0,0,0,0,0,1,0,3,0
raw,125,35,1,0,0,0,0,0,1,2,5,0
raw,615,150,2,5,0,0,0,0,1,4,18,1
raw,569,133,7,0,2,0,0,0,0,1,18,6
raw,104,24,3,0,0,0,0,0,0,1,1,1
raw,1097,235,13,0,0,0,0,0,0,0,18,3
raw,734,161,5,0,0,0,0,0,0,3,18,3
raw,664,149,7,2,1,0,0,0,0,4,25,1
raw,115,24,2,0,0,0,0,0,0,2,4,0
raw,105,25,2,0,1,0,0,0,0,0,2,1
raw,476,102,9,0,0,0,0,0,0,0,13,1
raw,222,40,3,0,1,0,0,0,0,0,8,1
raw,249,54,4,0,0,0,0,0,0,0,8,1
raw,237,46,5,0,0,0,0,0,0,0,5,3
raw,498,110,4,0,0,0,0,0,0,3,20,1
raw,609,134,9,1,0,0,0,0,0,1,12,5
raw,328,65,1,1,0,0,0,0,1,0,8,1
raw,797,188,13,0,0,0,0,0,1,1,19,6
raw,1435,333,15,0,1,0,0,0,1,4,34,10
raw,138,26,2,0,0,0,0,0,1,0,4,1
raw,127,33,6,0,0,0,0,0,0,1,2,1
raw,478,114,7,0,0,0,0,0,1,1,8,0
raw,773,166,9,0,0,0,0,0,0,2,24,13
raw,31,6,1,0,0,0,0,0,0,0,2,1
raw,74,12,3,0,0,0,0,0,0,0,3,2
raw,136,32,2,0,0,0,0,0,0,1,4,2
raw,214,47,5,0,0,0,0,0,0,2,7,0
raw,102,26,2,0,0,0,0,0,0,0,5,0
raw,154,36,3,1,0,0,0,0,0,0,3,0
raw,314,70,4,0,0,0,0,0,0,0,12,1
raw,238,61,3,0,0,0,0,0,0,1,10,0
raw,1411,318,14,0,0,0,0,0,0,0,35,5
raw,347,72,5,0,0,0,0,0,0,4,19,1
raw,395,90,7,0,0,0,0,0,0,2,17,2
raw,389,88,4,0,0,0,0,0,1,2,11,1
raw,66,13,1,0,0,0,0,0,0,1,2,1
raw,167,37,4,0,0,0,0,0,0,0,29,0
raw,98,19,1,0,0,0,0,0,0,0,4,2
raw,516,124,2,0,2,0,0,0,0,8,11,3
raw,626,143,6,1,2,0,0,0,2,5,29,1
raw,236,46,1,0,0,0,0,0,0,0,5,2
raw,265,63,5,2,0,0,0,0,0,0,4,1
raw,505,113,5,2,1,0,0,0,3,2,16,2
raw,110,22,3,0,2,0,0,0,0,0,2,0
raw,63,11,3,0,0,0,0,0,1,0,2,1
raw,102,18,2,0,0,0,0,0,0,0,2,0
raw,545,125,4,0,1,0,0,0,0,3,9,2
raw,677,179,10,2,2,0,0,0,4,3,17,4
raw,375,71,3,0,0,0,0,0,0,0,5,2
raw,177,38,3,1,0,0,0,0,0,0,3,0
raw,501,108,7,0,0,0,0,0,0,1,10,8
raw,205,54,4,0,0,0,0,0,0,1,4,1
raw,478,117,4,3,0,0,0,0,1,2,21,0
raw,113,27,1,1,0,0,0,0,0,1,2,1
raw,479,110,8,0,0,0,0,0,0,3,13,5
raw,468,99,6,0,1,0,0,0,0,4,18,3
raw,636,149,5,1,0,0,0,0,0,1,14,0
raw,782,175,14,0,1,0,0,0,1,2,17,2
raw,355,88,12,0,0,0,0,0,0,0,5,3
raw,68,17,1,0,0,0,0,0,0,0,6,1
raw,591,129,9,0,1,0,0,0,0,2,20,1
raw,304,64,6,0,0,0,0,0,0,0,8,0
raw,439,111,7,0,1,0,0,0,1,3,13,2
raw,303,70,6,0,0,0,0,0,0,0,4,0
raw,194,41,3,0,0,0,0,0,0,2,10,1
raw,717,157,11,2,0,0,0,0,1,3,31,1
raw,173,37,1,2,0,0,0,0,0,0,7,3
raw,331,83,7,0,0,0,0,0,0,6,14,0
raw,160,36,5,1,0,0,0,0,0,2,5,0
raw,414,104,7,0,0,0,0,0,0,1,16,2
raw,406,91,4,0,0,0,0,0,0,1,22,1
raw,154,37,2,0,0,0,0,0,0,0,4,2
raw,52,12,1,0,0,0,0,0,1,0,2,1
raw,75,16,1,2,0,0,0,0,0,0,0,0
raw,959,210,4,0,0,0,0,0,0,1,22,3
raw,577,127,8,0,0,0,0,0,1,0,20,6
raw,506,111,8,0,0,0,0,0,0,1,18,2
raw,323,72,4,0,0,0,0,0,0,4,9,1
raw,89,21,2,0,0,0,0,0,0,0,4,1
raw,420,97,8,0,0,0,0,0,0,0,14,5
raw,26,5,1,0,0,0,0,0,0,0,1,0
raw,478,107,9,0,1,0,0,0,1,0,10,4
raw,85,22,1,0,0,0,0,0,0,1,1,0
raw,207,49,6,0,0,0,0,0,1,2,12,0
raw,1185,274,6,0,6,0,0,0,0,8,29,3
raw,100,26,5,0,1,0,0,0,0,1,4,0
raw,136,34,3,0,0,0,0,0,0,0,5,0
raw,4,1,1,0,0,0,0,0,0,0,1,0
raw,540,123,6,0,0,0,0,0,0,1,13,3
raw,583,144,13,0,0,0,0,0,0,3,15,2
raw,555,138,10,0,0,0,0,0,0,2,13,2
raw,425,93,4,0,0,0,0,0,0,1,14,7
raw,255,53,5,0,0,0,0,0,0,0,9,3
raw,108,25,1,0,0,0,0,0,0,0,2,0
raw,736,154,11,0,0,0,0,0,0,0,16,6
raw,476,91,1,0,2,0,0,0,4,2,18,2
raw,291,67,4,1,0,0,0,0,0,1,12,1
raw,403,89,3,0,0,0,0,0,0,2,17,1
raw,117,33,2,0,0,0,0,0,0,0,1,0
raw,405,81,6,0,1,0,0,0,1,1,14,4
raw,248,47,5,0,1,0,0,0,0,0,10,2
raw,214,46,1,0,0,0,0,0,0,0,3,3
raw,157,32,1,0,0,0,0,0,0,0,4,1
raw,87,17,1,1,0,0,0,0,0,0,1,5
raw,901,214,11,6,1,0,0,0,1,5,32,8
raw,80,24,2,0,0,0,0,0,0,2,2,0
raw,268,54,10,0,0,0,0,0,0,1,9,3
raw,405,86,2,0,0,0,0,0,1,0,7,3
raw,284,70,3,0,0,0,0,0,0,0,4,0
raw,678,124,3,0,0,0,0,0,0,2,74,0
raw,127,29,2,0,0,0,0,0,0,0,3,1
raw,185,36,3,0,0,0,0,0,0,0,33,0
raw,831,178,11,0,0,0,0,0,0,0,24,1
raw,49,13,1,0,0,0,0,0,0,0,1,0
raw,124,34,2,0,0,0,0,0,1,0,3,1
raw,205,46,3,0,0,0,0,0,0,0,4,3
raw,63,14,1,0,0,0,0,0,0,0,4,0
raw,393,102,2,0,0,0,0,0,2,1,12,2
raw,72,18,1,0,0,0,0,0,0,0,2,0
raw,54,11,1,0,0,0,0,0,0,0,1,3
raw,515,108,8,0,1,0,0,0,1,0,12,2
raw,246,54,3,0,0,0,0,0,2,0,5,2
raw,465,105,6,2,1,0,0,0,1,4,7,0
raw,1025,232,5,1,2,0,0,0,0,2,16,9
raw,599,127,9,0,0,0,0,0,0,3,24,0
raw,452,102,4,0,2,0,0,0,0,2,17,0
raw,31,8,1,0,0,0,0,0,0,0,2,1
raw,179,41,1,0,0,0,0,0,0,3,11,0
raw,469,107,6,1,0,0,0,0,1,2,18,0
raw,68,12,1,0,1,0,0,0,0,0,2,1
raw,162,31,3,0,0,0,0,0,0,1,8,2
raw,230,54,3,0,0,0,0,0,1,0,8,2
raw,100,27,3,1,0,0,0,0,1,1,3,1
raw,143,27,1,0,0,0,0,0,1,0,4,3
raw,109,25,1,0,0,0,0,0,0,1,5,0
raw,322,70,6,0,0,0,0,0,1,1,13,1
raw,118,32,2,0,0,0,0,0,0,0,5,0
raw,586,136,10,2,0,0,0,0,0,3,19,3
raw,231,57,5,0,0,0,0,0,0,1,5,1
raw,123,28,2,1,0,0,0,0,0,0,3,0
raw,106,21,3,0,0,0,0,0,0,0,4,1
raw,107,29,1,0,0,0,0,0,1,0,1,1
raw,620,138,10,0,0,0,0,0,2,0,13,7
raw,618,147,7,0,0,0,0,0,0,1,16,0
raw,447,95,7,0,0,0,0,0,0,0,9,1
raw,1449,356,24,0,2,0,0,0,1,9,39,0
raw,9,2,1,0,0,0,0,0,0,0,1,0
raw,41,11,1,0,0,0,0,0,0,0,1,0
raw,147,36,1,0,2,0,0,0,0,0,7,1
raw,294,69,6,0,0,0,0,0,0,0,9,1
raw,577,120,6,0,0,0,0,0,0,1,82,0
raw,269,60,5,0,0,0,0,0,0,0,4,1
raw,75,17,3,0,0,0,0,0,0,0,3,2
raw,119,22,2,0,0,0,0,0,0,0,2,0
raw,499,117,4,0,0,0,0,0,0,2,15,2
raw,379,77,3,1,0,0,0,0,0,0,12,5
raw,35,6,1,0,0,0,0,0,0,0,2,1
raw,500,116,7,0,0,0,0,0,0,0,11,4
raw,420,94,4,0,0,0,0,0,1,5,9,0
raw,576,125,8,1,0,0,0,0,0,1,11,2
raw,654,136,4,1,3,0,0,0,6,0,17,3
raw,124,30,3,0,0,0,0,0,0,0,6,0
raw,285,62,1,0,0,0,0,0,0,1,8,3
raw,262,66,3,0,0,0,0,0,0,4,16,1
raw,56,12,1,0,0,0,0,0,0,0,1,1
raw,377,80,6,1,0,0,0,0,0,3,11,4
raw,506,113,1,3,0,0,0,0,3,0,15,1
raw,192,50,3,0,1,0,0,0,0,1,14,2
raw,303,75,6,0,0,0,0,0,0,1,11,0
raw,67,13,1,0,0,0,0,0,0,0,6,0
raw,90,19,1,0,0,0,0,0,0,0,4,1
raw,1347,330,12,7,0,0,0,0,6,2,37,4
raw,1188,273,8,0,0,0,0,0,0,0,31,6
raw,143,32,1,3,0,0,0,0,0,0,1,1
raw,630,145,8,0,0,0,0,0,0,0,17,3
raw,362,81,12,0,0,0,0,0,0,2,14,6
raw,115,27,1,0,0,0,0,0,2,0,3,1
raw,292,65,5,0,0,0,0,0,0,0,6,0
raw,127,25,1,0,0,0,0,0,0,0,3,2
raw,388,93,7,1,0,0,0,0,3,0,11,0
raw,107,24,3,0,1,0,0,0,1,0,2,0
raw,514,118,5,1,1,0,0,0,0,0,8,3
raw,69,19,1,0,0,0,0,0,0,0,1,0
raw,113,24,1,0,0,0,0,0,0,0,2,1
raw,58,15,2,0,0,0,0,0,0,0,2,0
raw,157,33,5,0,0,0,0,0,0,0,6,1
raw,152,30,1,0,0,0,0,0,0,0,6,1
raw,101,21,1,1,0,0,0,0,0,1,4,1
raw,581,120,3,0,3,0,0,0,4,2,27,0
raw,8,2,1,0,0,0,0,0,0,0,1,0
raw,131,27,2,0,0,0,0,0,0,1,4,0
raw,550,124,7,0,2,0,0,0,1,0,19,2
raw,510,112,3,5,1,0,0,0,1,0,8,4
raw,510,110,7,0,0,0,0,0,0,0,15,3
raw,226,47,2,0,0,0,0,0,0,0,10,0
raw,151,32,5,0,0,0,0,0,0,0,3,2
raw,91,20,2,1,0,0,0,0,0,0,5,1
raw,410,84,4,1,3,0,0,0,0,2,10,1
raw,799,180,7,0,2,0,0,0,0,2,30,4
raw,522,122,4,0,0,0,0,0,0,4,18,1
raw,71,21,2,0,0,0,0,0,0,0,5,0
raw,493,105,7,0,1,0,0,0,0,0,11,4
raw,930,205,8,0,0,0,0,0,0,0,22,10
raw,596,139,4,4,0,0,0,0,3,7,35,0
raw,180,38,1,1,0,0,0,0,0,0,6,2
raw,189,38,1,0,1,0,0,0,0,1,6,1
raw,30,7,1,0,0,0,0,0,0,0,1,1
raw,489,111,5,6,2,0,0,0,0,6,18,2
raw,81,35,4,0,0,0,0,0,0,0,4,0
raw,676,171,12,2,0,0,0,0,1,6,19,2
raw,301,65,1,2,0,0,0,0,2,0,10,0
raw,105,24,1,0,0,0,0,0,0,0,2,1
raw,110,27,2,0,0,0,0,0,0,0,5,2
raw,558,128,4,2,0,0,0,0,0,2,24,3
raw,242,53,2,2,0,0,0,0,1,1,5,1
raw,541,112,4,0,0,0,0,0,0,0,75,0
raw,284,67,3,0,0,0,0,0,0,0,9,1
raw,221,52,4,1,0,0,0,0,0,0,5,2
raw,495,104,8,0,0,0,0,0,0,0,11,0
raw,114,28,3,0,0,0,0,0,1,0,23,0
raw,431,96,2,5,0,0,0,0,3,2,9,1
raw,190,31,1,0,0,0,0,0,0,0,5,3
raw,145,35,3,0,1,0,0,0,0,2,6,0
raw,545,130,6,0,0,0,0,0,0,0,15,1
raw,330,74,4,0,0,0,0,0,0,0,11,0
raw,149,41,4,0,0,0,0,0,0,3,13,0
raw,72,23,1,0,2,0,0,0,1,1,3,0
raw,19,5,1,0,0,0,0,0,0,0,1,0
raw,113,26,2,0,1,0,0,0,0,1,7,0
raw,441,103,4,0,2,0,0,0,1,3,26,0
raw,1637,362,16,0,0,0,0,0,0,1,67,5
raw,383,76,8,0,1,0,0,0,0,1,8,3
raw,417,82,5,0,0,0,0,0,0,0,6,2
raw,179,33,2,0,0,0,0,0,0,0,6,2
raw,349,77,4,1,0,0,0,0,0,2,11,4
raw,34,7,1,0,0,0,0,0,0,0,2,0
raw,521,115,11,0,0,0,0,0,0,1,18,2
raw,120,32,4,0,0,0,0,0,0,0,2,0
raw,776,168,13,2,1,0,0,0,1,0,27,4
raw,87,21,1,1,0,0,0,0,0,1,3,0
raw,166,40,5,0,0,0,0,0,0,0,4,1
raw,152,33,2,0,0,0,0,0,0,3,7,0
raw,454,101,5,0,0,0,0,0,0,1,14,5
raw,791,159,3,5,0,0,0,0,3,0,23,2
raw,430,99,3,2,0,0,0,0,0,2,7,1
raw,387,83,8,3,1,0,0,0,0,7,15,1
raw,190,36,3,0,0,0,0,0,0,0,7,2
raw,972,232,19,5,0,0,0,1,3,0,29,0
raw,115,24,1,0,0,0,0,0,0,0,2,0
raw,270,58,1,0,1,0,0,0,2,1,8,2
raw,213,51,3,0,0,0,0,0,0,0,10,0
raw,259,48,4,0,0,0,0,0,0,0,9,3
raw,69,11,2,0,0,0,0,0,1,0,2,1
raw,727,156,8,1,0,0,0,0,0,0,33,3
raw,840,205,9,0,2,0,0,0,2,7,32,4
raw,447,105,7,0,0,0,0,0,2,0,13,2
raw,808,172,1,7,1,0,0,0,2,5,40,3
raw,201,38,2,0,0,0,0,0,0,1,4,0
raw,71,14,1,0,0,0,0,0,0,0,2,2
raw,320,78,7,0,0,0,0,0,0,2,15,1
raw,310,63,4,2,0,0,0,0,1,1,9,2
raw,396,88,5,2,0,0,0,0,0,0,14,3
raw,694,147,11,0,0,0,0,0,0,4,17,10
raw,807,193,7,6,1,0,0,0,2,1,24,0
raw,259,56,3,0,1,0,0,0,1,2,8,4
raw,177,41,4,0,0,0,0,0,0,1,4,3
raw,1214,260,10,0,0,0,0,0,0,3,29,5
raw,609,110,2,0,0,0,0,0,0,0,100,0
raw,23,5,1,0,0,0,0,0,0,0,2,0
raw,420,98,6,0,0,0,0,0,2,0,16,2
raw,392,90,7,0,0,0,0,0,0,0,15,4
raw,38,8,1,0,0,0,0,0,1,1,1,0
raw,114,30,1,0,0,0,0,0,0,0,4,0
raw,1337,334,16,0,3,0,0,0,1,0,35,8
raw,662,133,6,0,0,0,0,0,1,0,15,2
raw,280,59,5,0,0,0,0,0,0,2,9,0
raw,83,20,2,0,0,0,0,0,0,0,5,0
raw,388,89,4,0,0,0,0,0,0,0,7,2
raw,289,58,7,0,0,0,0,0,0,0,8,1
raw,88,20,2,0,0,0,0,0,0,0,2,2
raw,175,39,3,0,0,0,0,0,0,0,5,6
raw,213,45,4,1,0,0,0,0,0,0,4,3
raw,1353,298,18,0,5,0,0,0,0,6,66,1
raw,164,38,5,0,0,0,0,0,0,0,5,1
raw,798,170,8,1,0,0,0,0,0,0,23,1
raw,442,101,8,0,0,0,0,0,0,0,6,2
raw,174,42,1,0,0,0,0,0,0,1,3,0
raw,565,130,6,0,0,0,0,0,0,2,21,0
raw,576,124,5,2,0,0,0,0,2,1,18,3
raw,57,13,1,0,0,0,0,0,0,0,0,1
raw,121,24,2,1,0,0,0,0,0,0,5,1
raw,91,20,2,0,0,0,0,0,0,0,2,0
raw,498,102,7,0,0,0,0,0,0,0,10,4
raw,575,133,7,0,1,0,0,0,1,3,10,3
raw,667,148,13,1,0,0,0,0,0,1,20,1
raw,223,48,3,0,1,0,0,0,0,0,12,1
raw,352,82,8,2,0,0,0,0,0,1,7,1
raw,673,149,20,2,0,0,0,0,0,3,23,5
raw,1389,317,14,8,1,0,0,0,0,8,45,3
raw,1045,232,11,10,0,0,0,0,0,3,20,3
raw,714,151,6,0,1,0,0,0,0,0,22,3
raw,932,219,13,2,0,0,0,0,1,5,19,8
raw,194,45,7,0,0,0,0,0,0,0,6,1
raw,278,64,6,0,0,0,0,0,0,0,7,4
raw,698,157,6,2,1,0,0,0,0,3,19,3
raw,539,107,5,2,0,0,0,0,1,0,9,6
raw,724,166,11,0,1,0,0,0,0,8,13,6
raw,539,109,4,3,0,0,0,0,0,1,21,2
raw,155,36,3,0,0,0,0,0,0,2,5,1
raw,791,169,4,3,4,0,0,0,3,5,30,4
raw,209,51,2,1,0,0,0,0,1,1,8,1
raw,411,103,1,0,0,0,0,0,1,4,5,4
raw,244,60,3,0,0,0,0,0,0,1,5,1
raw,13,4,1,0,0,0,0,0,0,0,1,0
raw,150,34,2,3,0,0,0,0,0,1,4,2
raw,1403,353,7,2,2,0,0,0,0,10,51,1
raw,114,30,1,0,0,0,0,0,0,2,1,0
raw,159,33,1,0,0,0,0,0,0,0,4,0
raw,198,43,3,0,0,0,0,0,0,0,6,1
raw,274,57,5,0,0,0,0,0,0,1,12,3
raw,367,79,1,0,0,0,0,0,1,0,10,3
raw,468,106,7,0,0,0,0,0,0,1,16,3
raw,468,124,10,0,4,0,0,0,1,4,14,2
raw,145,31,1,0,0,0,0,0,0,1,5,1
raw,585,137,7,1,0,0,0,0,0,0,26,2
raw,234,55,3,1,0,0,0,0,0,0,10,2
raw,188,46,2,0,1,0,0,0,0,0,10,0
raw,447,111,4,0,0,0,0,0,0,1,7,2
raw,224,51,1,0,0,0,0,0,0,0,13,0
raw,29,5,1,0,0,0,0,0,1,0,3,0
raw,240,44,1,0,0,0,0,0,1,0,18,0
raw,339,86,5,2,0,0,0,0,0,3,14,1
raw,416,90,6,0,0,0,0,0,0,0,15,1
raw,257,55,1,0,0,0,0,0,0,0,6,2
raw,564,128,7,0,0,0,0,0,0,0,16,1
raw,227,49,1,0,0,0,0,0,0,0,7,0
raw,48,12,2,0,0,0,0,0,0,0,0,0
raw,460,96,5,2,0,0,0,0,0,2,14,11
raw,552,134,13,0,0,0,0,0,1,3,16,5
raw,337,69,2,0,0,0,0,0,0,1,14,1
raw,1261,294,15,0,0,0,0,0,1,12,46,2
raw,97,25,2,0,0,0,0,0,0,0,4,0
raw,82,22,2,0,0,0,0,0,1,0,3,0
raw,943,234,13,0,0,0,0,0,4,8,42,0
raw,122,27,3,0,0,0,0,0,0,0,2,3
raw,200,48,4,0,0,0,0,0,1,1,6,3
raw,222,55,7,0,0,0,0,0,0,0,9,2
raw,38,6,1,1,0,0,0,0,0,0,2,1
raw,881,190,8,2,0,0,0,0,0,4,18,2
raw,516,122,10,3,0,0,0,0,0,0,15,3
raw,270,59,3,0,0,0,0,0,0,1,5,2
raw,503,117,11,0,0,0,0,0,0,1,20,1
raw,444,93,8,0,0,0,0,0,0,0,11,3
raw,210,49,2,0,0,0,0,0,0,1,7,0
raw,680,159,9,0,0,0,0,0,1,1,15,1
raw,135,29,1,4,0,0,0,0,0,1,6,0
raw,618,133,3,4,2,0,0,0,1,2,17,3
raw,657,143,9,2,2,0,0,0,3,3,20,2
raw,179,44,3,1,0,0,0,0,1,0,6,0
raw,154,36,3,0,0,0,0,0,0,0,5,1
raw,209,42,1,0,0,0,0,0,0,1,8,0
raw,71,18,3,0,0,0,0,0,0,0,2,1
raw,282,73,3,0,1,0,0,0,0,1,16,0
raw,516,120,5,0,0,0,0,0,0,0,16,0
raw,212,43,4,1,1,0,0,0,1,0,10,0
raw,748,174,10,0,0,0,0,0,0,7,23,0
raw,272,60,3,1,0,0,0,0,1,1,6,3
raw,116,27,3,2,0,0,0,0,1,0,4,2
raw,438,80,1,0,0,0,0,0,0,1,12,5
raw,482,105,8,0,0,0,0,0,1,0,16,2
raw,113,24,3,0,0,0,0,0,0,0,3,0
raw,10,3,1,0,0,0,0,0,0,0,1,0
raw,115,28,3,0,0,0,0,0,0,0,4,0
raw,364,92,2,1,0,0,0,0,0,6,8,0
raw,111,25,3,0,0,0,0,0,0,0,2,2
raw,169,34,4,0,0,0,0,0,0,0,5,5
raw,616,122,8,0,0,0,0,0,2,0,22,2
raw,257,55,2,0,0,0,0,0,0,0,3,3
raw,485,115,7,0,0,0,0,0,0,0,8,3
raw,559,125,9,0,0,0,0,0,2,2,11,4
raw,564,128,7,0,0,0,0,0,0,2,10,4
raw,394,93,6,2,0,0,0,0,0,2,11,0
raw,412,100,5,1,0,0,0,0,1,2,6,1
raw,115,25,2,0,0,0,0,0,0,0,1,1
raw,273,65,3,0,1,0,0,0,2,2,12,2
raw,221,44,2,0,0,0,0,0,1,0,8,3
raw,583,128,7,0,0,0,0,0,0,6,24,1
raw,468,110,7,1,0,0,0,0,1,1,13,4
raw,580,139,2,0,1,0,0,0,0,3,11,4
raw,46,11,1,0,0,0,0,0,0,0,1,0
raw,84,19,2,0,0,0,0,0,0,0,4,1
raw,146,35,3,1,0,0,0,0,1,1,8,1
raw,510,111,10,1,0,0,0,0,2,0,9,2
raw,751,190,16,0,2,0,0,0,0,1,31,3
raw,224,51,2,0,1,0,0,0,2,0,6,1
raw,149,34,1,0,1,0,0,0,0,2,7,2
raw,1061,215,10,0,0,0,0,0,0,0,28,1
raw,73,19,1,0,0,0,0,0,0,2,3,0
raw,499,106,6,0,0,0,0,0,0,1,19,7
raw,933,200,7,0,0,0,0,0,1,0,17,10
raw,83,19,1,2,0,0,0,0,0,0,2,2
raw,745,163,6,1,0,0,0,0,0,1,22,2
raw,240,56,3,0,1,0,0,0,0,2,7,0
raw,204,43,3,1,0,0,0,0,0,0,7,2
raw,828,182,8,0,1,0,0,0,1,10,32,2
raw,410,75,2,0,3,0,0,0,0,0,62,0
raw,155,33,1,0,0,0,0,0,0,0,3,2
raw,323,75,5,0,0,0,0,0,0,1,10,6
raw,751,163,11,0,0,0,0,0,0,1,24,2
raw,218,60,5,0,0,0,0,0,0,5,4,0
raw,241,45,3,0,0,0,0,0,1,0,11,1
raw,290,60,4,0,1,0,0,0,0,0,5,5
raw,109,24,2,0,1,0,0,0,0,0,4,1
raw,218,48,6,0,0,0,0,0,0,0,6,3
raw,375,86,4,0,2,0,0,0,2,1,11,2
raw,241,56,1,0,0,0,0,0,0,0,6,0
raw,263,61,4,1,0,0,0,0,1,2,10,0
raw,160,36,2,0,0,0,0,0,0,0,9,0
raw,69,16,2,0,0,0,0,0,0,1,3,1
raw,214,51,4,0,0,0,0,0,0,4,5,1
raw,153,30,5,0,0,0,0,0,0,0,4,1
raw,76,16,2,0,0,0,0,0,0,0,2,0
raw,1486,354,19,5,0,0,0,0,0,9,47,6
raw,600,124,1,3,0,0,0,0,0,1,20,3
raw,322,74,4,0,0,0,0,0,0,1,8,2
raw,52,11,1,0,0,0,0,0,0,0,2,2
raw,177,43,1,0,0,0,0,0,0,0,8,0
raw,1398,321,12,4,0,0,0,0,0,0,20,6
raw,299,66,2,0,0,0,0,0,0,1,7,1
raw,150,37,3,3,0,0,0,0,0,2,4,0
raw,204,51,1,0,0,0,0,0,0,1,6,0
raw,47,10,2,0,1,0,0,0,0,0,0,2
raw,193,43,2,1,0,0,0,0,0,0,4,1
raw,38,6,2,0,0,0,0,0,0,0,1,0
raw,42,11,1,0,0,0,0,0,0,0,2,0
raw,308,76,5,0,0,0,0,0,0,2,9,3
raw,481,107,3,3,0,0,0,0,1,0,18,1
raw,266,58,5,0,0,0,0,0,2,2,10,0
raw,407,88,3,0,1,0,0,0,1,0,19,1
raw,923,236,11,0,0,0,0,0,0,1,30,3
raw,793,174,8,4,0,0,0,0,0,0,23,5
raw,104,27,2,0,0,0,0,0,1,1,4,1
raw,508,101,6,0,0,0,0,0,0,0,6,5
raw,710,169,6,0,0,0,0,0,1,3,14,1
raw,964,220,14,0,0,0,0,0,0,4,33,1
raw,55,13,1,0,0,0,0,0,0,0,1,0
raw,60,16,3,0,0,0,0,0,0,0,3,0
raw,558,132,8,2,0,0,0,0,0,0,19,3
raw,450,105,2,0,1,0,0,0,2,1,10,4
raw,510,120,7,0,0,0,0,0,0,4,14,0
raw,190,43,5,0,0,0,0,0,0,0,2,1
raw,100,22,1,0,0,0,0,0,0,0,6,0
raw,481,110,4,4,0,0,0,0,0,5,19,2
raw,91,20,2,0,1,0,0,0,0,0,1,0
raw,109,21,1,0,0,0,0,0,0,0,3,1
raw,265,64,2,0,0,0,0,0,0,2,6,2
raw,1532,340,9,0,6,0,0,0,3,1,46,0
raw,23,7,1,0,0,0,0,0,0,0,1,0
raw,198,41,4,0,0,0,0,0,0,0,8,1
raw,140,35,1,0,0,0,0,0,0,0,5,1
raw,561,149,5,0,0,0,0,0,0,1,17,6
raw,935,205,7,5,1,0,0,0,1,3,24,7
raw,161,46,1,0,1,0,0,0,0,4,6,0
raw,98,28,2,0,0,0,0,0,0,2,5,0
raw,889,191,14,0,1,0,0,0,0,0,18,1
raw,139,26,2,1,0,0,0,0,0,0,3,2
raw,413,94,3,0,0,0,0,0,0,1,10,0
raw,195,44,3,0,0,0,0,0,0,1,8,0
raw,114,25,1,2,0,0,0,0,0,1,3,0
raw,2,1,1,0,0,0,0,0,0,0,0,0
raw,223,50,4,0,0,0,0,0,0,1,9,0
raw,152,36,1,0,1,0,0,0,0,3,2,2
raw,338,76,4,0,0,0,0,0,0,2,15,5
raw,57,10,1,0,0,0,0,0,0,0,6,1
raw,486,104,6,0,0,0,0,0,0,0,12,3
raw,108,26,1,0,1,0,0,0,0,1,4,0
raw,466,100,7,0,0,0,0,0,0,0,12,2
raw,553,123,7,2,0,0,0,0,1,3,19,2
raw,123,27,3,1,0,0,0,0,0,0,4,0
raw,567,121,7,0,0,0,0,0,0,1,9,6
raw,714,152,6,0,2,0,0,0,2,1,19,3
raw,1251,285,13,3,3,0,0,0,2,4,51,6
raw,267,63,6,0,1,0,0,0,0,0,10,0
raw,91,20,3,1,0,0,0,0,0,0,3,1
raw,32,7,1,1,0,0,0,0,0,0,0,1
raw,207,43,2,0,0,0,0,0,0,0,3,2
raw,225,51,1,1,0,0,0,0,0,0,4,2
raw,218,50,4,0,0,0,0,0,1,1,13,0
raw,440,88,2,0,0,0,0,0,1,1,16,2
raw,221,51,6,0,0,0,0,0,0,0,8,2
raw,643,156,10,0,0,0,0,0,0,0,10,9
raw,356,77,7,0,0,0,0,0,0,0,10,1
raw,164,37,5,0,0,0,0,0,0,0,5,2
raw,553,115,9,0,0,0,0,0,0,1,19,2
raw,397,87,5,0,0,0,0,0,0,2,11,1
raw,522,126,13,0,0,0,0,0,1,0,14,7
raw,950,198,5,3,1,0,0,0,1,1,23,4
raw,304,72,5,0,0,0,0,0,0,0,6,0
raw,268,66,3,1,0,0,0,0,0,0,7,0
raw,363,82,7,1,0,0,0,0,1,3,15,4
raw,397,101,6,0,1,0,0,0,1,5,15,0
raw,173,38,6,1,0,0,0,0,0,1,6,0
raw,37,8,1,0,0,0,0,0,0,0,1,3
raw,184,43,2,0,0,0,0,0,0,0,3,0
raw,171,38,4,0,0,0,0,0,0,1,6,1
raw,501,117,10,2,0,0,0,0,0,1,16,3
raw,161,38,2,1,0,0,0,0,0,1,8,2
raw,99,19,1,2,0,0,0,0,0,0,5,3
raw,331,76,5,0,0,0,0,0,0,0,7,1
raw,132,26,1,0,0,0,0,0,0,1,4,1
raw,453,99,8,0,1,0,0,0,0,4,21,0
raw,27,6,1,0,0,0,0,0,0,0,1,0
raw,606,145,6,0,1,0,0,0,1,2,14,2
raw,31,7,1,0,0,0,0,0,0,0,2,0
raw,540,117,4,1,0,0,0,0,0,1,15,3
raw,452,93,5,1,0,0,0,0,0,0,9,3
raw,840,170,8,0,0,0,0,0,0,0,26,4
raw,480,112,5,1,0,0,0,0,0,1,15,2
raw,759,167,8,6,0,0,0,0,0,0,18,7
raw,352,84,7,7,0,0,0,0,0,0,10,0
raw,177,44,3,1,0,0,0,0,0,0,5,0
raw,371,80,7,0,0,0,0,0,0,0,15,1
raw,222,41,3,0,1,0,0,0,0,0,10,1
raw,125,35,4,0,0,0,0,0,0,1,4,0
raw,0,0,0,0,0,0,0,0,0,0,0,0
raw,680,148,12,0,0,0,0,0,0,2,13,11
raw,175,41,1,0,0,0,0,0,0,2,1,1
raw,460,90,9,0,0,0,0,0,0,0,10,3
raw,261,70,7,0,0,0,0,0,0,4,5,4
raw,129,30,2,0,0,0,0,0,0,0,2,0
raw,994,248,20,0,1,0,0,0,0,12,34,3
raw,333,68,5,0,0,0,0,0,0,0,6,1
raw,556,126,5,0,0,0,0,0,0,0,22,0
raw,494,96,1,0,0,0,0,0,0,0,12,2
raw,847,174,7,0,0,0,0,0,0,4,33,3
raw,21,4,1,0,0,0,0,0,0,0,2,0
raw,612,141,7,0,0,0,0,0,0,4,27,2
raw,328,79,6,0,0,0,0,0,1,2,20,0
raw,266,53,5,0,0,0,0,0,0,2,9,1
raw,776,173,2,28,0,0,0,0,1,0,20,6
raw,391,86,4,3,0,0,0,0,0,0,13,2
raw,346,91,3,0,0,0,0,0,0,2,14,0
raw,191,46,3,0,1,0,0,0,0,3,8,1
raw,299,66,4,1,0,0,0,0,0,0,13,1
raw,100,22,4,0,0,0,0,0,0,0,19,0
raw,1190,266,14,4,0,0,0,0,3,5,35,3
raw,418,92,5,0,0,0,0,0,0,0,12,1
raw,230,50,4,0,0,0,0,0,2,0,6,0
raw,66,16,1,1,0,0,0,0,0,0,8,1
raw,480,104,4,0,0,0,0,0,1,1,11,6
raw,330,66,3,0,0,0,0,0,0,0,10,1
raw,297,69,4,1,0,0,0,0,0,2,12,2
raw,229,52,3,1,0,0,0,0,0,1,8,1
raw,264,60,2,0,0,0,0,0,0,0,10,1
raw,72,16,2,0,0,0,0,0,0,1,5,1
raw,780,180,5,0,6,0,0,0,0,3,36,2
